Date,Open,High,Low,Close,Adj Close,Volume,3MA,5MA
2001-01-15,3860,4020,3840,3920,2966.283447,51460000,,
2001-01-16,3960,4200,3850,4140,3132.759277,52065000,,
2001-01-17,4060,4240,4060,4220,3193.294922,52570000,3097.445882,
2001-01-18,4240,4530,4240,4400,3329.501465,57685000,3218.518555,
2001-01-19,4700,4700,4520,4600,3480.842773,54245000,3334.546387,3220.536377
2001-01-22,4600,4600,4470,4550,3443.008057,42250000,3417.784098,3315.881299
2001-01-23,4550,4550,4550,4550,3443.008057,0,3455.619629,3377.931055
2001-01-24,4550,4550,4550,4550,3443.008057,0,3443.008057,3427.873682
2001-01-25,4550,4550,4550,4550,3443.008057,0,3443.008057,3450.575
2001-01-26,4450,4480,3970,3980,3011.686035,91025000,3299.23405,3356.743653
2001-01-29,4000,4100,3960,4020,3041.95459,47245000,3165.549561,3276.532959
2001-01-30,4100,4170,4070,4110,3110.057373,39350000,3054.565999,3209.942822
2001-01-31,4090,4400,4090,4400,3329.501465,53045000,3160.504476,3187.241504
2001-02-01,4270,4420,4190,4270,3231.130615,39730000,3223.563151,3144.866016
2001-02-02,4290,4390,4220,4290,3246.26416,27330000,3268.965413,3191.781641
2001-02-05,4170,4200,3990,4030,3049.521973,47135000,3175.638916,3193.295117
2001-02-06,3980,4020,3910,4010,3034.386963,31545000,3110.057699,3178.161035
2001-02-07,3960,3990,3900,3900,2951.149414,23130000,3011.686117,3102.490625
2001-02-08,3920,4060,3890,4060,3072.222656,34685000,3019.253011,3070.709033
2001-02-09,4040,4100,3980,4070,3079.789063,25230000,3034.387044,3037.414014
2001-02-12,3840,4050,3840,3970,3004.118896,36110000,3052.043538,3028.333398
2001-02-13,4040,4100,3970,3980,3011.686035,22295000,3031.864665,3023.793213
2001-02-14,3920,4040,3900,3980,3011.686035,19710000,3009.163655,3035.900537
2001-02-15,4200,4210,4100,4130,3125.190918,34930000,3049.520996,3046.494189
2001-02-16,4150,4310,4130,4250,3215.99585,46375000,3117.624268,3073.735547
2001-02-19,4180,4210,4100,4190,3170.593994,22880000,3170.593587,3107.030566
2001-02-20,4190,4280,4180,4240,3208.428467,18175000,3198.339437,3146.379053
2001-02-21,4160,4200,4140,4160,3147.892578,19500000,3175.638346,3173.620361
2001-02-22,4080,4100,3940,4010,3034.386963,43605000,3130.236003,3155.45957
2001-02-23,3920,3970,3830,3840,2905.747314,76855000,3029.342285,3093.409863
2001-02-26,3850,3860,3780,3840,2905.747314,35665000,2948.627197,3040.440527
2001-02-27,3840,3940,3790,3790,2867.911865,38695000,2893.135498,2972.337207
2001-02-28,3700,3780,3700,3740,2830.076416,28715000,2867.911865,2908.773974
2001-03-01,3740,3740,3740,3740,2830.076416,0,2842.688232,2867.911865
2001-03-02,3700,3700,3580,3610,2731.704834,44500000,2797.285889,2833.103369
2001-03-05,3530,3720,3530,3720,2814.942383,24620000,2792.241211,2814.942383
2001-03-06,3820,3850,3760,3800,2875.478516,25500000,2807.375244,2816.455713
2001-03-07,3960,4010,3900,4000,3026.81958,52640000,2905.746826,2855.804346
2001-03-08,3950,4010,3910,4010,3034.386963,31360000,2978.89502,2896.666455
2001-03-09,3940,3940,3820,3840,2905.747314,30800000,2988.984619,2931.474951
2001-03-12,3700,3760,3650,3670,2777.106934,38610000,2905.74707,2923.907861
2001-03-13,3570,3650,3540,3640,2754.406006,33815000,2812.420085,2899.693359
2001-03-14,3640,3640,3640,3640,2754.406006,0,2761.972982,2845.210645
2001-03-15,3790,3930,3760,3920,2966.283447,29370000,2825.03182,2831.589941
2001-03-16,3880,3920,3830,3890,2943.582031,23315000,2888.090495,2839.156885
2001-03-19,3810,3880,3770,3800,2875.478516,24865000,2928.447998,2858.831201
2001-03-20,3900,3920,3820,3820,2890.613037,21455000,2903.224528,2886.072607
2001-03-21,3720,3900,3700,3870,2928.447998,40550000,2898.17985,2920.881006
2001-03-22,3980,3990,3920,3980,3011.686035,37465000,2943.582357,2929.961523
2001-03-23,4090,4370,4080,4300,3253.832031,91755000,3064.655355,2992.011523
2001-03-26,4400,4430,4340,4340,3284.100098,42870000,3183.206055,3073.73584
2001-03-27,4300,4310,4120,4150,3140.325439,31345000,3226.085856,3123.67832
2001-03-28,4260,4260,4150,4150,3140.325439,26075000,3188.250325,3166.053808
2001-03-29,4090,4180,4040,4090,3094.923584,29920000,3125.191487,3182.701318
2001-03-30,4110,4170,4040,4160,3147.892578,30100000,3127.713867,3161.513428
2001-04-02,4040,4100,3960,3990,3019.252441,39140000,3087.356201,3108.543896
2001-04-03,3810,3870,3790,3800,2875.478516,46070000,3014.207845,3055.574512
2001-04-04,3700,3740,3630,3660,2769.540527,62280000,2888.090495,2981.417529
2001-04-05,3660,3660,3660,3660,2769.540527,0,2804.85319,2916.340918
2001-04-06,3960,3960,3780,3840,2905.747314,85290000,2814.942789,2867.911865
2001-04-09,3790,3810,3710,3710,2807.375,25840000,2827.55428,2825.536377
2001-04-10,3710,3740,3610,3640,2754.406006,39175000,2822.50944,2801.321875
2001-04-11,3780,3800,3720,3720,2814.942383,44515000,2792.24113,2810.402246
2001-04-12,3940,4090,3900,4010,3034.386963,73660000,2867.911784,2863.371533
2001-04-13,4100,4150,4030,4060,3072.222656,38840000,2973.850667,2896.666602
2001-04-16,4060,4080,3940,3940,2981.417725,10200000,3029.342448,2931.475147
2001-04-17,3920,4020,3850,3970,3004.118896,16815000,3019.253092,2981.417725
2001-04-18,4110,4280,4070,4280,3238.696777,47790000,3074.744466,3066.168603
2001-04-19,4620,4920,4580,4700,3556.513672,131305000,3266.443115,3170.593945
2001-04-20,4720,4780,4490,4490,3397.605225,44905000,3397.605225,3235.670459
2001-04-23,4490,4610,4470,4540,3435.439941,31785000,3463.186279,3326.474902
2001-04-24,4410,4420,4330,4400,3329.501465,31185000,3387.515544,3391.551416
2001-04-25,4340,4520,4320,4520,3420.306152,26345000,3395.082519,3427.873291
2001-04-26,4340,4520,4320,4520,3420.306152,26345000,3390.037923,3400.631787
2001-04-27,4410,4450,4310,4340,3284.100098,21695000,3374.904134,3377.930762
2001-04-30,4460,4620,4410,4580,3465.708984,38225000,3390.038411,3383.98457
2001-05-01,4580,4580,4580,4580,3465.708984,0,3405.172689,3411.226074
2001-05-02,4700,4700,4540,4580,3465.708984,36510000,3465.708984,3420.30664
2001-05-03,4620,4620,4490,4600,3480.842773,25895000,3470.75358,3432.413965
2001-05-04,4410,4510,4410,4460,3374.904297,32805000,3440.485351,3450.574804
2001-05-07,4500,4630,4480,4600,3480.842773,17945000,3445.529948,3453.601562
2001-05-08,4590,4620,4520,4590,3473.275879,16825000,3443.00765,3455.114941
2001-05-09,4560,4580,4490,4500,3405.172363,20695000,3453.097005,3443.007617
2001-05-10,4500,4560,4440,4500,3405.172363,24620000,3427.873535,3427.873535
2001-05-11,4460,4470,4400,4410,3337.068359,27705000,3382.471028,3420.306347
2001-05-14,4420,4460,4400,4430,3352.203125,14310000,3364.814616,3394.578418
2001-05-15,4410,4450,4290,4340,3284.100098,26420000,3324.457194,3356.743262
2001-05-16,4300,4370,4200,4210,3185.727295,25895000,3274.010173,3312.854248
2001-05-17,4400,4430,4340,4430,3352.203125,24105000,3274.010173,3302.2604
2001-05-18,4380,4420,4340,4410,3337.068359,18915000,3291.66626,3302.2604
2001-05-21,4500,4620,4430,4580,3465.708984,28160000,3384.993489,3324.961572
2001-05-22,4720,4780,4620,4620,3495.977295,48830000,3432.918213,3367.337012
2001-05-23,4600,4760,4580,4700,3556.513672,21890000,3506.06665,3441.494287
2001-05-24,4560,4600,4510,4530,3427.874023,30275000,3493.454997,3456.628467
2001-05-25,4550,4650,4430,4440,3359.769531,33695000,3448.052409,3461.168701
2001-05-28,4420,4480,4380,4450,3367.336914,18480000,3384.993489,3441.494287
2001-05-29,4430,4640,4430,4640,3511.111084,24280000,3412.739176,3444.521045
2001-05-30,4500,4530,4450,4470,3382.471436,31815000,3420.306478,3409.712598
2001-05-31,4320,4340,4190,4240,3208.428467,63595000,3367.336996,3365.823486
2001-06-01,4300,4300,4210,4240,3208.428467,29315000,3266.44279,3335.555274
2001-06-04,4260,4310,4230,4240,3208.428467,19955000,3208.428467,3303.773584
2001-06-05,4140,4240,4040,4060,3072.222656,51520000,3163.02653,3215.995899
2001-06-06,4060,4060,4060,4060,3072.222656,0,3117.624593,3153.946143
2001-06-07,4080,4310,4080,4280,3238.696777,39865000,3127.71403,3159.999805
2001-06-08,4420,4510,4400,4470,3382.471436,42740000,3231.13029,3194.808398
2001-06-11,4330,4380,4280,4280,3238.696777,24680000,3286.621663,3200.86206
2001-06-12,4220,4300,4210,4220,3193.294922,24195000,3271.487712,3225.076514
2001-06-13,4300,4310,4200,4280,3238.696777,23645000,3223.562825,3258.371338
2001-06-14,4270,4310,4200,4230,3200.862305,27840000,3210.951335,3250.804443
2001-06-15,4190,4200,4120,4190,3170.593994,40870000,3203.384359,3208.428955
2001-06-18,4180,4180,4080,4100,3102.490723,34095000,3157.982341,3181.187744
2001-06-19,4100,4170,4080,4110,3110.057373,31275000,3127.71403,3164.540234
2001-06-20,4060,4070,3990,4000,3026.81958,38515000,3079.789225,3122.164795
2001-06-21,4000,4040,3920,3960,2996.551514,40805000,3044.476156,3081.302637
2001-06-22,3940,3940,3820,3870,2928.447998,44685000,2983.939697,3032.873438
2001-06-25,3840,3930,3800,3870,2928.447998,25925000,2951.14917,2998.064893
2001-06-26,3870,3900,3780,3780,2860.345215,33500000,2905.74707,2948.122461
2001-06-27,3790,3800,3700,3720,2814.942383,40985000,2867.911865,2905.747022
2001-06-28,3700,3790,3690,3750,2837.643799,27040000,2837.643799,2873.965479
2001-06-29,3840,3850,3800,3840,2905.747314,30675000,2852.777832,2869.425342
2001-07-02,3840,3880,3810,3860,2920.880859,23280000,2888.090657,2867.911914
2001-07-03,3900,3910,3870,3890,2943.582031,20305000,2923.403401,2884.559277
2001-07-04,3840,3940,3840,3940,2981.417725,13705000,2948.626872,2917.854346
2001-07-05,3940,3950,3860,3860,2920.880859,15550000,2948.626872,2934.501758
2001-07-06,3740,3770,3650,3670,2777.106934,38020000,2893.135173,2908.773682
2001-07-09,3500,3540,3390,3420,2587.930908,81635000,2761.9729,2842.183691
2001-07-10,3440,3490,3390,3400,2572.796631,32665000,2645.944824,2768.026611
2001-07-11,3280,3410,3280,3380,2557.662598,37970000,2572.796712,2683.275586
2001-07-12,3480,3560,3460,3520,2663.601563,66365000,2598.020264,2631.819727
2001-07-13,3640,3640,3360,3400,2572.796631,46560000,2598.020264,2590.957666
2001-07-16,3370,3390,3260,3340,2527.394531,27910000,2587.930908,2578.850391
2001-07-17,3340,3340,3340,3340,2527.394531,0,2542.528564,2569.769971
2001-07-18,3360,3420,3330,3350,2534.962158,33430000,2529.917073,2565.229883
2001-07-19,3330,3540,3310,3540,2678.735596,37325000,2580.364095,2568.256689
2001-07-20,3520,3600,3470,3520,2663.601563,29625000,2625.766439,2586.417676
2001-07-23,3500,3500,3430,3460,2618.198242,21275000,2653.5118,2604.578418
2001-07-24,3400,3510,3400,3470,2625.766602,21480000,2635.855469,2624.252832
2001-07-25,3460,3590,3440,3570,2701.436523,20905000,2648.467122,2657.547705
2001-07-26,3590,3650,3590,3630,2746.838623,21865000,2691.347249,2671.168311
2001-07-27,3730,3790,3690,3710,2807.375,28800000,2751.883382,2699.922998
2001-07-30,3760,3780,3690,3710,2807.375,20055000,2787.196208,2737.75835
2001-07-31,3740,3810,3720,3790,2867.911865,22230000,2827.553955,2786.187402
2001-08-01,3830,3990,3810,3960,2996.551514,57875000,2890.612793,2845.2104
2001-08-02,4020,4040,3880,3910,2958.716797,31790000,2941.060059,2887.586035
2001-08-03,4000,4020,3950,3990,3019.252441,32795000,2991.506917,2929.961523
2001-08-06,3930,4000,3900,3980,3011.686035,16130000,2996.551758,2970.82373
2001-08-07,3880,3900,3810,3860,2920.880859,22085000,2983.939778,2981.417529
2001-08-08,3820,3840,3740,3800,2875.478516,13405000,2936.015137,2957.20293
2001-08-09,3690,3730,3660,3660,2769.540527,29170000,2855.299967,2919.367676
2001-08-10,3710,3780,3710,3730,2822.509277,11580000,2822.50944,2880.019043
2001-08-13,3770,3830,3750,3830,2898.179932,18640000,2830.076579,2857.317822
2001-08-14,3900,3960,3870,3950,2988.985107,21220000,2903.224772,2870.938672
2001-08-15,3950,3950,3950,3950,2988.985107,0,2958.716715,2893.63999
2001-08-16,3840,3900,3820,3900,2951.149414,18330000,2976.373209,2929.961767
2001-08-17,3900,3960,3870,3920,2966.283447,17745000,2968.805989,2958.716601
2001-08-20,3800,3830,3780,3800,2875.478516,9435000,2930.970459,2954.176318
2001-08-21,3820,3850,3700,3720,2814.942383,21735000,2885.568115,2919.367773
2001-08-22,3630,3850,3630,3850,2913.314697,21770000,2867.911865,2904.233691
2001-08-23,3870,3910,3800,3850,2913.314697,14945000,2880.523926,2896.666748
2001-08-24,3840,3880,3780,3840,2905.747314,7515000,2910.792236,2884.559521
2001-08-27,3960,4020,3920,3980,3011.686035,37955000,2943.582682,2911.801025
2001-08-28,4000,4000,3930,3940,2981.417725,20535000,2966.283691,2945.096094
2001-08-29,3900,3970,3860,3930,2973.850586,19135000,2988.984782,2957.203271
2001-08-30,3840,3940,3840,3920,2966.283447,12585000,2973.850586,2967.797021
2001-08-31,3860,3880,3750,3800,2875.478516,25845000,2938.537516,2961.743262
2001-09-03,3810,3820,3750,3760,2845.210693,10450000,2895.657552,2928.448193
2001-09-04,3760,3940,3750,3930,2973.850586,18775000,2898.179932,2926.934766
2001-09-05,3840,3850,3750,3790,2867.911865,21020000,2895.657715,2905.747021
2001-09-06,3800,3850,3760,3770,2852.77832,17490000,2898.180257,2883.045996
2001-09-07,3760,3820,3690,3820,2890.613037,22835000,2870.434407,2886.0729
2001-09-10,3770,3830,3730,3830,2898.179932,14000000,2880.523763,2896.666748
2001-09-11,3800,3850,3720,3740,2830.076416,15810000,2872.956462,2867.911914
2001-09-12,3200,3460,3200,3230,2444.156738,84970000,2724.137695,2783.160889
2001-09-13,3360,3460,3320,3430,2595.498291,59745000,2623.243815,2731.704883
2001-09-14,3440,3450,3290,3390,2565.229736,33175000,2534.961588,2666.628223
2001-09-17,3300,3360,3240,3280,2481.992188,28450000,2547.573405,2583.390674
2001-09-18,3390,3400,3300,3350,2534.962158,24870000,2527.394694,2524.367822
2001-09-19,3300,3340,3260,3280,2481.992188,21555000,2499.648845,2531.934912
2001-09-20,3200,3200,3030,3080,2330.651123,61380000,2449.201823,2478.965479
2001-09-21,2900,2940,2790,2850,2156.609131,65415000,2323.084147,2397.241358
2001-09-24,2850,2850,2850,2850,2156.609131,0,2214.623128,2332.164746
2001-09-25,3060,3070,2860,2860,2164.176025,42065000,2159.131429,2258.00752
2001-09-26,2820,2870,2790,2830,2141.475098,33275000,2154.086751,2189.904102
2001-09-27,2760,2810,2680,2810,2126.341064,36500000,2143.997396,2149.04209
2001-09-28,2810,2810,2810,2810,2126.341064,0,2131.385742,2142.988476
2001-10-01,2810,2810,2810,2810,2126.341064,0,2126.341064,2136.934863
2001-10-02,2810,2810,2810,2810,2126.341064,0,2126.341064,2129.367871
2001-10-03,2810,2810,2810,2810,2126.341064,0,2126.341064,2126.341064
2001-10-04,3000,3000,2860,2910,2202.011475,64925000,2151.564534,2141.475146
2001-10-05,2920,2970,2870,2950,2232.279541,40035000,2186.87736,2162.662842
2001-10-08,2940,2960,2890,2920,2209.579102,19935000,2214.623373,2179.310449
2001-10-09,2960,3060,2960,3030,2292.81665,39630000,2244.891764,2212.605566
2001-10-10,2990,3010,2960,2980,2254.980957,16855000,2252.458903,2238.333545
2001-10-11,3080,3200,3070,3180,2406.321777,58170000,2318.039795,2279.195605
2001-10-12,3320,3340,3250,3260,2466.858398,47265000,2376.053711,2326.111377
2001-10-15,3200,3240,3180,3200,2421.456299,17425000,2431.545491,2368.486816
2001-10-16,3160,3230,3160,3180,2406.321777,15620000,2431.545491,2391.187842
2001-10-17,3260,3300,3230,3280,2481.992188,28595000,2436.590088,2436.590088
2001-10-18,3230,3260,3170,3260,2466.858398,21850000,2451.724121,2448.697412
2001-10-19,3300,3410,3260,3400,2572.796631,41555000,2507.215739,2469.885059
2001-10-22,3460,3470,3330,3390,2565.229736,18730000,2534.961588,2498.639746
2001-10-23,3500,3530,3450,3480,2633.333984,39580000,2590.45345,2544.042187
2001-10-24,3560,3710,3550,3710,2807.375,56115000,2668.64624,2609.11875
2001-10-25,3700,3700,3620,3660,2769.540527,27610000,2736.749837,2669.655176
2001-10-26,3660,3690,3580,3620,2739.272705,47820000,2772.062744,2702.95039
2001-10-29,3660,3700,3610,3680,2784.674561,25480000,2764.495931,2746.839355
2001-10-30,3540,3580,3470,3480,2633.333984,33825000,2719.09375,2746.839355
2001-10-31,3410,3480,3410,3470,2625.766602,28980000,2681.258382,2710.517676
2001-11-01,3540,3630,3480,3580,2709.00415,34295000,2656.034912,2698.4104
2001-11-02,3630,3670,3630,3660,2769.540527,37920000,2701.437093,2704.463965
2001-11-05,3670,3700,3620,3700,2799.808105,30180000,2759.450927,2707.490674
2001-11-06,3780,3830,3760,3800,2875.478516,53010000,2814.942383,2755.91958
2001-11-07,3820,3830,3770,3810,2883.04541,44265000,2852.777344,2807.375342
2001-11-08,3810,3870,3800,3860,2920.880859,37600000,2893.134928,2849.750683
2001-11-09,3860,3860,3860,3860,2920.880859,0,2908.269043,2880.01875
2001-11-12,4010,4050,3930,4000,3026.81958,23500000,2956.193766,2925.421045
2001-11-13,3920,4000,3900,4000,3026.81958,30010000,2991.506673,2955.689258
2001-11-14,4100,4300,4060,4300,3253.832031,75030000,3102.490397,3029.846582
2001-11-15,4210,4290,4150,4190,3170.593994,36275000,3150.415202,3079.789209
2001-11-16,4160,4190,4070,4180,3163.026611,35795000,3195.817545,3128.218359
2001-11-19,4100,4400,4100,4370,3306.80127,39315000,3213.473958,3184.214697
2001-11-20,4400,4460,4270,4270,3231.130615,37695000,3233.652832,3225.076904
2001-11-21,4160,4300,4150,4220,3193.294922,33430000,3243.742269,3212.969482
2001-11-22,4230,4320,4160,4320,3268.96582,17595000,3231.130452,3232.643848
2001-11-23,4340,4450,4300,4440,3359.769531,27370000,3274.010091,3271.992432
2001-11-26,4470,4620,4470,4600,3480.842773,37990000,3369.859375,3306.800732
2001-11-27,4640,4660,4570,4620,3495.977295,41960000,3445.529866,3359.770068
2001-11-28,4540,4600,4350,4380,3314.367432,29700000,3430.395833,3383.98457
2001-11-29,4290,4490,4170,4200,3178.161133,53265000,3329.501953,3365.823633
2001-11-30,4460,4460,4330,4360,3299.233643,31230000,3263.920736,3353.716455
2001-12-03,4430,4500,4290,4490,3397.605225,32860000,3291.666667,3337.068946
2001-12-04,4530,4610,4440,4600,3480.842773,32740000,3392.560547,3334.042041
2001-12-05,4760,5290,4740,5290,4002.968506,115130000,3627.138835,3471.762256
2001-12-06,5560,5860,5350,5500,4161.87793,114630000,3881.896403,3668.505615
2001-12-07,5400,5730,5330,5670,4290.517578,58705000,4151.788005,3866.762402
2001-12-10,5580,5580,5170,5200,3934.867188,65280000,4129.087565,3974.214795
2001-12-11,5040,5190,4970,5170,3912.165039,52625000,4045.849935,4060.479248
2001-12-12,5160,5420,5030,5400,4086.206787,53895000,3977.746338,4077.126904
2001-12-13,5400,5430,5220,5300,4010.536865,63765000,4002.969564,4046.858691
2001-12-14,5110,5230,5090,5100,3859.195313,46510000,3985.312988,3960.594238
2001-12-17,5010,5150,4920,5010,3791.091553,41255000,3886.941244,3931.839111
2001-12-18,5080,5390,5080,5210,3942.431885,56725000,3864.239584,3937.892481
2001-12-19,5310,5350,5250,5280,3995.401855,30870000,3909.641764,3919.731494
2001-12-20,5200,5410,5110,5300,4010.536865,32435000,3982.790202,3919.731494
2001-12-21,5100,5190,5000,5030,3806.227539,41650000,3937.388753,3909.137939
2001-12-24,5050,5160,5010,5050,3821.360107,20430000,3879.374837,3915.19165
2001-12-25,5050,5050,5050,5050,3821.360107,0,3816.315918,3890.977295
2001-12-26,5130,5190,5080,5160,3904.597656,21745000,3849.105957,3872.816455
2001-12-27,5200,5420,5180,5400,4086.206787,40355000,3937.388183,3887.950439
2001-12-28,5600,5620,5510,5580,4222.415039,38480000,4071.073161,3971.187939
2001-12-31,5580,5580,5580,5580,4222.415039,0,4177.012288,4051.398926
2002-01-01,5580,5580,5580,5580,4222.415039,0,4222.415039,4131.609912
2002-01-02,5660,6160,5620,6160,4661.302246,57100000,4368.710775,4282.95083
2002-01-03,6160,6160,6160,6160,4661.302246,0,4515.00651,4397.969922
2002-01-04,6380,6410,6290,6380,4827.778809,50470000,4716.794434,4519.042676
2002-01-07,6260,6430,6170,6360,4812.643555,51455000,4767.241537,4637.088379
2002-01-08,6390,6390,6190,6230,4714.272461,38005000,4784.898275,4735.459863
2002-01-09,6210,6450,6190,6450,4880.746582,45120000,4802.554199,4779.348731
2002-01-10,6360,6420,6160,6160,4661.302246,54845000,4752.107096,4779.348731
2002-01-11,6240,6350,6040,6120,4631.033203,47680000,4724.360677,4739.999609
2002-01-14,6050,6600,6040,6600,4994.252441,48900000,4762.195963,4776.321387
2002-01-15,6430,6460,6160,6240,4721.838867,68875000,4782.374837,4777.834668
2002-01-16,6150,6250,6030,6030,4562.930664,60330000,4759.673991,4714.271484
2002-01-17,5900,6060,5860,6000,4540.22998,55605000,4608.33317,4690.057031
2002-01-18,6010,6040,5880,5920,4479.692871,44260000,4527.617838,4659.788965
2002-01-21,5800,5840,5720,5820,4404.022949,41265000,4474.6486,4541.743066
2002-01-22,5840,6050,5840,6000,4540.22998,32895000,4474.6486,4505.421289
2002-01-23,5800,6190,5780,6160,4661.302246,39900000,4535.185058,4525.095605
2002-01-24,6220,6370,6180,6200,4691.571777,38415000,4631.034668,4555.363965
2002-01-25,6330,6570,6260,6460,4888.313477,56875000,4747.0625,4637.088086
2002-01-28,6580,6580,6350,6370,4820.211914,33735000,4800.032389,4720.325879
2002-01-29,6370,6450,6290,6300,4767.241211,32140000,4825.255534,4765.728125
2002-01-30,6010,6180,6010,6060,4585.633301,39580000,4724.362142,4750.594336
2002-01-31,6060,6060,6060,6060,4585.633301,0,4646.169271,4729.406641
2002-02-01,6200,6320,6090,6180,4676.4375,35640000,4615.901367,4687.031445
2002-02-04,6200,6330,6180,6240,4721.838867,23805000,4661.303223,4667.356836
2002-02-05,6200,6490,6140,6460,4888.313477,48675000,4762.196615,4691.571289
2002-02-06,6400,6480,6360,6380,4827.778809,31845000,4812.643718,4740.000391
2002-02-07,6300,6460,6240,6300,4767.241211,36975000,4827.777832,4776.321973
2002-02-08,6320,6420,6220,6420,4858.046875,34105000,4817.688965,4812.643848
2002-02-11,6420,6420,6420,6420,4858.046875,0,4827.77832,4839.885449
2002-02-12,6420,6420,6420,6420,4858.046875,0,4858.046875,4833.832129
2002-02-13,6420,6420,6420,6420,4858.046875,0,4858.046875,4839.885742
2002-02-14,6740,7100,6630,7100,5372.60498,98365000,5029.566243,4960.958496
2002-02-15,6940,7000,6810,6830,5168.294922,42860000,5132.982259,5023.008105
2002-02-18,6820,6910,6780,6860,5190.996582,35695000,5243.965495,5089.598047
2002-02-19,6900,7040,6790,6850,5183.427734,36270000,5180.906413,5154.674219
2002-02-20,6700,6870,6700,6800,5145.593262,34980000,5173.339193,5212.183496
2002-02-21,6860,6890,6540,6760,5115.325195,51595000,5148.115397,5160.727539
2002-02-22,6550,6680,6530,6670,5047.222656,47120000,5102.713704,5136.513086
2002-02-25,6610,6730,6530,6640,5024.520508,33955000,5062.35612,5103.217871
2002-02-26,6820,6880,6660,6740,5100.191895,34055000,5057.311686,5086.570703
2002-02-27,6660,7000,6660,7000,5296.934082,45875000,5140.548828,5116.838867
2002-02-28,7000,7010,6860,6860,5190.996582,43075000,5196.040853,5131.973145
2002-03-01,6860,6860,6860,6860,5190.996582,0,5226.309082,5160.72793
2002-03-04,7010,7260,7000,7000,5296.934082,60950000,5226.309082,5215.210645
2002-03-05,7270,7280,7120,7220,5463.409668,48115000,5317.113444,5287.854199
2002-03-06,7220,7360,7150,7260,5493.677246,30955000,5418.006999,5327.202832
2002-03-07,7370,7370,7110,7120,5387.740234,24780000,5448.275716,5366.551562
2002-03-08,7100,7150,6910,6980,5281.800293,36710000,5387.739258,5384.712305
2002-03-11,7000,7040,6870,6970,5274.23291,36135000,5314.591146,5380.17207
2002-03-12,6880,7070,6860,7060,5342.337891,39365000,5299.457031,5355.957715
2002-03-13,6910,7050,6910,6960,5266.667969,33440000,5294.412923,5310.555859
2002-03-14,6890,6900,6580,6880,5206.128906,105785000,5271.711589,5274.233594
2002-03-15,6680,6730,6580,6600,4994.252441,71515000,5155.683105,5216.724023
2002-03-18,6700,6720,6580,6640,5024.520508,51835000,5074.967285,5166.781543
2002-03-19,6660,6980,6660,6980,5281.800293,63005000,5100.191081,5154.674023
2002-03-20,7020,7120,6930,6980,5281.800293,43105000,5196.040365,5157.700488
2002-03-21,6800,6910,6800,6830,5168.294922,33605000,5243.965169,5150.133691
2002-03-22,6900,7140,6790,7010,5304.502441,48595000,5251.532552,5212.183691
2002-03-25,7060,7060,6800,6800,5145.593262,54505000,5206.130208,5236.398242
2002-03-26,6770,6980,6730,6980,5281.800293,42195000,5243.965332,5236.398242
2002-03-27,7000,7310,7000,7270,5501.244629,61410000,5309.546061,5280.287109
2002-03-28,7250,7400,7150,7150,5410.439941,39260000,5397.828288,5328.716113
2002-03-29,7300,7420,7260,7360,5569.349121,36935000,5493.677897,5381.685449
2002-04-01,7500,7690,7410,7480,5660.152832,57465000,5546.647298,5484.597363
2002-04-02,7560,7970,7400,7970,6030.938965,78395000,5753.480306,5634.425098
2002-04-03,7950,8100,7860,8080,6114.177246,60430000,5935.089681,5757.011621
2002-04-04,7980,7980,7730,7780,5887.164063,70795000,6010.760091,5852.356445
2002-04-05,7780,7780,7780,7780,5887.164063,0,5962.835124,5915.919434
2002-04-08,7760,7760,7380,7380,5584.482422,77600000,5786.270183,5900.785352
2002-04-09,7400,7470,7320,7380,5584.482422,52740000,5685.376302,5811.494043
2002-04-10,7380,7390,7110,7120,5387.740234,65180000,5518.901693,5666.206641
2002-04-11,7150,7300,7120,7190,5440.708496,71690000,5470.977051,5576.915527
2002-04-12,7190,7430,7110,7380,5584.482422,55420000,5470.977051,5516.379199
2002-04-15,7440,7760,7440,7700,5826.629395,42665000,5617.273438,5564.808594
2002-04-16,7700,7820,7630,7780,5887.164063,42525000,5766.09196,5625.344922
2002-04-17,8010,8220,7980,8120,6144.445313,77025000,5952.746257,5776.685938
2002-04-18,8000,8170,7950,8130,6152.01123,48785000,6061.206869,5918.946485
2002-04-19,8130,8270,7920,7920,5993.103027,61985000,6096.519857,6000.670606
2002-04-22,8060,8340,8040,8200,6204.981445,61720000,6116.698567,6076.341016
2002-04-23,8200,8560,8110,8540,6462.26123,59890000,6220.115234,6191.360449
2002-04-24,8460,8640,8360,8640,6537.931641,39980000,6401.724772,6270.057715
2002-04-25,8430,8520,8250,8260,6250.381836,51010000,6416.858236,6289.731836
2002-04-26,8140,8230,7990,8000,6053.63916,56155000,6280.650879,6301.839062
2002-04-29,7800,7930,7610,7620,5766.09082,53330000,6023.370605,6214.060937
2002-04-30,7660,7770,7560,7640,5781.226074,44785000,5866.985351,6077.853906
2002-05-01,7640,7640,7640,7640,5781.226074,0,5776.180989,5926.512793
2002-05-02,7740,7740,7530,7590,5743.388672,51900000,5768.613607,5825.11416
2002-05-03,7440,7490,7260,7400,5599.616211,55535000,5708.076986,5734.30957
2002-05-06,7130,7220,6960,6960,5266.667969,55135000,5536.557617,5634.425
2002-05-07,6810,7040,6700,7040,5327.203125,72025000,5397.829102,5543.62041
2002-05-08,7160,7380,7130,7250,5486.111816,53325000,5359.994303,5484.597559
2002-05-09,7540,7560,7240,7240,5478.54541,74720000,5430.620117,5431.628906
2002-05-10,7010,7100,6640,6680,5054.789063,100015000,5339.81543,5322.663477
2002-05-13,6560,6770,6410,6710,5077.490723,67570000,5203.608399,5284.828027
2002-05-14,6940,7170,6900,7160,5418.008301,59730000,5183.429362,5302.989063
2002-05-15,7360,7620,7340,7520,5690.421387,70610000,5395.306804,5343.850977
2002-05-16,7520,7530,7390,7400,5599.616211,30645000,5569.348633,5368.065137
2002-05-17,7500,7670,7470,7650,5788.791992,40355000,5692.943197,5514.865723
2002-05-20,7600,7610,7400,7400,5599.616211,30245000,5662.674805,5619.29082
2002-05-21,7290,7360,7100,7120,5387.740234,40335000,5592.049479,5613.237207
2002-05-22,7100,7400,7030,7400,5599.616211,37960000,5528.990885,5595.076172
2002-05-23,7340,7380,7190,7200,5448.275879,37015000,5478.544108,5564.808105
2002-05-24,7360,7420,7300,7320,5539.081055,34335000,5528.991048,5514.865918
2002-05-27,7200,7390,7190,7230,5470.975586,19350000,5486.11084,5489.137793
2002-05-28,7250,7400,7210,7390,5592.049316,23475000,5534.035319,5529.999609
2002-05-29,7300,7300,7080,7240,5478.54541,39030000,5513.856771,5505.785449
2002-05-30,7130,7210,7040,7100,5372.60498,31370000,5481.066569,5490.651269
2002-05-31,7080,7130,6840,6840,5175.861816,44735000,5342.337402,5418.007422
2002-06-03,6720,7080,6720,7020,5312.068359,34900000,5286.845052,5386.225976
2002-06-04,6820,7080,6810,7040,5327.203125,28405000,5271.7111,5333.256738
2002-06-05,7160,7250,7090,7110,5380.171875,25415000,5339.814453,5313.582031
2002-06-06,7110,7110,7110,7110,5380.171875,0,5362.515625,5315.09541
2002-06-07,6910,6990,6880,6900,5221.264648,39460000,5327.202799,5324.175976
2002-06-10,6980,7050,6960,7000,5296.934082,28000000,5299.456868,5321.149121
2002-06-11,7000,7020,6880,7000,5296.934082,22005000,5271.710937,5315.095312
2002-06-12,6930,7040,6920,7040,5327.203125,42905000,5307.023763,5304.501562
2002-06-13,7040,7040,7040,7040,5327.203125,0,5317.113444,5293.907812
2002-06-14,7070,7320,7060,7190,5440.708496,37845000,5365.038249,5337.796582
2002-06-17,7220,7290,7160,7180,5433.141602,28255000,5400.351074,5365.038086
2002-06-18,7400,7500,7230,7260,5493.677246,41960000,5455.842448,5404.386719
2002-06-19,7260,7320,6870,6970,5274.23291,63065000,5400.350586,5393.792676
2002-06-20,6800,6880,6670,6820,5160.728027,42950000,5309.546061,5360.497656
2002-06-21,6700,6910,6610,6800,5145.593262,48655000,5193.518066,5301.474609
2002-06-24,6630,6820,6630,6780,5130.459473,27915000,5145.593587,5240.938184
2002-06-25,6900,6940,6760,6770,5122.892578,30155000,5132.981771,5166.78125
2002-06-26,6600,6610,6180,6180,4676.4375,64210000,4976.596517,5047.222168
2002-06-27,6380,6430,6220,6260,4736.972656,44755000,4845.434245,4962.471094
2002-06-28,6500,6690,6440,6580,4979.119629,45560000,4797.509928,4929.176367
2002-07-01,6580,6580,6580,6580,4979.119629,0,4898.403971,4898.908398
2002-07-02,6440,6800,6360,6750,5107.758789,40600000,5021.999349,4895.881641
2002-07-03,6630,6830,6530,6760,5115.325195,40585000,5067.401204,4983.65918
2002-07-04,6850,7000,6850,7000,5296.934082,37020000,5173.339355,5095.651465
2002-07-05,7000,7210,6980,7160,5418.008301,45015000,5276.755859,5183.429199
2002-07-08,7400,7410,7100,7180,5433.141602,54385000,5382.694662,5274.233594
2002-07-09,7200,7300,7110,7240,5478.54541,33070000,5443.231771,5348.390918
2002-07-10,7100,7170,6890,6940,5251.533203,35655000,5387.740072,5375.63252
2002-07-11,6740,6780,6630,6630,5016.954102,37980000,5249.010905,5319.636524
2002-07-12,6880,7090,6820,7040,5327.203125,40000000,5198.563477,5301.475488
2002-07-15,6960,7220,6960,7060,5342.337891,36755000,5228.831706,5283.314746
2002-07-16,7200,7230,7020,7080,5357.471191,42635000,5342.337402,5259.099902
2002-07-17,7080,7080,7080,7080,5357.471191,0,5352.426758,5280.2875
2002-07-18,7070,7210,7050,7140,5402.873047,40105000,5372.605143,5357.471289
2002-07-19,7000,7010,6760,6830,5168.294922,43190000,5309.546387,5325.689648
2002-07-22,6570,6690,6540,6600,4994.252441,39480000,5188.47347,5256.072558
2002-07-23,6520,6900,6430,6900,5221.264648,41355000,5127.937337,5228.83125
2002-07-24,6660,6740,6590,6700,5069.924316,33850000,5095.147135,5171.321875
2002-07-25,7000,7020,6780,6780,5130.459473,47515000,5140.549479,5116.83916
2002-07-26,6590,6660,6340,6400,4842.912598,63865000,5014.432129,5051.762695
2002-07-29,6480,6550,6380,6500,4918.583008,28925000,4963.985026,5036.628809
2002-07-30,6660,6780,6660,6660,5039.653809,31170000,4933.716472,5000.306641
2002-07-31,6650,6740,6620,6650,5032.088379,27480000,4996.775065,4992.739453
2002-08-01,6670,6670,6420,6490,4911.015137,26135000,4994.252442,4948.850586
2002-08-02,6350,6440,6240,6390,4835.345215,51860000,4926.149577,4947.33711
2002-08-05,6310,6340,6160,6180,4676.4375,32540000,4807.599284,4898.908008
2002-08-06,6100,6100,5970,6000,4540.22998,61465000,4684.004232,4799.023242
2002-08-07,6170,6280,6130,6240,4721.838867,35240000,4646.168782,4736.97334
2002-08-08,6400,6400,6220,6270,4744.540527,47335000,4668.869791,4703.678418
2002-08-09,6390,6450,6350,6380,4827.778809,31175000,4764.719401,4702.165137
2002-08-12,6380,6420,6260,6340,4797.508789,38830000,4789.942708,4726.379394
2002-08-13,6340,6490,6340,6490,4911.015137,19635000,4845.434245,4800.536426
2002-08-14,6440,6460,6360,6440,4873.180176,35980000,4860.568034,4830.804688
2002-08-15,6440,6440,6440,6440,4873.180176,0,4885.79183,4856.532617
2002-08-16,6600,6660,6500,6510,4926.149902,31750000,4890.836751,4876.206836
2002-08-19,6640,6700,6570,6660,5039.653809,23175000,4946.327962,4924.63584
2002-08-20,6800,6940,6770,6920,5236.396484,42485000,5067.400065,4989.712109
2002-08-21,6920,7000,6850,7000,5296.934082,40045000,5190.994792,5074.462891
2002-08-22,7040,7060,6930,6950,5259.099609,39610000,5264.143392,5151.646777
2002-08-23,6950,6950,6950,6950,5259.099609,0,5271.7111,5218.236719
2002-08-26,6840,6840,6770,6810,5153.162109,31810000,5223.787109,5240.938379
2002-08-27,6810,6830,6660,6660,5039.653809,33835000,5150.638509,5201.589844
2002-08-28,6500,6660,6500,6560,4963.984375,29830000,5052.266764,5134.999902
2002-08-29,6720,6720,6480,6560,4963.984375,28695000,4989.20752,5075.976855
2002-08-30,6520,6640,6480,6620,5009.38623,31530000,4979.118327,5026.03418
2002-09-02,6590,6800,6570,6800,5145.593262,28810000,5039.654622,5024.52041
2002-09-03,6820,6840,6650,6670,5047.222656,22945000,5067.400716,5026.03418
2002-09-04,6520,6560,6430,6480,4903.447754,33640000,5032.087891,5013.926855
2002-09-05,6560,6570,6420,6420,4858.046875,17770000,4936.239095,4992.739355
2002-09-06,6370,6490,6360,6440,4873.180176,27970000,4878.224935,4965.498145
2002-09-09,6530,6570,6430,6470,4895.881836,22015000,4875.702962,4915.555859
2002-09-10,6490,6600,6480,6600,4994.252441,17320000,4921.104818,4904.961816
2002-09-11,6670,6790,6620,6730,5092.625977,26610000,4994.253418,4942.797461
2002-09-12,6770,6860,6710,6860,5190.996582,32885000,5092.625,5009.387402
2002-09-13,6730,6740,6630,6630,5016.954102,23920000,5100.19222,5038.142188
2002-09-16,6680,6680,6540,6550,4956.418457,19385000,5054.789714,5050.249512
2002-09-17,6680,6840,6610,6840,5175.861816,33655000,5049.744792,5086.571387
2002-09-18,6640,6700,6600,6660,5039.653809,28480000,5057.311361,5075.976953
2002-09-19,6700,6790,6670,6700,5069.924316,21495000,5095.146647,5051.7625
2002-09-20,6700,6700,6700,6700,5069.924316,0,5059.834147,5062.356543
2002-09-23,6560,6600,6370,6430,4865.612793,44800000,5001.820475,5044.19541
2002-09-24,6260,6380,6220,6380,4827.778809,44650000,4921.105306,4974.578809
2002-09-25,6260,6340,6080,6140,4646.167969,42295000,4779.85319,4895.881641
2002-09-26,6320,6370,6180,6280,4752.106934,42535000,4742.017904,4832.318164
2002-09-27,6160,6320,6140,6190,4684.003906,30845000,4694.092936,4755.134082
2002-09-30,5990,6000,5880,5970,4517.527832,40780000,4651.212891,4685.51709
2002-10-01,5820,5990,5820,5950,4502.393555,34580000,4567.975098,4620.440039
2002-10-02,6140,6160,5960,5990,4532.665039,36470000,4517.528809,4597.739453
2002-10-03,5990,5990,5990,5990,4532.665039,0,4522.574544,4553.851074
2002-10-04,5840,6150,5840,6120,4631.033203,34510000,4565.454427,4543.256934
2002-10-07,6060,6080,5920,5920,4479.692871,22180000,4547.797038,4535.689941
2002-10-08,5890,6000,5890,6000,4540.22998,29610000,4550.318685,4543.257226
2002-10-09,6040,6040,5920,5950,4502.393555,27245000,4507.438802,4537.20293
2002-10-10,5810,5870,5450,5470,4139.174805,72530000,4393.93278,4458.504883
2002-10-11,5670,5670,5310,5470,4139.174805,67420000,4260.247722,4360.133203
2002-10-14,5700,5810,5660,5760,4358.620605,48320000,4212.323405,4335.91875
2002-10-15,5860,6050,5750,6000,4540.22998,45910000,4346.008463,4335.91875
2002-10-16,6100,6140,5950,6100,4615.900391,52820000,4504.916992,4358.620117
2002-10-17,6060,6220,5930,6150,4653.736816,58125000,4603.289062,4461.532519
2002-10-18,6400,6610,6320,6530,4941.283691,90720000,4736.973633,4621.954297
2002-10-21,6500,6630,6420,6480,4903.447754,32510000,4832.822754,4730.919726
2002-10-22,6630,6640,6260,6390,4835.345215,40335000,4893.358887,4789.942773
2002-10-23,6410,6560,6270,6560,4963.984375,46750000,4900.925781,4859.55957
2002-10-24,6650,6760,6640,6680,5054.789063,50295000,4951.372884,4939.77002
2002-10-25,6610,6840,6610,6800,5145.593262,45285000,5054.7889,4980.631934
2002-10-28,6960,7260,6950,7220,5463.409668,57720000,5221.263998,5092.624317
2002-10-29,7190,7260,7060,7060,5342.337891,45245000,5317.113607,5194.022852
2002-10-30,6940,6980,6640,6760,5115.325195,63295000,5307.024251,5224.291016
2002-10-31,6900,6960,6750,6900,5221.264648,41280000,5226.309245,5257.586133
2002-11-01,6860,6920,6770,6820,5160.728027,27225000,5165.772623,5260.613086
2002-11-04,7080,7370,7030,7350,5561.78125,68795000,5314.591308,5280.287402
2002-11-05,7390,7400,7140,7230,5470.975586,46110000,5397.828288,5306.014941
2002-11-06,7360,7370,7230,7310,5531.511719,32750000,5521.422852,5389.252246
2002-11-07,7310,7380,7180,7330,5546.646973,41545000,5516.378093,5454.328711
2002-11-08,7120,7190,7040,7190,5440.708496,36000000,5506.289063,5510.324805
2002-11-11,7120,7120,6900,6980,5281.800293,27855000,5423.051921,5454.328613
2002-11-12,6790,6950,6770,6930,5243.96582,33100000,5322.158203,5408.92666
2002-11-13,6990,7020,6890,6980,5281.800293,38210000,5269.188802,5358.984375
2002-11-14,6900,6980,6780,6800,5145.593262,31635000,5223.786458,5278.773633
2002-11-15,7020,7160,6990,7160,5418.008301,41990000,5281.800619,5274.233594
2002-11-18,7160,7170,6990,7020,5312.068359,28460000,5291.889974,5280.287207
2002-11-19,6920,7050,6920,7050,5334.770996,20825000,5354.949219,5298.448242
2002-11-20,7060,7210,6990,7200,5448.275879,40270000,5365.038411,5331.743359
2002-11-21,7420,7470,7360,7380,5584.482422,55060000,5455.843099,5419.521191
2002-11-22,7560,7600,7460,7460,5645.018555,48550000,5559.258952,5464.923242
2002-11-25,7500,7600,7460,7570,5728.255859,32420000,5652.585612,5548.160742
2002-11-26,7590,7640,7490,7570,5728.255859,39225000,5700.510091,5626.857715
2002-11-27,7440,7600,7440,7600,5750.957031,23900000,5735.822916,5687.393945
2002-11-28,7740,7850,7660,7700,5826.629395,38735000,5768.614095,5735.82334
2002-11-29,7710,7760,7650,7740,5856.895996,28085000,5811.494141,5778.198828
2002-12-02,7740,7740,7740,7740,5856.895996,0,5846.807129,5803.926855
2002-12-03,7760,7900,7700,7860,5947.701172,37660000,5887.164388,5847.815918
2002-12-04,7720,7750,7470,7470,5652.586426,42435000,5819.061198,5828.141797
2002-12-05,7380,7500,7270,7470,5652.586426,46550000,5750.958008,5793.333203
2002-12-06,7400,7480,7330,7440,5629.884766,27790000,5645.019206,5747.930957
2002-12-09,7460,7480,7300,7450,5637.452148,39300000,5639.974447,5704.042188
2002-12-10,7280,7320,7240,7290,5516.378906,31780000,5594.57194,5617.777734
2002-12-11,7340,7350,7210,7320,5539.081055,35140000,5564.304036,5595.07666
2002-12-12,7310,7360,7310,7360,5569.349121,57605000,5541.603027,5578.429199
2002-12-13,7300,7330,7180,7240,5478.54541,31630000,5528.991862,5548.161328
2002-12-16,7060,7120,6960,6970,5274.23291,50650000,5440.709147,5475.51748
2002-12-17,7100,7140,7040,7070,5349.904785,45230000,5367.561035,5442.222656
2002-12-18,6940,7200,6900,7150,5410.439941,31875000,5344.859212,5416.494433
2002-12-19,7150,7150,7150,7150,5410.439941,0,5390.261556,5384.712597
2002-12-20,7120,7200,7010,7160,5418.008301,30960000,5412.962728,5372.605176
2002-12-23,7160,7180,6940,6960,5266.667969,25675000,5365.038737,5371.092187
2002-12-24,6900,6980,6830,6850,5183.427734,24370000,5289.368001,5337.796777
2002-12-25,6850,6850,6850,6850,5183.427734,0,5211.174479,5292.394336
2002-12-26,6850,6880,6740,6790,5138.026855,26020000,5168.294108,5237.911719
2002-12-27,6700,6870,6680,6720,5085.056641,23135000,5135.503743,5171.321387
2002-12-30,6610,6700,6260,6280,4752.106934,49905000,4991.730143,5068.40918
2002-12-31,6280,6280,6280,6280,4752.106934,0,4863.09017,4982.14502
2003-01-01,6280,6280,6280,6280,4752.106934,0,4752.106934,4895.88086
2003-01-02,6380,6460,6300,6430,4865.612793,25580000,4789.94222,4841.398047
2003-01-03,6700,7000,6640,6880,5206.128906,55530000,4941.282878,4865.6125
2003-01-06,6940,7030,6880,6990,5289.368164,24970000,5120.369954,4973.064746
2003-01-07,7180,7180,6840,6850,5183.427734,28895000,5226.308268,5059.328906
2003-01-08,6920,6930,6770,6800,5145.593262,25210000,5206.12972,5138.026172
2003-01-09,6620,6660,6420,6460,4888.313477,75290000,5072.444824,5142.566309
2003-01-10,6600,6650,6340,6480,4903.447754,62640000,4979.118164,5082.030078
2003-01-13,6400,6690,6370,6690,5062.356445,31445000,4951.372559,5036.627734
2003-01-14,6600,6650,6500,6570,4971.55127,26320000,4979.11849,4994.252442
2003-01-15,6600,6670,6440,6480,4903.447754,32735000,4979.11849,4945.82334
2003-01-16,6400,6600,6320,6600,4994.252441,40380000,4956.417155,4967.011133
2003-01-17,6550,6570,6410,6410,4850.479492,24405000,4916.059896,4956.41748
2003-01-20,6240,6420,6240,6400,4842.912598,18610000,4895.88151,4912.528711
2003-01-21,6360,6400,6290,6380,4827.778809,26675000,4840.3903,4883.774219
2003-01-22,6290,6370,6180,6230,4714.272461,32670000,4794.987956,4845.93916
2003-01-23,6230,6370,6150,6320,4782.375,36700000,4774.808757,4803.563672
2003-01-24,6320,6340,6130,6260,4736.972656,33445000,4744.540039,4780.862305
2003-01-27,6020,6100,5970,5980,4525.095215,46465000,4681.480957,4717.298828
2003-01-28,5980,6140,5980,6140,4646.167969,26430000,4636.078613,4680.97666
2003-01-29,6070,6130,5800,5830,4411.590332,46520000,4527.617839,4620.440234
2003-01-30,5860,5910,5790,5830,4411.590332,35065000,4489.782878,4546.283301
2003-01-31,5830,5830,5830,5830,4411.590332,0,4411.590332,4481.206836
2003-02-03,5780,5890,5720,5860,4434.29248,28670000,4419.157715,4463.046289
2003-02-04,5860,5960,5840,5880,4449.424316,40850000,4431.769043,4423.697558
2003-02-05,5780,5910,5780,5820,4404.022949,21430000,4429.246582,4422.184082
2003-02-06,5810,5840,5630,5660,4282.950195,38460000,4378.799153,4396.456054
2003-02-07,5600,5640,5400,5480,4146.742188,48695000,4277.905111,4343.486426
2003-02-10,5420,5460,5350,5390,4078.63916,39390000,4169.443848,4272.355762
2003-02-11,5400,5510,5190,5430,4108.907715,52050000,4111.429688,4204.252441
2003-02-12,5320,5600,5320,5600,4237.547852,38100000,4141.698242,4170.957422
2003-02-13,5580,5610,5430,5430,4108.907715,38935000,4151.787761,4136.148926
2003-02-14,5400,5460,5320,5460,4131.608887,31730000,4159.354818,4133.122266
2003-02-17,5640,5840,5600,5810,4396.456055,43155000,4212.324219,4196.685645
2003-02-18,5820,5870,5720,5860,4434.29248,25315000,4320.785807,4261.762598
2003-02-19,6000,6160,5940,5940,4494.827637,49545000,4441.858724,4313.218555
2003-02-20,5880,6060,5880,6050,4578.064453,33430000,4502.394857,4407.049902
2003-02-21,6100,6100,5990,6040,4570.498047,21490000,4547.796712,4494.827734
2003-02-24,6060,6280,6060,6190,4684.003906,33000000,4610.855469,4552.337305
2003-02-25,6000,6040,5790,5790,4381.321777,47465000,4545.274577,4541.743164
2003-02-26,5790,5840,5650,5680,4298.085449,32980000,4454.470377,4502.394726
2003-02-27,5600,5710,5520,5670,4290.517578,37950000,4323.308268,4444.885351
2003-02-28,5670,5740,5580,5590,4229.97998,20490000,4272.861002,4376.781738
2003-03-03,5590,5900,5590,5900,4464.559082,25520000,4328.352213,4332.892773
2003-03-04,5750,5780,5650,5700,4313.218262,25405000,4335.919108,4319.27207
2003-03-05,5560,5590,5460,5520,4177.011719,33420000,4318.263021,4295.057324
2003-03-06,5580,5580,5430,5520,4177.011719,19110000,4222.4139,4272.356152
2003-03-07,5460,5700,5400,5620,4252.682129,39685000,4202.235189,4276.896582
2003-03-10,5690,5780,5640,5730,4335.918945,29210000,4255.204264,4251.168555
2003-03-11,5690,5800,5600,5750,4351.053223,51570000,4313.218099,4258.735547
2003-03-12,5750,5830,5730,5800,4388.888184,50580000,4358.620117,4301.11084
2003-03-13,5810,5830,5650,5800,4388.888184,53845000,4376.27653,4343.486133
2003-03-14,5980,6060,5860,5930,4487.258301,38295000,4421.678223,4390.401367
2003-03-17,5930,5940,5640,5760,4358.620605,38500000,4411.58903,4394.941699
2003-03-18,5990,6030,5870,5980,4525.095215,42135000,4456.991374,4429.750098
2003-03-19,5920,6020,5880,5920,4479.692871,29355000,4454.469564,4447.911035
2003-03-20,6000,6230,5960,6230,4714.272461,59500000,4573.020182,4512.987891
2003-03-21,6230,6330,6170,6300,4767.241211,31155000,4653.735514,4568.984473
2003-03-24,6340,6340,6220,6250,4729.40625,41540000,4736.973307,4643.141602
2003-03-25,6140,6140,6060,6120,4631.033203,44210000,4709.226888,4664.329199
2003-03-26,6160,6210,6060,6080,4600.766602,45140000,4653.735352,4688.543945
2003-03-27,5980,6050,5930,5970,4517.527832,24130000,4583.109212,4649.19502
2003-03-28,5980,6140,5930,6140,4646.167969,33220000,4588.154134,4624.980371
2003-03-31,5960,6000,5680,5680,4298.085449,46440000,4487.260417,4538.716211
2003-04-01,5560,5680,5480,5680,4298.085449,49730000,4414.112956,4472.12666
2003-04-02,5700,5740,5550,5580,4222.415039,60345000,4272.861979,4396.456348
2003-04-03,5720,5750,5580,5580,4222.415039,59235000,4247.638509,4337.433789
2003-04-04,5520,5710,5440,5670,4290.517578,53760000,4245.115885,4266.303711
2003-04-07,5760,6010,5710,5980,4525.095215,49785000,4346.009277,4311.705664
2003-04-08,5840,6030,5820,5980,4525.095215,40425000,4446.902669,4357.107617
2003-04-09,5840,5880,5720,5730,4335.918945,42470000,4462.036458,4379.808398
2003-04-10,5730,5820,5670,5760,4358.620605,54070000,4406.544922,4407.049512
2003-04-11,5700,5880,5690,5700,4313.218262,39665000,4335.919271,4411.589648
2003-04-14,5670,5880,5670,5710,4320.78418,35175000,4330.874349,4370.727441
2003-04-15,5860,5930,5810,5920,4479.692871,35260000,4371.231771,4361.646973
2003-04-16,6100,6250,6070,6210,4699.138184,55085000,4499.871745,4434.29082
2003-04-17,6140,6210,6040,6040,4570.498047,34275000,4583.109701,4476.666309
2003-04-18,6210,6300,6060,6300,4767.241211,40785000,4678.959147,4567.470899
2003-04-21,6240,6340,6170,6180,4676.4375,20485000,4671.392253,4638.601563
2003-04-22,6100,6140,5950,5970,4517.527832,35690000,4653.735514,4646.168555
2003-04-23,6050,6110,5980,6000,4540.22998,23690000,4578.065104,4614.386914
2003-04-24,5980,6040,5840,5900,4464.559082,23805000,4507.438965,4593.199121
2003-04-25,5800,5840,5700,5750,4351.053223,35760000,4451.947428,4509.961523
2003-04-28,5690,5840,5660,5700,4313.218262,27240000,4376.276856,4437.317676
2003-04-29,5870,6030,5820,6010,4547.796387,31235000,4404.022624,4443.371387
2003-04-30,6040,6130,5990,6100,4615.900391,32040000,4492.305013,4458.505469
2003-05-01,6100,6100,6100,6100,4615.900391,0,4593.199056,4488.773731
2003-05-02,6100,6200,6010,6140,4646.167969,41120000,4625.989584,4547.79668
2003-05-05,6140,6140,6140,6140,4646.167969,0,4636.078776,4614.386621
2003-05-06,6210,6320,6210,6260,4736.972656,35920000,4676.436198,4652.221875
2003-05-07,6340,6400,6200,6390,4835.345215,49160000,4739.49528,4696.11084
2003-05-08,6390,6390,6390,6390,4835.345215,0,4802.554362,4739.999805
2003-05-09,6320,6370,6260,6340,4797.508789,22870000,4822.733073,4770.267969
2003-05-12,6500,6590,6460,6540,4948.848633,36610000,4860.567546,4830.804102
2003-05-13,6540,6540,6290,6320,4782.375,29390000,4842.910807,4839.88457
2003-05-14,6260,6300,6170,6190,4684.003906,24465000,4805.075846,4809.616309
2003-05-15,6240,6340,6150,6300,4767.241211,28510000,4744.540039,4795.995508
2003-05-16,6260,6310,6140,6140,4646.167969,31405000,4699.137695,4765.727344
2003-05-19,6050,6090,5980,6020,4555.364258,31090000,4656.257813,4687.030469
2003-05-20,5920,6140,5910,6130,4638.601074,23500000,4613.377767,4658.275684
2003-05-21,6090,6170,6050,6080,4600.766602,20475000,4598.243978,4641.628223
2003-05-22,6030,6170,5970,6000,4540.22998,24650000,4593.199219,4596.225977
2003-05-23,6080,6250,6070,6240,4721.838867,21445000,4620.94515,4611.360156
2003-05-26,6240,6370,6170,6340,4797.508789,21220000,4686.525879,4659.789062
2003-05-27,6300,6360,6230,6280,4752.106934,12840000,4757.15153,4682.490234
2003-05-28,6480,6510,6370,6420,4858.046875,34535000,4802.554199,4733.946289
2003-05-29,6420,6540,6360,6490,4911.015137,34130000,4840.389649,4808.10332
2003-05-30,6490,6510,6400,6480,4903.447754,23195000,4890.836589,4844.425098
2003-06-02,6580,6700,6580,6680,5054.789063,33215000,4956.417318,4895.881153
2003-06-03,6550,6600,6470,6470,4895.881836,26775000,4951.372884,4924.636133
2003-06-04,6520,6580,6430,6580,4979.119629,20430000,4976.596843,4948.850684
2003-06-05,6660,6730,6620,6670,5047.222656,27350000,4974.074707,4976.092188
2003-06-06,6670,6670,6670,6670,5047.222656,0,5024.521647,5004.847168
2003-06-09,6730,6890,6690,6880,5206.128906,38905000,5100.191406,5035.115137
2003-06-10,6800,6940,6780,6880,5206.128906,20680000,5153.160156,5097.164551
2003-06-11,6960,7050,6880,6900,5221.264648,27520000,5211.174153,5145.593554
2003-06-12,7000,7040,6950,7000,5296.934082,45395000,5241.442545,5195.53584
2003-06-13,7080,7120,6970,7010,5304.502441,29815000,5274.233724,5246.991797
2003-06-16,6900,6960,6820,6820,5160.728027,19060000,5254.05485,5237.911621
2003-06-17,7060,7150,6990,7140,5402.873047,42120000,5289.367838,5277.260449
2003-06-18,7030,7180,7030,7080,5357.471191,19355000,5307.024088,5304.501758
2003-06-19,7200,7500,7140,7400,5599.616211,48170000,5453.32015,5365.038183
2003-06-20,7300,7400,7280,7280,5508.812012,23375000,5488.633138,5405.900098
2003-06-23,7280,7300,7120,7140,5402.873047,20565000,5503.76709,5454.329102
2003-06-24,7000,7050,6980,7030,5319.63623,22885000,5410.44043,5437.681738
2003-06-25,7050,7210,7020,7190,5440.708496,17285000,5387.739258,5454.329199
2003-06-26,7050,7350,7050,7290,5516.378906,17265000,5425.574544,5437.681738
2003-06-27,7340,7410,7220,7220,5463.409668,22770000,5473.499023,5428.601269
2003-06-30,7160,7210,7070,7100,5372.60498,15605000,5450.797851,5422.547656
2003-07-01,7100,7250,7040,7240,5478.54541,13000000,5438.186686,5454.329492
2003-07-02,7390,7420,7310,7420,5614.75,25990000,5488.633463,5489.137793
2003-07-03,7640,7820,7580,7640,5781.226074,58735000,5624.840495,5542.107226
2003-07-04,7630,7710,7580,7680,5811.494629,12565000,5735.823568,5611.724219
2003-07-07,7740,7750,7670,7720,5841.761719,14800000,5811.494141,5705.555566
2003-07-08,7990,8000,7910,7970,6030.938965,62230000,5894.731771,5816.034277
2003-07-09,7980,7990,7890,7930,6000.670898,18865000,5957.790527,5893.218457
2003-07-10,7880,7960,7840,7840,5932.566895,25675000,5988.058919,5923.486621
2003-07-11,7760,7880,7700,7880,5962.835449,22460000,5965.357747,5953.754785
2003-07-14,7900,8210,7890,8190,6197.414063,46710000,6030.938802,6024.885254
2003-07-15,8220,8230,8080,8160,6174.711426,35205000,6111.653646,6053.639746
2003-07-16,8300,8410,8180,8360,6326.053223,41615000,6232.726237,6118.716211
2003-07-17,8360,8360,8360,8360,6326.053223,0,6275.605957,6197.413477
2003-07-18,7950,8160,7950,8080,6114.177246,45980000,6255.427897,6227.681836
2003-07-21,8040,8210,8040,8140,6159.578125,23485000,6199.936198,6220.114649
2003-07-22,8100,8240,8090,8240,6235.249512,21290000,6169.668294,6232.222266
2003-07-23,8300,8340,8040,8070,6106.608398,24025000,6167.145345,6188.333301
2003-07-24,8010,8180,7980,8130,6152.01123,25795000,6164.623047,6153.524902
2003-07-25,8080,8160,7980,8160,6174.711426,15045000,6144.443685,6165.631738
2003-07-28,8300,8390,8250,8360,6326.053223,20205000,6217.59196,6198.926758
2003-07-29,8400,8480,8360,8470,6409.291992,21905000,6303.352214,6233.735254
2003-07-30,8400,8470,8400,8430,6379.022461,16200000,6371.455892,6288.218066
2003-07-31,8400,8490,8270,8320,6295.785156,20615000,6361.366536,6316.972852
2003-08-01,8360,8540,8360,8520,6447.124512,25115000,6373.977376,6371.455469
2003-08-04,8400,8520,8400,8430,6379.022461,10235000,6373.977376,6382.049316
2003-08-05,8450,8590,8450,8560,6477.393555,15605000,6434.513509,6395.669629
2003-08-06,8400,8420,8220,8260,6250.381836,24635000,6368.932617,6369.941504
2003-08-07,8240,8250,8090,8200,6204.981445,15665000,6310.918945,6351.780762
2003-08-08,8200,8240,8090,8120,6144.445313,11095000,6199.936198,6291.244922
2003-08-11,7940,8160,7930,8160,6174.711426,17040000,6174.712728,6250.382715
2003-08-12,8200,8200,7950,8000,6053.63916,19490000,6124.2653,6165.631836
2003-08-13,8120,8260,8080,8250,6242.81543,13830000,6157.055339,6164.118555
2003-08-14,8370,8500,8270,8500,6431.991699,23680000,6242.81543,6209.520606
2003-08-15,8500,8500,8500,8500,6431.991699,0,6368.932943,6267.029883
2003-08-18,8550,8580,8350,8380,6341.187988,19925000,6401.723795,6300.325195
2003-08-19,8650,8700,8600,8600,6507.664063,23975000,6426.947917,6391.130176
2003-08-20,8620,8790,8560,8700,6583.33252,24660000,6477.394857,6459.233594
2003-08-21,8680,8840,8680,8830,6681.705078,23415000,6590.900554,6509.17627
2003-08-22,8860,8980,8830,8920,6749.808594,25245000,6671.615397,6572.739649
2003-08-25,8880,8950,8820,8860,6704.40625,16225000,6711.973307,6645.383301
2003-08-26,8780,8940,8730,8910,6742.239258,21695000,6732.151367,6692.29834
2003-08-27,8940,8950,8840,8860,6704.40625,20545000,6717.017253,6716.513086
2003-08-28,9000,9000,8730,8760,6628.734863,28335000,6691.793457,6705.919043
2003-08-29,8820,8840,8580,8700,6583.33252,26590000,6638.824544,6672.623828
2003-09-01,8740,8810,8650,8740,6613.602539,16540000,6608.556641,6654.463086
2003-09-02,8800,8820,8590,8610,6515.22998,16285000,6570.72168,6609.06123
2003-09-03,8640,8710,8580,8650,6545.498047,21495000,6558.110189,6577.27959
2003-09-04,8640,8770,8620,8720,6598.467285,14320000,6553.065104,6571.226074
2003-09-05,8840,8930,8800,8860,6704.40625,17780000,6616.123861,6595.44082
2003-09-08,8870,9030,8820,9030,6833.047852,18265000,6711.973796,6639.329883
2003-09-09,9160,9400,9140,9240,6991.95459,44905000,6843.136231,6734.674805
2003-09-10,9240,9240,9240,9240,6991.95459,0,6938.985677,6823.966113
2003-09-11,9240,9240,9240,9240,6991.95459,0,6991.95459,6902.663574
2003-09-12,9240,9240,9240,9240,6991.95459,0,6991.95459,6960.173242
2003-09-15,9100,9140,8740,8750,6621.168945,34760000,6868.359375,6917.797461
2003-09-16,8700,8900,8680,8890,6727.106934,22945000,6780.076823,6864.82793
2003-09-17,9000,9070,8930,8990,6802.778809,28225000,6717.018229,6826.992774
2003-09-18,9020,9030,8810,8880,6719.539063,23055000,6749.808269,6772.509668
2003-09-19,8990,9000,8530,8600,6507.664063,34340000,6676.660645,6675.651563
2003-09-22,8450,8480,7990,8060,6099.043945,42940000,6442.082357,6571.226563
2003-09-23,8000,8050,7780,7950,6015.803711,58805000,6207.503906,6428.965918
2003-09-24,8080,8150,7980,8100,6129.310059,48340000,6081.385905,6294.272168
2003-09-25,7820,8030,7780,8020,6068.773926,44665000,6071.295899,6164.119141
2003-09-26,7920,8010,7760,7760,5872.030762,37200000,6023.371582,6036.992481
2003-09-29,7750,7810,7560,7730,5849.330078,37810000,5930.044922,5987.049707
2003-09-30,7820,8000,7820,7840,5932.566895,42090000,5884.642578,5970.402344
2003-10-01,7760,8030,7740,8000,6053.63916,39630000,5945.178711,5955.268164
2003-10-02,8230,8230,8100,8170,6182.279785,41260000,6056.161947,5977.969336
2003-10-03,8170,8170,8170,8170,6182.279785,0,6139.399577,6040.019141
2003-10-06,8350,8510,8330,8420,6371.45459,44425000,6245.338053,6144.444043
2003-10-07,8540,8570,8430,8520,6447.124512,25115000,6333.619629,6247.355566
2003-10-08,8600,8600,8420,8480,6416.856934,32550000,6411.812012,6319.999121
2003-10-09,8480,8620,8450,8570,6484.962402,40505000,6449.647949,6380.535645
2003-10-10,8620,8960,8560,8900,6734.673828,41435000,6545.497721,6491.014453
2003-10-13,8780,8950,8720,8900,6734.673828,27460000,6651.436686,6563.658301
2003-10-14,8990,9120,8980,9060,6855.748047,34375000,6775.031901,6645.383008
2003-10-15,9120,9150,8940,9020,6825.477539,26060000,6805.299805,6727.107129
2003-10-16,9000,9190,8920,9190,6954.116699,37050000,6878.447428,6820.937988
2003-10-17,9180,9320,8990,9040,6840.612305,36790000,6873.402181,6842.125684
2003-10-20,8970,9200,8970,9160,6931.417969,28190000,6908.715658,6881.474512
2003-10-21,9240,9370,9140,9240,6991.95459,34390000,6921.328288,6908.71582
2003-10-22,9300,9420,9150,9400,7113.027344,29480000,7012.133301,6966.225781
2003-10-23,9180,9240,8900,8950,6772.509766,35460000,6959.1639,6929.904395
2003-10-24,8950,8990,8690,8740,6613.602539,30240000,6833.04655,6884.502442
2003-10-27,8750,8960,8710,8960,6780.076172,23240000,6722.062826,6854.234082
2003-10-28,8970,9290,8900,9240,6991.95459,32095000,6795.2111,6854.234082
2003-10-29,9420,9480,9330,9340,7067.625,34570000,6946.551921,6845.153613
2003-10-30,9400,9440,9320,9420,7128.160156,20885000,7062.579915,6916.283691
2003-10-31,9500,9510,9270,9400,7113.027344,24580000,7102.9375,7016.168652
2003-11-03,9400,9500,9330,9490,7181.130371,18040000,7140.772624,7096.379492
2003-11-04,9600,9690,9480,9580,7249.234375,40790000,7181.130697,7147.835449
2003-11-05,9480,9610,9440,9600,7264.366211,29740000,7231.576986,7187.183691
2003-11-06,9600,9610,9280,9300,7037.354004,32325000,7183.65153,7169.022461
2003-11-07,9400,9540,9360,9540,7218.966309,18955000,7173.562175,7190.210254
2003-11-10,9420,9490,9190,9320,7052.492188,26360000,7102.9375,7164.482617
2003-11-11,9120,9230,9060,9220,6976.819824,25245000,7082.75944,7109.999707
2003-11-12,9200,9400,9150,9400,7113.027344,15265000,7047.446452,7079.731934
2003-11-13,9560,9570,9410,9540,7218.966309,26885000,7102.937826,7116.054395
2003-11-14,9480,9570,9380,9380,7097.89209,19070000,7143.295248,7091.839551
2003-11-17,9300,9310,9080,9220,6976.819824,25245000,7097.892741,7076.705078
2003-11-18,9160,9350,9160,9330,7060.057617,14070000,7044.923177,7093.352637
2003-11-19,9120,9210,9050,9130,6908.717285,37555000,6981.864909,7052.490625
2003-11-20,9060,9130,8950,8980,6795.210449,32565000,6921.32845,6967.739453
2003-11-21,8950,9170,8920,9120,6901.149902,32800000,6868.359212,6928.391015
2003-11-24,9090,9130,8840,8870,6711.974121,21840000,6802.778157,6875.421875
2003-11-25,9020,9070,8920,9030,6833.047852,23760000,6815.390625,6830.019922
2003-11-26,9050,9130,8980,9100,6886.016113,18815000,6810.346029,6825.479687
2003-11-27,9100,9140,9010,9110,6893.583984,13295000,6870.88265,6845.154394
2003-11-28,9130,9340,9130,9300,7037.354004,18225000,6938.9847,6872.395215
2003-12-01,9300,9400,9210,9320,7052.492188,17665000,6994.476725,6940.498828
2003-12-02,9390,9410,9330,9370,7090.32373,19415000,7060.056641,6991.954004
2003-12-03,9400,9510,9330,9420,7128.160156,17055000,7090.325358,7040.382812
2003-12-04,9360,9400,9220,9220,6976.819824,21545000,7065.101237,7057.02998
2003-12-05,9210,9210,8990,9030,6833.047852,28375000,6979.342611,7016.16875
2003-12-08,9030,9060,8820,9000,6810.344727,28845000,6873.404134,6967.739258
2003-12-09,8980,9080,8880,8900,6734.673828,19600000,6792.688802,6896.609277
2003-12-10,8750,9060,8720,9060,6855.748047,52095000,6800.255534,6842.126856
2003-12-11,9060,9230,9050,9050,6848.180176,50760000,6812.86735,6816.398926
2003-12-12,9200,9250,9060,9100,6886.016113,21495000,6863.314779,6826.992578
2003-12-15,9200,9290,9150,9220,6976.819824,22075000,6903.672038,6860.287598
2003-12-16,9020,9160,8980,9080,6870.879883,24525000,6911.238607,6887.528809
2003-12-17,9100,9130,8840,8850,6696.839355,38820000,6848.179687,6855.74707
2003-12-18,8850,8880,8750,8850,6696.839355,39130000,6754.852864,6825.478906
2003-12-19,8910,9040,8870,8970,6787.644531,23530000,6727.107747,6805.80459
2003-12-22,8820,8960,8820,8840,6689.270508,22260000,6724.584798,6748.294726
2003-12-23,8880,8930,8840,8840,6689.270508,22600000,6722.061849,6711.972851
2003-12-24,8900,8930,8710,8780,6643.871094,29335000,6674.13737,6701.379199
2003-12-25,8780,8780,8780,8780,6643.871094,0,6659.004232,6690.785547
2003-12-26,8780,8840,8780,8830,6681.705078,21955000,6656.482422,6669.597656
2003-12-29,8800,8850,8760,8800,6659.00293,18440000,6661.526367,6663.544141
2003-12-30,8960,9080,8900,9020,6825.477539,22430000,6722.061849,6690.785547
2003-12-31,9020,9020,9020,9020,6825.477539,0,6769.986003,6727.106836
2004-01-01,9020,9020,9020,9020,6825.477539,0,6825.477539,6763.428125
2004-01-02,9020,9060,8930,8980,6795.210449,18940000,6815.388509,6786.129199
2004-01-05,8980,9150,8950,9150,6923.850098,22385000,6848.179362,6839.098633
2004-01-06,9340,9340,9170,9200,6961.685547,22405000,6893.582031,6866.340234
2004-01-07,9270,9380,9240,9300,7037.354004,19970000,6974.29655,6908.715527
2004-01-08,9420,9550,9370,9380,7097.89209,37520000,7032.310547,6963.198438
2004-01-09,9600,10240,9560,10160,7688.123535,73480000,7274.456543,7141.781055
2004-01-12,10100,10200,9960,10100,7642.720215,33995000,7476.24528,7285.555078
2004-01-13,10160,10180,10000,10060,7612.455078,22040000,7647.766276,7415.708984
2004-01-14,9820,9990,9820,9890,7483.813477,28740000,7579.662923,7505.000879
2004-01-15,9900,10000,9810,9930,7514.081055,31625000,7536.783203,7588.238672
2004-01-16,10020,10140,10000,10120,7657.853516,27745000,7551.916016,7582.184668
2004-01-19,10180,10480,10140,10420,7884.86377,26945000,7685.599447,7630.613379
2004-01-20,10420,10600,10300,10520,7960.536621,20150000,7834.417969,7700.229688
2004-01-21,10520,10520,10520,10520,7960.536621,0,7935.312337,7795.574317
2004-01-22,10520,10520,10520,10520,7960.536621,0,7960.536621,7884.86543
2004-01-23,10520,10520,10520,10520,7960.536621,0,7960.536621,7945.402051
2004-01-26,10840,11100,10700,10900,8248.083008,73785000,8056.385417,8018.045898
2004-01-27,11080,11080,10600,10700,8096.746094,34810000,8101.788574,8045.287793
2004-01-28,10760,10960,10640,10760,8142.145508,29185000,8162.32487,8081.60957
2004-01-29,10820,10820,10560,10660,8066.474121,23660000,8101.788574,8102.79707
2004-01-30,10660,10680,10420,10480,7930.26416,21515000,8046.294596,8096.742578
2004-02-02,10480,10600,10400,10600,8021.07373,12645000,8005.937337,8051.340723
2004-02-03,10300,10480,10280,10340,7824.330078,22930000,7925.222656,7996.857519
2004-02-04,10280,10340,10180,10180,7703.254883,18560000,7849.552897,7909.079394
2004-02-05,10100,10300,10060,10240,7748.659668,18245000,7758.74821,7845.516504
2004-02-06,10320,10700,10280,10540,7975.670898,34875000,7809.19515,7854.597851
2004-02-09,10720,10920,10700,10860,8217.81543,22635000,7980.715332,7893.946191
2004-02-10,10940,11000,10760,10920,8263.217773,20570000,8152.2347,7981.72373
2004-02-11,11000,11180,10960,11080,8384.291992,30435000,8288.441732,8117.931152
2004-02-12,11200,11200,10920,10980,8308.619141,28550000,8318.709635,8229.923047
2004-02-13,10900,11100,10840,11100,8399.426758,16760000,8364.11263,8314.674219
2004-02-16,11100,11320,11020,11260,8520.498047,31250000,8409.514649,8375.210742
2004-02-17,11220,11420,11120,11200,8475.095703,18220000,8465.006836,8417.586328
2004-02-18,11260,11360,10980,10980,8308.619141,18650000,8434.73763,8402.451758
2004-02-19,11020,11100,10900,11100,8399.426758,18885000,8394.380534,8420.613281
2004-02-20,10940,11080,10880,10980,8308.619141,18165000,8338.888347,8402.451758
2004-02-23,10900,11040,10780,10940,8278.349609,19085000,8328.798503,8354.02207
2004-02-24,10800,10880,10580,10620,8036.206055,30425000,8207.724935,8266.244141
2004-02-25,10560,10580,10440,10500,7945.402832,24540000,8086.652832,8193.600879
2004-02-26,10540,10640,10460,10520,7960.536621,17225000,7980.715169,8105.822852
2004-02-27,10400,10900,10400,10900,8248.083008,20965000,8051.34082,8093.715625
2004-03-01,10900,10900,10900,10900,8248.083008,0,8152.234212,8087.662305
2004-03-02,11100,11160,10980,11080,8384.291992,24930000,8293.486003,8157.279492
2004-03-03,11100,11180,11040,11080,8384.291992,17960000,8338.888997,8245.057324
2004-03-04,11080,11380,11040,11380,8611.300781,21405000,8459.961588,8375.210156
2004-03-05,11420,11420,11280,11280,8535.631836,21440000,8510.408203,8432.719922
2004-03-08,11220,11260,10940,10980,8308.619141,20235000,8485.183919,8444.827148
2004-03-09,10800,10900,10700,10780,8157.27832,17675000,8333.843099,8399.424414
2004-03-10,10760,10840,10600,10620,8036.206055,22620000,8167.367839,8329.807227
2004-03-11,10580,10820,10560,10660,8066.474121,46135000,8086.652832,8220.841895
2004-03-12,10600,10660,10140,10480,7930.26416,46065000,8010.981445,8099.768359
2004-03-15,10640,10660,10500,10500,7945.402832,18220000,7980.713704,8027.125098
2004-03-16,10340,10560,10280,10560,7990.803711,19705000,7955.490234,7993.830176
2004-03-17,10680,10940,10640,10900,8248.083008,21170000,8061.42985,8036.205566
2004-03-18,10960,10960,10740,10880,8232.949219,22035000,8157.278646,8069.500586
2004-03-19,10820,11100,10800,11100,8399.426758,17055000,8293.486328,8163.333106
2004-03-22,11000,11080,10820,10880,8232.949219,20000000,8288.441732,8220.842383
2004-03-23,10700,10880,10640,10820,8187.547363,19105000,8273.30778,8260.191113
2004-03-24,10800,10900,10700,10840,8202.68457,21040000,8207.727051,8251.111426
2004-03-25,10900,10940,10620,10700,8096.746094,23440000,8162.326009,8223.870801
2004-03-26,10940,11080,10860,10900,8248.083008,42705000,8182.504557,8193.602051
2004-03-29,10980,11220,10960,11100,8399.426758,24570000,8248.085287,8226.897559
2004-03-30,11240,11300,11140,11200,8475.095703,20140000,8374.201823,8284.407227
2004-03-31,11360,11440,11260,11440,8656.704102,29890000,8510.408854,8375.211133
2004-04-01,11400,11500,11360,11500,8702.106445,19785000,8611.302083,8496.283203
2004-04-02,11560,11580,11300,11300,8550.763672,20525000,8636.52474,8556.819336
2004-04-05,11300,11300,11300,11300,8550.763672,0,8601.211263,8587.086719
2004-04-06,11680,11900,11640,11900,9004.787109,41690000,8702.104818,8693.025
2004-04-07,11900,12140,11820,12000,9080.459961,27205000,8878.670247,8777.776172
2004-04-08,12100,12100,11940,12100,9156.128906,21400000,9080.458659,8868.580664
2004-04-09,11980,12000,11800,11900,9004.787109,16065000,9080.458659,8959.385351
2004-04-12,11900,12280,11880,12200,9231.800781,21795000,9130.905599,9095.592773
2004-04-13,12300,12440,12240,12320,9322.604492,30255000,9186.397461,9159.15625
2004-04-14,12320,12320,12160,12300,9307.473633,40205000,9287.292969,9204.558984
2004-04-15,12300,12300,12300,12300,9307.473633,0,9312.517253,9234.82793
2004-04-16,12200,12200,11840,11880,8989.655273,55345000,9201.53418,9231.801562
2004-04-19,11900,11980,11820,11980,9065.330078,38710000,9120.819661,9198.507422
2004-04-20,12140,12300,11980,12300,9307.473633,34160000,9120.819661,9195.48125
2004-04-21,12260,12540,12160,12500,9458.8125,43295000,9277.205404,9225.749023
2004-04-22,12500,12620,12340,12400,9383.143555,36920000,9383.143229,9240.883008
2004-04-23,12500,12740,12440,12740,9640.423828,36010000,9494.126628,9371.036719
2004-04-26,12740,12760,12520,12520,9473.945313,28090000,9499.170899,9452.759766
2004-04-27,12520,12580,12300,12360,9352.875,35100000,9489.08138,9461.840039
2004-04-28,12360,12380,12020,12040,9110.728516,39765000,9312.516276,9392.223242
2004-04-29,11700,11800,11440,11520,8717.241211,60840000,9060.281576,9259.042774
2004-04-30,11200,11420,10980,11140,8429.691406,69125000,8752.553711,9016.896289
2004-05-03,11140,11220,10920,11120,8414.558594,38245000,8520.49707,8805.018945
2004-05-04,11120,11280,11000,11100,8399.426758,47555000,8414.558919,8614.329297
2004-05-05,11100,11100,11100,11100,8399.426758,0,8404.470703,8472.068945
2004-05-06,10960,11000,10520,10560,7990.803711,58090000,8263.219076,8326.781445
2004-05-07,10500,10800,10360,10800,8172.413574,45745000,8187.548014,8275.325879
2004-05-10,10600,10680,9840,10180,7703.254883,50775000,7955.490723,8133.065137
2004-05-11,10180,10320,9980,10020,7582.183105,52660000,7819.283854,7969.616406
2004-05-12,10300,10600,10220,10500,7945.402832,45270000,7743.613607,7878.811621
2004-05-13,10400,10500,10140,10140,7672.990234,38605000,7733.52539,7815.248926
2004-05-14,10220,10320,9710,9830,7438.413086,53855000,7685.602051,7668.448828
2004-05-17,9760,9840,9160,9160,6931.417969,54650000,7347.607096,7514.081445
2004-05-18,9010,9560,8960,9470,7165.99707,54350000,7178.609375,7430.844238
2004-05-19,9580,10120,9570,10000,7567.04834,41465000,7221.487793,7355.17334
2004-05-20,9920,10180,9740,9890,7483.813477,41540000,7405.619629,7317.337988
2004-05-21,9990,10040,9870,10040,7597.317383,22495000,7549.393067,7349.118848
2004-05-24,10280,10300,10120,10220,7733.523926,19995000,7604.884929,7509.540039
2004-05-25,10040,10060,9830,9840,7445.975098,27125000,7592.272136,7565.535645
2004-05-26,9840,9840,9840,9840,7445.975098,0,7541.824707,7541.320996
2004-05-27,10220,10260,10100,10120,7657.853516,28035000,7516.601237,7576.129004
2004-05-28,10320,10400,10200,10400,7869.734375,25515000,7657.85433,7630.612403
2004-05-31,10340,10360,9990,10120,7657.853516,23875000,7728.480469,7615.478321
2004-06-01,10160,10340,10120,10300,7794.062988,15500000,7773.883626,7685.095899
2004-06-02,10200,10220,9980,10040,7597.317383,25795000,7683.077962,7715.364356
2004-06-03,10060,10140,9470,9470,7165.99707,51000000,7519.125814,7616.993066
2004-06-04,9500,9630,9340,9620,7279.500977,33960000,7347.605143,7498.946387
2004-06-07,9840,9940,9770,9920,7506.514648,28310000,7317.337565,7468.678613
2004-06-08,10100,10140,9920,9960,7536.781738,20680000,7440.932454,7417.222363
2004-06-09,10080,10100,9610,9660,7309.767578,28850000,7451.021321,7359.712402
2004-06-10,9500,9580,9300,9360,7082.759766,55930000,7309.769694,7343.064941
2004-06-11,9360,9370,8660,8730,6606.032715,72110000,6999.52002,7208.371289
2004-06-14,8600,8880,8530,8570,6484.962402,46480000,6724.584961,7004.06084
2004-06-15,8600,8770,8420,8770,6636.302246,39720000,6575.765788,6823.964941
2004-06-16,8800,9030,8690,8720,6598.467285,37445000,6573.243978,6681.704883
2004-06-17,8790,8840,8580,8840,6689.270508,36855000,6641.34668,6603.007031
2004-06-18,8700,8880,8560,8710,6590.900879,26215000,6626.212891,6599.980664
2004-06-21,8800,8980,8740,8920,6749.808594,30140000,6676.659994,6652.949902
2004-06-22,8840,8890,8710,8880,6719.539063,21445000,6686.749512,6669.597266
2004-06-23,9000,9080,8870,8980,6795.210449,28555000,6754.852702,6708.945899
2004-06-24,9240,9450,9180,9390,7105.458008,36185000,6873.402507,6792.183399
2004-06-25,9490,9660,9430,9640,7294.638184,30360000,7065.102214,6932.93086
2004-06-28,9600,9600,9290,9360,7082.759766,26850000,7160.951986,6999.521094
2004-06-29,9200,9470,9160,9420,7128.160156,23050000,7168.519369,7081.245313
2004-06-30,9490,9590,9390,9540,7218.966309,25990000,7143.29541,7165.996485
2004-07-01,9520,9550,9290,9300,7037.354004,25615000,7128.160156,7152.375684
2004-07-02,9100,9100,8820,8880,6719.539063,35895000,6991.953125,7037.35586
2004-07-05,8880,8930,8670,8860,6704.40625,27500000,6820.433106,6961.685156
2004-07-06,8730,8930,8730,8820,6674.136719,22855000,6699.360677,6870.880469
2004-07-07,8500,8740,8400,8740,6613.602539,37500000,6664.048503,6749.807715
2004-07-08,8540,8640,8390,8400,6356.322266,55340000,6548.020508,6613.601367
2004-07-09,8360,8510,8350,8480,6416.856934,38780000,6462.26058,6553.064942
2004-07-12,8520,8590,8440,8460,6401.724609,33385000,6391.634603,6492.528613
2004-07-13,8530,8670,8440,8670,6560.632324,25770000,6459.737956,6469.827734
2004-07-14,8590,8650,8330,8360,6326.053223,30450000,6429.470052,6412.317871
2004-07-15,8320,8380,7990,8170,6182.279785,57275000,6356.321777,6377.509375
2004-07-16,8080,8460,7990,8460,6401.724609,48085000,6303.352539,6374.48291
2004-07-19,8300,8550,8280,8530,6454.694336,24125000,6346.23291,6385.076855
2004-07-20,8380,8460,8340,8340,6310.918945,20245000,6389.11263,6335.13418
2004-07-21,8530,8630,8500,8590,6500.094238,23740000,6421.902506,6369.942383
2004-07-22,8350,8370,8270,8350,6318.48584,31100000,6376.499674,6397.183594
2004-07-23,8340,8430,8310,8360,6326.053223,19550000,6381.544434,6382.049316
2004-07-26,8200,8410,8200,8360,6326.053223,16385000,6323.530762,6356.321094
2004-07-27,8280,8420,8200,8400,6356.322266,20840000,6336.142904,6365.401758
2004-07-28,8540,8590,8420,8460,6401.724609,23450000,6361.366699,6345.727832
2004-07-29,8310,8360,8200,8220,6220.114746,17945000,6326.053874,6326.053613
2004-07-30,8330,8390,8280,8340,6310.918945,19500000,6310.919433,6323.026758
2004-08-02,8350,8350,8160,8160,6174.711426,22380000,6235.248372,6292.758398
2004-08-03,8200,8300,8180,8260,6250.381836,14365000,6245.337402,6271.570312
2004-08-04,8110,8260,8060,8260,6250.381836,18795000,6225.158366,6241.301758
2004-08-05,8260,8470,8210,8460,6401.724609,21590000,6300.829427,6277.62373
2004-08-06,8300,8520,8280,8390,6348.756348,17920000,6333.620931,6285.191211
2004-08-09,8160,8380,8160,8380,6341.187988,25340000,6363.889648,6318.486523
2004-08-10,8340,8510,8330,8480,6416.856934,18820000,6368.933757,6351.781543
2004-08-11,8560,8610,8510,8510,6439.558105,18415000,6399.201009,6389.616797
2004-08-12,8460,8620,8430,8620,6522.797852,28485000,6459.73763,6413.831445
2004-08-13,8620,8800,8520,8760,6628.734863,24825000,6530.363607,6469.827148
2004-08-16,8720,8760,8530,8600,6507.664063,18070000,6553.065593,6503.122363
2004-08-17,8700,8720,8510,8510,6439.558105,14355000,6525.31901,6507.662598
2004-08-18,8590,8640,8450,8600,6507.664063,20750000,6484.962077,6521.283789
2004-08-19,8690,8840,8680,8830,6681.705078,27970000,6542.975749,6553.065234
2004-08-20,8790,8790,8670,8680,6568.200195,16310000,6585.856445,6540.958301
2004-08-23,8740,8790,8620,8760,6628.734863,21770000,6626.213379,6565.172461
2004-08-24,8780,8940,8690,8900,6734.673828,20250000,6643.869629,6624.195605
2004-08-25,8920,9060,8860,9020,6825.477539,22865000,6729.628743,6687.758301
2004-08-26,9100,9180,9070,9120,6901.149902,24855000,6820.433756,6731.647265
2004-08-27,9120,9200,9080,9170,6938.984375,20145000,6888.537272,6805.804101
2004-08-30,9170,9250,9110,9160,6931.417969,12080000,6923.850749,6866.340723
2004-08-31,9020,9080,8930,9020,6825.477539,23415000,6898.626628,6884.501465
2004-09-01,9020,9140,8950,9060,6855.748047,18865000,6870.881185,6890.555566
2004-09-02,9040,9120,8960,9040,6840.612305,17605000,6840.61263,6878.448047
2004-09-03,8920,8960,8730,8730,6606.032715,32385000,6767.464356,6811.857715
2004-09-06,8700,8730,8570,8670,6560.632324,23680000,6669.092448,6737.700586
2004-09-07,8680,8740,8640,8680,6568.200195,13220000,6578.288411,6686.245117
2004-09-08,8680,8800,8670,8670,6560.632324,17265000,6563.154948,6627.221973
2004-09-09,8670,8800,8620,8780,6643.871094,32100000,6590.901204,6587.87373
2004-09-10,8840,9190,8760,9150,6923.850098,43785000,6709.451172,6651.437207
2004-09-13,9270,9500,9240,9500,7188.697266,39665000,6918.806153,6777.050195
2004-09-14,9740,9760,9620,9670,7317.338867,40560000,7143.29541,6926.87793
2004-09-15,9550,9700,9540,9560,7234.098145,24865000,7246.711426,7061.571094
2004-09-16,9420,9720,9380,9600,7264.366211,29380000,7271.934408,7185.670117
2004-09-17,9600,9640,9370,9390,7105.458008,34445000,7201.307455,7221.991699
2004-09-20,9370,9530,9340,9380,7097.89209,23480000,7155.905436,7203.830664
2004-09-21,9460,9490,9380,9480,7173.564941,17715000,7125.638346,7175.075879
2004-09-22,9500,9580,9250,9250,6999.52002,19635000,7090.325684,7128.160254
2004-09-23,9160,9200,9090,9200,6961.685547,23755000,7044.923503,7067.624121
2004-09-24,9120,9230,9080,9180,6946.551758,17320000,6969.252442,7035.842871
2004-09-27,9180,9180,9180,9180,6946.551758,0,6951.596354,7005.574805
2004-09-28,9180,9180,9180,9180,6946.551758,0,6946.551758,6960.172168
2004-09-29,9180,9180,9180,9180,6946.551758,0,6946.551758,6949.578516
2004-09-30,9060,9180,9060,9160,6931.417969,26600000,6941.507162,6943.525
2004-10-01,9160,9270,9120,9220,6976.819824,26530000,6951.596517,6949.578613
2004-10-04,9420,9800,9420,9800,7415.706543,31830000,7107.981445,7043.40957
2004-10-05,9860,9860,9680,9760,7385.441406,23165000,7259.322591,7131.1875
2004-10-06,9790,10020,9700,9890,7483.813477,36150000,7428.320475,7238.639844
2004-10-07,9820,9890,9640,9760,7385.441406,18145000,7418.232096,7329.444531
2004-10-08,9660,9750,9490,9530,7211.397949,41800000,7360.217611,7376.360156
2004-10-11,9410,9450,9310,9330,7060.057617,38415000,7218.965657,7305.230371
2004-10-12,9280,9280,8920,8920,6749.808594,53085000,7007.088053,7178.103809
2004-10-13,8940,9020,8930,8980,6795.210449,36390000,6868.358887,7040.383203
2004-10-14,8960,8960,8740,8880,6719.539063,50850000,6754.852702,6907.202734
2004-10-15,8820,8930,8730,8740,6613.602539,64695000,6709.450684,6787.643652
2004-10-18,8640,8720,8560,8650,6545.498047,37125000,6626.213216,6684.731738
2004-10-19,8800,8870,8720,8770,6636.302246,26410000,6598.467611,6662.030469
2004-10-20,8620,8780,8550,8570,6484.962402,24915000,6555.587565,6599.980859
2004-10-21,8570,8720,8550,8580,6492.52832,29165000,6537.930989,6554.578711
2004-10-22,8700,8830,8680,8750,6621.168945,23290000,6532.886556,6556.091992
2004-10-25,8660,8660,8490,8560,6477.393555,31530000,6530.363607,6542.471094
2004-10-26,8590,8670,8580,8600,6507.664063,13740000,6535.408854,6516.743457
2004-10-27,8670,8700,8490,8580,6492.52832,26595000,6492.528646,6518.256641
2004-10-28,8820,8850,8680,8790,6651.437012,22675000,6550.543132,6550.038379
2004-10-29,8760,8800,8650,8790,6651.437012,26760000,6598.467448,6556.091992
2004-11-01,8750,8820,8660,8790,6651.437012,11390000,6651.437012,6590.900684
2004-11-02,8720,8860,8720,8800,6659.00293,16450000,6653.958985,6621.168457
2004-11-03,8840,9100,8820,9100,6886.016113,25215000,6732.152018,6699.866016
2004-11-04,9120,9130,8960,8960,6780.076172,30080000,6775.031738,6725.593848
2004-11-05,9040,9080,8990,9050,6848.180176,32055000,6838.09082,6764.942481
2004-11-08,9170,9170,8800,8800,6659.00293,21140000,6762.419759,6766.455664
2004-11-09,8690,8750,8600,8620,6522.797852,26775000,6676.660319,6739.214649
2004-11-10,8640,8780,8640,8780,6643.871094,18300000,6608.557292,6690.785645
2004-11-11,8780,8860,8710,8740,6613.602539,30540000,6593.423828,6657.490918
2004-11-12,8980,9020,8870,8970,6787.644531,22700000,6681.706055,6645.383789
2004-11-15,9060,9200,9050,9130,6908.717285,19030000,6769.988118,6695.32666
2004-11-16,9180,9200,9100,9110,6893.583984,24750000,6863.315267,6769.483887
2004-11-17,9120,9250,9110,9230,6984.383789,21975000,6928.895019,6837.586426
2004-11-18,9300,9390,9200,9270,7014.655273,29425000,6964.207682,6917.796972
2004-11-19,9200,9320,8990,9080,6870.879883,22255000,6956.639648,6934.444043
2004-11-22,8840,8910,8730,8800,6659.00293,34575000,6848.179362,6884.501172
2004-11-23,8900,8910,8760,8820,6674.136719,23210000,6734.673177,6840.611719
2004-11-24,8760,8840,8680,8790,6651.437012,23150000,6661.525554,6774.022363
2004-11-25,8800,8890,8760,8820,6674.136719,22185000,6666.57015,6705.918653
2004-11-26,8770,8920,8630,8660,6553.063477,26750000,6626.212403,6642.355371
2004-11-29,8580,8620,8470,8520,6447.124512,31270000,6558.108236,6599.979688
2004-11-30,8540,8700,8510,8690,6575.767578,30700000,6525.318522,6580.30586
2004-12-01,8570,8610,8490,8580,6492.52832,21670000,6505.140137,6548.524121
2004-12-02,8720,8760,8540,8570,6484.962402,25995000,6517.752767,6510.689258
2004-12-03,8660,8680,8460,8520,6447.124512,34600000,6474.871745,6489.501465
2004-12-06,8500,8500,8360,8360,6326.053223,19665000,6419.380046,6465.287207
2004-12-07,8290,8370,8210,8220,6220.114746,26775000,6331.097494,6394.156641
2004-12-08,8110,8390,8060,8390,6348.756348,27215000,6298.308106,6365.402246
2004-12-09,8340,8410,8200,8260,6250.381836,40085000,6273.08431,6318.486133
2004-12-10,8220,8240,8090,8120,6144.445313,25880000,6247.861166,6257.950293
2004-12-13,8000,8070,7980,8040,6083.90918,24525000,6159.578776,6209.521485
2004-12-14,8040,8270,8040,8250,6242.81543,27680000,6157.056641,6214.061621
2004-12-15,8360,8570,8360,8570,6484.962402,33480000,6270.562337,6241.302832
2004-12-16,8670,8880,8640,8800,6659.00293,43090000,6462.260254,6323.027051
2004-12-17,8820,8890,8710,8880,6719.539063,22510000,6621.168132,6438.045801
2004-12-20,8740,8920,8740,8900,6734.673828,17350000,6704.405274,6568.198731
2004-12-21,8920,8940,8800,8920,6749.808594,14980000,6734.673828,6669.597363
2004-12-22,8970,8990,8840,8850,6696.839355,15735000,6727.107259,6711.972754
2004-12-23,8900,8920,8640,8690,6575.767578,15875000,6674.138509,6695.325684
2004-12-24,8690,8700,8600,8660,6553.063477,15915000,6608.556803,6662.030566
2004-12-27,8660,8750,8630,8750,6621.168945,11770000,6583.333333,6639.32959
2004-12-28,8720,8760,8630,8720,6598.467285,13635000,6590.899902,6609.061328
2004-12-29,8680,8890,8670,8890,6727.106934,17105000,6648.914388,6615.114844
2004-12-30,8860,9020,8860,9010,6817.912109,17265000,6714.495443,6663.54375
2004-12-31,9010,9010,9010,9010,6817.912109,0,6787.643717,6716.513476
2005-01-03,9050,9060,8920,9020,6825.477539,10925000,6820.433919,6757.375195
2005-01-04,9000,9020,8920,8940,6764.942871,14015000,6802.777506,6790.670312
2005-01-05,8800,8860,8730,8860,6704.40625,23365000,6764.94222,6786.130176
2005-01-06,8780,8910,8700,8700,6583.33252,17150000,6684.227214,6739.214258
2005-01-07,8820,8830,8710,8810,6666.572754,13615000,6651.437175,6708.946387
2005-01-10,8840,8840,8750,8760,6628.734863,12505000,6626.213379,6669.597852
2005-01-11,8760,8840,8670,8840,6689.270508,27855000,6661.526042,6654.463379
2005-01-12,8870,8880,8800,8840,6689.270508,14720000,6669.09196,6651.436231
2005-01-13,8840,8940,8820,8880,6719.539063,23695000,6699.360026,6678.677539
2005-01-14,8800,9480,8790,9430,7135.72998,71900000,6848.17985,6772.508984
2005-01-17,9800,9890,9650,9850,7453.543945,61795000,7102.937663,6937.470801
2005-01-18,9800,9810,9690,9720,7355.174316,30240000,7314.81608,7070.651562
2005-01-19,9720,9770,9580,9600,7264.366211,22850000,7357.694824,7185.670703
2005-01-20,9600,9700,9510,9600,7264.366211,19270000,7294.635579,7294.636133
2005-01-21,9500,9720,9500,9720,7355.174316,15030000,7294.635579,7338.525
2005-01-24,9650,9760,9550,9760,7385.441406,19070000,7334.993978,7324.904492
2005-01-25,9600,9700,9580,9670,7317.338867,18165000,7352.65153,7317.337402
2005-01-26,9700,9870,9690,9810,7423.274414,24885000,7375.351562,7349.119043
2005-01-27,9900,9900,9810,9840,7445.975098,19990000,7395.52946,7385.44082
2005-01-28,9830,9830,9600,9780,7400.576172,14220000,7423.275228,7394.521191
2005-01-31,9760,9900,9680,9900,7491.376953,16465000,7445.976074,7415.708301
2005-02-01,9900,9970,9830,9830,7438.413086,21855000,7443.455404,7439.923145
2005-02-02,9830,9880,9730,9810,7423.274414,19750000,7451.021484,7439.923145
2005-02-03,9720,9940,9720,9920,7506.514648,17445000,7456.067383,7452.031055
2005-02-04,9880,9970,9860,9910,7498.943359,12855000,7476.24414,7471.704492
2005-02-07,10120,10240,10060,10200,7718.390625,33935000,7574.616211,7517.107226
2005-02-08,10200,10200,10200,10200,7718.390625,0,7645.241536,7573.102734
2005-02-09,10200,10200,10200,10200,7718.390625,0,7718.390625,7632.125976
2005-02-10,10200,10200,10200,10200,7718.390625,0,7718.390625,7674.501172
2005-02-11,10100,10180,10020,10120,7657.853516,25885000,7698.211589,7706.283203
2005-02-14,10260,10440,10200,10340,7824.330078,28265000,7733.52474,7727.471094
2005-02-15,10400,10420,10220,10380,7854.598633,26745000,7778.927409,7754.712695
2005-02-16,10440,10620,10360,10400,7869.734375,24010000,7849.554362,7784.981445
2005-02-17,10340,10440,10300,10340,7824.330078,17510000,7849.554362,7806.169336
2005-02-18,10360,10540,10280,10540,7975.670898,18355000,7889.911784,7869.732812
2005-02-21,10600,10640,10480,10560,7990.803711,23430000,7930.268229,7903.027539
2005-02-22,10560,10580,10360,10440,7900.000977,17855000,7955.491862,7912.108008
2005-02-23,10280,10320,10180,10220,7733.523926,19745000,7874.776205,7884.865918
2005-02-24,10200,10400,10140,10380,7854.598633,20985000,7829.374512,7890.919629
2005-02-25,10480,10580,10420,10440,7900.000977,20880000,7829.374512,7875.785645
2005-02-28,10600,10620,10420,10540,7975.670898,27705000,7910.090169,7872.759082
2005-03-01,10540,10540,10540,10540,7975.670898,0,7950.447591,7887.893066
2005-03-02,10500,10560,10340,10340,7824.330078,27425000,7925.223958,7906.054297
2005-03-03,10300,10520,10240,10380,7854.598633,30335000,7884.866536,7906.054297
2005-03-04,10340,10340,10160,10200,7718.390625,24410000,7799.106445,7869.732226
2005-03-07,10300,10300,10000,10140,7672.990234,29515000,7748.659831,7809.196094
2005-03-08,10140,10160,10000,10040,7597.317383,26380000,7662.899414,7733.525391
2005-03-09,9980,10000,9830,10000,7567.04834,24890000,7612.451986,7682.069043
2005-03-10,10060,10160,9990,9990,7559.485352,31630000,7574.617025,7623.046387
2005-03-11,10140,10380,10080,10380,7854.598633,32010000,7660.377442,7650.287988
2005-03-14,10260,10320,10160,10200,7718.390625,20845000,7710.82487,7659.368067
2005-03-15,10240,10280,9980,10040,7597.317383,25030000,7723.435547,7659.368067
2005-03-16,9980,10080,9910,10060,7612.455078,18545000,7642.721029,7668.449414
2005-03-17,9860,9970,9840,9920,7506.514648,20875000,7572.095703,7657.855273
2005-03-18,9860,9960,9860,9900,7491.376953,12750000,7536.782226,7585.210937
2005-03-21,9830,9980,9800,9840,7445.975098,16770000,7481.2889,7530.727832
2005-03-22,9860,10020,9790,9920,7506.514648,15795000,7481.2889,7512.567285
2005-03-23,9860,9990,9830,9970,7544.349121,15920000,7498.946289,7498.946094
2005-03-24,10020,10120,9950,10060,7612.455078,20100000,7554.439616,7520.13418
2005-03-25,10100,10120,10000,10100,7642.720215,10875000,7599.841471,7550.402832
2005-03-28,10200,10220,10140,10200,7718.390625,8980000,7657.855306,7604.885937
2005-03-29,10200,10220,10000,10040,7597.317383,16855000,7652.809408,7623.046484
2005-03-30,9880,9990,9880,9960,7536.781738,18145000,7617.496582,7621.533008
2005-03-31,10120,10140,10020,10040,7597.317383,17335000,7577.138835,7618.505469
2005-04-01,10040,10320,10000,10240,7748.659668,22655000,7627.586263,7639.693359
2005-04-04,10240,10340,10200,10340,7824.330078,17215000,7723.43571,7660.88125
2005-04-05,10340,10340,10340,10340,7824.330078,0,7799.106608,7706.283789
2005-04-06,10360,10400,10200,10360,7839.462891,20505000,7829.374349,7766.82002
2005-04-07,10360,10400,10300,10360,7839.462891,17855000,7834.41862,7815.249121
2005-04-08,10480,10500,10400,10440,7900.000977,13945000,7859.642253,7845.517383
2005-04-11,10440,10440,10320,10340,7824.330078,9565000,7854.597982,7845.517383
2005-04-12,10320,10400,10260,10400,7869.734375,10385000,7864.688477,7854.598242
2005-04-13,10360,10400,10320,10360,7839.462891,10675000,7844.509115,7854.598242
2005-04-14,10260,10280,10040,10040,7597.317383,33175000,7768.838216,7806.169141
2005-04-15,10000,10040,9780,9830,7438.413086,43345000,7625.064453,7713.851563
2005-04-18,9470,9630,9440,9520,7203.831055,43245000,7413.187175,7589.751758
2005-04-19,9540,9600,9480,9480,7173.564941,30145000,7271.936361,7450.517871
2005-04-20,9570,9660,9380,9400,7113.027344,32885000,7163.474447,7305.230762
2005-04-21,9240,9400,9150,9320,7052.492188,29320000,7113.028158,7196.265723
2005-04-22,9500,9520,9340,9340,7067.625,16725000,7077.714844,7122.108106
2005-04-25,9240,9490,9240,9490,7181.130371,16435000,7100.415853,7117.567969
2005-04-26,9490,9490,9420,9420,7128.160156,9375000,7125.638509,7108.487012
2005-04-27,9260,9340,9220,9280,7022.222168,20590000,7110.504232,7090.325977
2005-04-28,9260,9270,9140,9200,6961.685547,19700000,7037.355957,7072.164648
2005-04-29,9040,9130,8990,9040,6840.612305,29275000,6941.506673,7026.762109
2005-05-02,9120,9160,9000,9110,6893.583984,11845000,6898.627279,6969.252832
2005-05-03,9100,9230,9050,9100,6886.016113,13870000,6873.404134,6920.824023
2005-05-04,9100,9340,9100,9290,7029.789551,17315000,6936.463216,6922.3375
2005-05-05,9290,9290,9290,9290,7029.789551,0,6981.865072,6935.958301
2005-05-06,9330,9510,9330,9480,7173.564941,24680000,7077.714681,7002.548828
2005-05-09,9500,9550,9410,9500,7188.697266,20035000,7130.683919,7061.571484
2005-05-10,9560,9590,9510,9540,7218.966309,10675000,7193.742839,7128.161524
2005-05-11,9500,9510,9430,9440,7143.297363,17300000,7183.653646,7150.863086
2005-05-12,9480,9600,9480,9500,7188.697266,20860000,7183.653646,7182.644629
2005-05-13,9500,9700,9440,9630,7287.070801,20545000,7206.355143,7205.345801
2005-05-16,9700,9800,9680,9760,7385.441406,17350000,7287.069824,7244.694629
2005-05-17,9800,9860,9670,9790,7408.144043,18175000,7360.21875,7282.530176
2005-05-18,9890,9900,9780,9790,7408.144043,17095000,7400.576497,7335.499512
2005-05-19,9860,10020,9850,9970,7544.349121,25435000,7453.545736,7406.629883
2005-05-20,9990,10040,9900,9970,7544.349121,11685000,7498.947428,7458.085547
2005-05-23,9920,9970,9890,9960,7536.781738,8045000,7541.82666,7488.353613
2005-05-24,9930,9970,9860,9900,7491.376953,12750000,7524.169271,7505.000195
2005-05-25,9870,9930,9670,9690,7332.470215,21315000,7453.542969,7489.86543
2005-05-26,9630,9700,9590,9640,7294.638184,13895000,7372.828451,7439.923242
2005-05-27,9800,9860,9730,9800,7415.706543,18775000,7347.604981,7414.194727
2005-05-30,9800,9880,9800,9870,7468.678711,11435000,7393.007813,7400.574121
2005-05-31,9850,9880,9730,9780,7400.576172,22275000,7428.320475,7382.413965
2005-06-01,9670,9790,9660,9780,7400.576172,16545000,7423.277018,7396.035156
2005-06-02,9900,9910,9750,9750,7377.873047,18320000,7393.008464,7412.682129
2005-06-03,9760,9830,9710,9760,7385.441406,17675000,7387.963542,7406.629102
2005-06-06,9760,9760,9760,9760,7385.441406,0,7382.91862,7389.981641
2005-06-07,9680,9700,9600,9610,7271.935547,24125000,7347.60612,7364.253516
2005-06-08,9560,9620,9500,9550,7226.53125,26785000,7294.636068,7329.444531
2005-06-09,9510,9600,9430,9600,7264.366211,37520000,7254.277669,7306.743164
2005-06-10,9600,9890,9540,9830,7438.413086,40645000,7309.770182,7317.3375
2005-06-13,9830,9990,9830,9960,7536.781738,22765000,7413.187012,7347.605566
2005-06-14,9960,10020,9880,9930,7514.081055,19495000,7496.425293,7396.034668
2005-06-15,9930,10000,9890,10000,7567.04834,22460000,7539.303711,7464.138086
2005-06-16,10000,10040,9940,9970,7544.349121,18395000,7541.826172,7520.134668
2005-06-17,9980,9990,9830,9870,7468.678711,23945000,7526.692057,7526.187793
2005-06-20,9870,9880,9790,9810,7423.274414,16605000,7478.767415,7503.486328
2005-06-21,9810,9830,9720,9760,7385.441406,20260000,7425.798177,7477.758398
2005-06-22,9760,9880,9740,9860,7461.111328,19650000,7423.275716,7456.570996
2005-06-23,9860,9980,9840,9960,7536.781738,25990000,7461.111491,7455.057519
2005-06-24,9920,9920,9780,9820,7430.844238,21780000,7476.245768,7447.490625
2005-06-27,9780,9780,9660,9770,7393.006836,28050000,7453.544271,7441.437109
2005-06-28,9770,9810,9710,9790,7408.144043,18530000,7410.665039,7445.977637
2005-06-29,9800,9850,9760,9800,7415.706543,19185000,7405.619141,7436.89668
2005-06-30,9800,9960,9800,9880,7476.247559,19835000,7433.366048,7424.789844
2005-07-01,9880,10020,9860,10020,7582.183105,26555000,7491.379069,7455.057617
2005-07-04,10100,10180,10020,10060,7612.455078,15655000,7556.961914,7498.947266
2005-07-05,10080,10140,10000,10040,7597.317383,9300000,7597.318522,7536.781934
2005-07-06,10060,10140,10060,10080,7627.585938,13455000,7612.4528,7579.157813
2005-07-07,10080,10380,10080,10320,7809.195313,31910000,7678.032878,7645.747363
2005-07-08,10340,10440,10320,10320,7809.195313,19665000,7748.658855,7691.149805
2005-07-11,10500,10700,10500,10660,8066.474121,34585000,7894.954916,7781.953614
2005-07-12,10800,10960,10740,10820,8187.547363,46835000,8021.072266,7899.99961
2005-07-13,10860,10940,10780,10940,8278.349609,25465000,8177.457031,8030.152344
2005-07-14,10980,11020,10940,10940,8278.349609,28885000,8248.082194,8123.983203
2005-07-15,10960,11000,10780,10840,8202.68457,26105000,8253.127929,8202.681054
2005-07-18,10860,11040,10820,10980,8308.619141,21220000,8263.217773,8251.110058
2005-07-19,11000,11240,10980,11220,8490.227539,33785000,8333.84375,8311.646094
2005-07-20,11240,11340,11100,11160,8444.830078,30025000,8414.558919,8344.942187
2005-07-21,11300,11360,11160,11260,8520.498047,26780000,8485.185221,8393.371875
2005-07-22,11180,11200,10920,11040,8354.023438,27575000,8439.783854,8423.639649
2005-07-25,11040,11140,11040,11100,8399.426758,18455000,8424.649414,8441.801172
2005-07-26,11120,11160,10940,11020,8338.889648,20630000,8364.113281,8411.533594
2005-07-27,11040,11180,10960,11020,8338.889648,18430000,8359.068685,8390.345508
2005-07-28,11040,11320,11040,11200,8475.095703,23655000,8384.291666,8381.265039
2005-07-29,11320,11320,11200,11300,8550.763672,17875000,8454.916341,8420.613086
2005-08-01,11320,11380,11220,11380,8611.300781,16470000,8545.720052,8462.98789
2005-08-02,11400,11420,11240,11360,8596.170898,14250000,8586.07845,8514.44414
2005-08-03,11500,11540,11360,11360,8596.170898,23635000,8601.214192,8565.90039
2005-08-04,11360,11380,11200,11320,8565.900391,18370000,8586.080729,8584.061328
2005-08-05,11220,11220,10960,11060,8369.15625,30100000,8510.40918,8547.739844
2005-08-08,11040,11040,10860,11020,8338.889648,18285000,8424.648763,8493.257617
2005-08-09,11020,11060,10900,11000,8323.755859,20325000,8343.933919,8438.774609
2005-08-10,11100,11240,11060,11100,8399.426758,16480000,8354.024088,8399.425781
2005-08-11,11100,11400,11100,11340,8581.035156,19885000,8434.739258,8402.452734
2005-08-12,11380,11580,11380,11560,8747.510742,24480000,8575.990885,8478.123633
2005-08-15,11560,11560,11560,11560,8747.510742,0,8692.01888,8559.847851
2005-08-16,11560,11640,11380,11440,8656.704102,26040000,8717.241862,8626.4375
2005-08-17,11320,11440,11200,11440,8656.704102,20420000,8686.972982,8677.892969
2005-08-18,11440,11460,11060,11100,8399.426758,33515000,8570.944987,8641.571289
2005-08-19,11100,11120,10980,11060,8369.15625,20935000,8475.095703,8565.900391
2005-08-22,11060,11400,11060,11260,8520.498047,19550000,8429.693685,8520.497852
2005-08-23,11280,11380,11200,11240,8505.364258,18770000,8465.006185,8490.229883
2005-08-24,11240,11260,10980,11120,8414.558594,23985000,8480.1403,8441.800781
2005-08-25,11060,11100,10880,11040,8354.023438,24360000,8424.648763,8432.720117
2005-08-26,11040,11120,10980,10980,8308.619141,18915000,8359.067058,8420.612696
2005-08-29,10840,10840,10720,10800,8172.413574,18275000,8278.352051,8350.995801
2005-08-30,10880,10960,10660,10820,8187.547363,14915000,8222.860026,8287.432422
2005-08-31,10680,10920,10680,10880,8232.949219,12205000,8197.636719,8251.110547
2005-09-01,10980,11040,10940,10980,8308.619141,11970000,8243.038574,8242.029688
2005-09-02,10980,11140,10960,11080,8384.291992,12190000,8308.620117,8257.164258
2005-09-05,11160,11260,11100,11220,8490.227539,10920000,8394.379557,8320.727051
2005-09-06,11260,11520,11260,11380,8611.300781,19050000,8495.273437,8405.477734
2005-09-07,11520,11640,11520,11580,8762.643555,17565000,8621.390625,8511.416602
2005-09-08,11700,11860,11600,11740,8883.717773,34625000,8752.554036,8626.436328
2005-09-09,11700,11820,11660,11780,8913.984375,13105000,8853.448568,8732.374805
2005-09-12,11880,12000,11780,11780,8913.984375,20070000,8903.895508,8817.126172
2005-09-13,11800,12200,11780,12120,9171.266602,34885000,8999.745117,8929.119336
2005-09-14,12100,12300,12040,12260,9277.202148,25585000,9120.817708,9032.031055
2005-09-15,12100,12380,12080,12140,9186.399414,29035000,9211.622721,9092.567383
2005-09-16,12080,12120,11760,11860,8974.516602,30625000,9146.039388,9104.673828
2005-09-19,11860,11860,11860,11860,8974.516602,0,9045.144206,9116.780274
2005-09-20,12000,12060,11840,11860,8974.516602,28045000,8974.516602,9077.430274
2005-09-21,11920,12120,11900,12020,9095.592773,19085000,9014.875326,9041.108399
2005-09-22,11860,12000,11840,12000,9080.459961,16000000,9050.189779,9019.920508
2005-09-23,11840,11980,11660,11700,8853.446289,18675000,9009.833008,8995.706445
2005-09-26,11720,12000,11720,11940,9035.055664,21895000,8989.653971,9007.814258
2005-09-27,11960,11980,11800,11860,8974.516602,15910000,8954.339518,9007.814258
2005-09-28,11800,12000,11740,11960,9050.19043,13505000,9019.920899,8998.733789
2005-09-29,11880,11980,11800,11860,8974.516602,18509700,8999.741211,8977.545117
2005-09-30,11880,12000,11760,11760,8898.848633,21192950,8974.518555,8986.625586
2005-10-03,11760,11760,11760,11760,8898.848633,0,8924.071289,8959.38418
2005-10-04,11800,12140,11800,12060,9125.861328,26986050,8974.519531,8989.653125
2005-10-05,12080,12280,11960,12020,9095.592773,21874300,9040.100911,8998.733594
2005-10-06,11900,11900,11700,11740,8883.717773,20716650,9035.057291,8980.573828
2005-10-07,11560,11760,11520,11660,8823.180664,25602800,8934.163737,8965.440234
2005-10-10,11680,11940,11660,11860,8974.516602,15080150,8893.805013,8980.573828
2005-10-11,11760,11980,11740,11960,9050.19043,10695550,8949.295899,8965.439648
2005-10-12,11860,11880,11540,11560,8747.510742,26597200,8924.072591,8895.823242
2005-10-13,11420,11480,11160,11300,8550.763672,36035800,8782.821615,8829.232422
2005-10-14,11300,11440,11200,11300,8550.763672,31305500,8616.346029,8774.749024
2005-10-17,11200,11380,11200,11260,8520.498047,17525000,8540.67513,8683.945313
2005-10-18,11280,11380,11260,11320,8565.900391,17588650,8545.720703,8587.087305
2005-10-19,11200,11220,11000,11040,8354.023438,18547750,8480.140625,8508.389844
2005-10-20,11200,11220,11040,11120,8414.558594,17849800,8444.827474,8481.148828
2005-10-21,11000,11320,10980,11280,8535.631836,20033250,8434.737956,8478.122461
2005-10-24,11320,11420,11220,11320,8565.900391,16487150,8505.363607,8487.20293
2005-10-25,11440,11560,11280,11300,8550.763672,18269150,8550.7653,8484.175586
2005-10-26,11240,11320,11180,11260,8520.498047,15002350,8545.720703,8517.470508
2005-10-27,11260,11360,11120,11160,8444.830078,19331000,8505.363932,8523.524805
2005-10-28,10980,11020,10900,10920,8263.217773,21614800,8409.515299,8469.041992
2005-10-31,10980,11100,10960,11060,8369.15625,19203500,8359.068034,8429.693164
2005-11-01,11200,11360,11180,11300,8550.763672,29155950,8394.379232,8429.693164
2005-11-02,11280,11600,11280,11500,8702.106445,15716000,8540.675456,8466.014844
2005-11-03,11760,11840,11700,11740,8883.717773,22394000,8712.195963,8553.792383
2005-11-04,11940,12000,11860,11980,9065.330078,24807150,8883.718099,8714.214844
2005-11-07,12040,12060,11820,11960,9050.19043,12834600,8999.746094,8850.42168
2005-11-08,12000,12060,11940,12040,9110.728516,12065550,9075.416341,8962.414648
2005-11-09,12020,12140,11920,12000,9080.459961,14940450,9080.459636,9038.085352
2005-11-10,12020,12140,11980,12100,9156.128906,17080450,9115.772461,9092.567578
2005-11-11,12340,12480,12280,12360,9352.875,29524650,9196.487956,9150.076563
2005-11-14,12420,12580,12320,12520,9473.945313,20931600,9327.64974,9234.827539
2005-11-15,12520,12580,12220,12400,9383.143555,14063750,9403.321289,9289.310547
2005-11-16,12320,12600,12320,12600,9534.482422,14038850,9463.857097,9380.115039
2005-11-17,12540,12560,12380,12480,9443.677734,12542600,9453.767904,9437.624805
2005-11-18,12500,12600,12380,12520,9473.945313,14163300,9484.035156,9461.838867
2005-11-21,12640,12640,12240,12360,9352.875,24063600,9423.499349,9437.624805
2005-11-22,12220,12240,11740,11840,8959.385742,45564250,9262.068685,9352.873242
2005-11-23,12000,12260,11980,12140,9186.399414,42389900,9166.220052,9283.256641
2005-11-24,12360,12360,12100,12160,9201.533203,15155400,9115.772786,9234.827734
2005-11-25,12160,12220,11920,12000,9080.459961,15658550,9156.130859,9156.130664
2005-11-28,12000,12060,11920,12020,9095.592773,9434350,9125.861979,9104.674219
2005-11-29,11960,12040,11760,11880,8989.655273,17159050,9055.236002,9110.728125
2005-11-30,11860,12080,11860,12000,9080.459961,17308450,9055.236002,9089.540234
2005-12-01,11920,12160,11900,12100,9156.128906,19357700,9075.414713,9080.459375
2005-12-02,12400,12460,12280,12340,9337.741211,19342900,9191.443359,9131.915625
2005-12-05,12440,12500,12360,12460,9428.544922,12418300,9307.47168,9198.506055
2005-12-06,12380,12620,12340,12600,9534.482422,21114200,9433.589518,9307.471484
2005-12-07,12600,12900,12480,12780,9670.69043,26531300,9544.572591,9425.517578
2005-12-08,12700,12800,12520,12640,9564.75,26904650,9589.974284,9507.241797
2005-12-09,12560,12620,12260,12420,9398.276367,23027250,9544.572266,9519.348828
2005-12-12,12440,12560,12340,12360,9352.875,18588950,9438.633789,9504.214844
2005-12-13,12420,12460,12260,12400,9383.143555,16596150,9378.098307,9473.94707
2005-12-14,12440,12540,12160,12220,9246.933594,26300350,9327.650716,9389.195703
2005-12-15,12180,12320,12020,12180,9216.666992,18607050,9282.248047,9319.579102
2005-12-16,12120,12120,11860,12000,9080.459961,29408600,9181.353516,9256.01582
2005-12-19,12140,12280,12040,12180,9216.666992,17987750,9171.264648,9228.774219
2005-12-20,12060,12280,12040,12240,9262.066406,17198500,9186.397786,9204.558789
2005-12-21,12280,12700,12280,12560,9504.213867,25337350,9327.649088,9256.014844
2005-12-22,12700,12940,12620,12680,9595.017578,28095000,9453.76595,9331.684961
2005-12-23,12840,13040,12720,12900,9761.493164,28658350,9620.241536,9467.891601
2005-12-26,13000,13260,12980,13080,9897.697266,17830000,9751.402669,9604.097656
2005-12-27,13180,13280,12960,13220,10003.64063,18003350,9887.610353,9752.412501
2005-12-28,13160,13260,13100,13220,10003.64063,21403250,9968.326175,9852.297854
2005-12-29,13200,13400,13140,13160,9958.239258,20916500,9988.506839,9924.94219
2006-01-02,13280,13360,13120,13200,9988.504883,16985900,9983.46159,9970.344533
2006-01-03,13200,13320,13120,13280,10049.04102,17385550,9998.595054,10000.61328
2006-01-04,13500,14000,13460,13940,10548.46582,38604500,10195.33724,10109.57832
2006-01-05,13900,13900,13420,13580,10276.05371,25783750,10291.18685,10164.06094
2006-01-06,13700,13760,13580,13680,10351.72363,17394550,10392.08105,10242.75781
2006-01-09,13900,13940,13660,13740,10397.12695,14995150,10341.63476,10324.48223
2006-01-10,13900,14020,13760,14020,10609.00488,23642650,10452.61849,10436.475
2006-01-11,13860,13960,13580,13680,10351.72363,17463600,10452.61849,10397.12656
2006-01-12,13680,13840,13620,13720,10381.99316,20117150,10447.57389,10418.31445
2006-01-13,13540,13880,13360,13840,10472.79297,23698600,10402.16992,10442.52832
2006-01-16,14000,14140,13920,14120,10684.67578,19141550,10513.15397,10500.03808
2006-01-17,14140,14420,13940,13940,10548.46582,21328900,10568.64486,10487.93027
2006-01-18,13700,13780,13460,13600,10291.18652,30346800,10508.10937,10475.82285
2006-01-19,13640,13900,13600,13800,10442.5293,19527000,10427.39388,10487.93008
2006-01-20,14040,14160,13700,13740,10397.12695,23040500,10376.94759,10472.79687
2006-01-23,13540,13900,13420,13700,10366.85547,26815250,10402.17057,10409.23281
2006-01-24,13660,14000,13600,13940,10548.46582,29027200,10437.48275,10409.23281
2006-01-25,14180,14400,14100,14220,10760.34375,29240350,10558.55501,10503.06426
2006-01-26,14280,14360,14100,14340,10851.15039,18556250,10719.98665,10584.78848
2006-01-27,14400,14480,14260,14400,10896.55176,15678300,10836.0153,10684.67344
2006-01-31,14460,14820,14380,14800,11199.23242,22323350,10982.31152,10851.14883
2006-02-01,14700,14860,14460,14580,11032.75781,22008350,11042.84733,10948.00723
2006-02-02,14760,14780,14400,14500,10972.22363,19091550,11068.07129,10990.3832
2006-02-03,14360,14360,14040,14080,10654.40625,22207700,10886.46256,10951.03437
2006-02-06,14000,14120,13860,14120,10684.67578,21292250,10770.43522,10908.65918
2006-02-07,14180,14600,14120,14120,10684.67578,16585550,10674.58594,10805.74785
2006-02-08,14000,14180,13700,13820,10457.66504,19114600,10609.00553,10690.7293
2006-02-09,13920,13940,13740,13860,10487.93164,18383250,10543.42415,10593.8709
2006-02-10,13840,13920,13580,13740,10397.12695,21849750,10447.57454,10542.41504
2006-02-13,13720,13740,13360,13500,10215.51758,24189900,10366.85872,10448.5834
2006-02-14,13400,13540,13260,13460,10185.25195,25982850,10265.96549,10348.69863
2006-02-15,13560,13560,13080,13080,9897.697266,33419850,10099.48893,10236.70508
2006-02-16,13020,13140,12920,13140,9943.102539,24749200,10008.68392,10127.73926
2006-02-17,13220,13480,13200,13460,10185.25195,21790650,10008.68392,10085.36426
2006-02-20,13360,13680,13340,13660,10336.58984,16332050,10154.98144,10109.57871
2006-02-21,13640,13660,13400,13460,10185.25195,17356300,10235.69791,10109.57871
2006-02-22,13380,13580,13260,13400,10139.84863,24953700,10220.56347,10158.00898
2006-02-23,13420,13680,13420,13620,10306.32422,16389950,10210.47493,10230.65332
2006-02-24,13560,13640,13500,13540,10245.78516,14116450,10230.65267,10242.75996
2006-02-27,13560,13820,13540,13820,10457.66504,11793500,10336.59147,10266.975
2006-02-28,13880,13960,13660,13740,10397.12695,12647050,10366.85905,10309.35
2006-03-02,13920,14000,13680,13860,10487.93164,15105700,10447.57454,10378.9666
2006-03-03,13640,13680,13000,13080,9897.697266,37932400,10260.91862,10297.24121
2006-03-06,13120,13160,12980,13160,9958.239258,22717900,10114.62272,10239.73203
2006-03-07,13000,13040,12540,12600,9534.482422,39482000,9796.806315,10055.09551
2006-03-08,12300,12520,12160,12460,9428.544922,49381050,9640.422201,9861.379102
2006-03-09,12320,12580,12220,12360,9352.875,38599000,9438.634115,9634.367774
2006-03-10,12280,12640,12280,12440,9413.412109,28422100,9398.277344,9537.510742
2006-03-13,12580,12640,12480,12640,9564.75,19012200,9443.679036,9458.812891
2006-03-14,12560,12640,12380,12480,9443.677734,17767050,9473.946614,9440.651953
2006-03-15,12580,12740,12560,12600,9534.482422,19438500,9514.303385,9461.839453
2006-03-16,12740,12820,12620,12640,9564.75,14018000,9514.303385,9504.214453
2006-03-17,12580,12800,12440,12740,9640.423828,13567500,9579.885417,9549.616797
2006-03-20,12780,12800,12560,12780,9670.69043,9950600,9625.288086,9570.804883
2006-03-21,12760,12800,12600,12680,9595.017578,11453100,9635.377279,9601.072852
2006-03-22,12500,12540,12180,12280,9292.335938,30051700,9519.347982,9552.643555
2006-03-23,12280,12380,12080,12160,9201.533203,25534150,9362.96224,9480.000195
2006-03-24,12160,12240,12100,12180,9216.666992,17171750,9236.845378,9395.248828
2006-03-27,12100,12580,12100,12500,9458.8125,19508950,9292.337565,9352.873242
2006-03-28,12320,12600,12320,12560,9504.213867,15167900,9393.23112,9334.7125
2006-03-29,12420,12520,12300,12520,9473.945313,15189400,9478.99056,9371.034375
2006-03-30,12640,12680,12360,12460,9428.544922,14663350,9468.901367,9416.436719
2006-03-31,12400,12600,12360,12600,9534.482422,20635450,9478.990886,9479.999805
2006-04-03,12720,12960,12640,12880,9746.360352,20549650,9569.795899,9537.509375
2006-04-04,12920,13120,12860,13060,9882.567383,19369350,9721.136719,9613.180078
2006-04-05,13100,13220,12900,12980,9822.030273,12634700,9816.986003,9682.79707
2006-04-06,13180,13320,13060,13160,9958.239258,22420200,9887.612305,9788.735938
2006-04-07,13160,13200,12960,13080,9897.697266,17596300,9892.655599,9861.378906
2006-04-10,12900,12980,12740,12840,9716.09375,20369150,9857.343425,9855.325586
2006-04-11,12740,12800,12520,12700,9610.15332,15767900,9741.314779,9800.842773
2006-04-12,12640,12660,12520,12600,9534.482422,12271800,9620.243164,9743.333203
2006-04-13,12520,12760,12500,12740,9640.423828,21813050,9595.019857,9679.770117
2006-04-14,12760,13280,12700,13120,9927.96875,32653200,9700.958333,9685.824414
2006-04-17,13200,13220,12900,12980,9822.030273,13798350,9796.807617,9707.011719
2006-04-18,12960,13200,12880,13160,9958.239258,20338250,9902.746094,9776.628906
2006-04-19,13460,13500,13260,13300,10064.17676,21183350,9948.148764,9882.567774
2006-04-20,13300,13440,13220,13260,10033.9082,17605300,10018.77474,9961.264648
2006-04-21,13400,13940,13340,13800,10442.5293,40474150,10180.20475,10064.17676
2006-04-24,13800,13800,13400,13460,10185.25195,31490750,10220.56315,10136.82109
2006-04-25,13160,13440,13060,13200,9988.504883,28671400,10205.42871,10142.87422
2006-04-26,13200,13360,13080,13360,10109.57813,22000500,10094.44499,10151.95449
2006-04-27,13360,13400,13160,13280,10049.04102,19383250,10049.04134,10154.98106
2006-04-28,13240,13240,12860,12880,9746.360352,27901900,9968.326501,10015.74727
2006-05-02,12880,13020,12640,12980,9822.030273,27714750,9872.477215,9943.102932
2006-05-03,12980,13120,12780,12780,9670.69043,21147150,9746.360352,9879.540041
2006-05-04,12780,12940,12700,12920,9776.626953,17803750,9756.449219,9812.949806
2006-05-08,13100,13240,13020,13100,9912.836914,17595050,9786.718099,9785.708984
2006-05-09,13160,13360,13140,13220,10003.64063,18637850,9897.701499,9837.16504
2006-05-10,13220,13300,13040,13100,9912.836914,17858600,9943.104819,9855.326368
2006-05-11,13140,13260,13060,13260,10033.9082,18471150,9983.461915,9927.969922
2006-05-12,13200,13200,12820,13080,9897.697266,24975900,9948.14746,9952.183985
2006-05-15,12920,13000,12780,13000,9837.166016,28216750,9922.923827,9937.049805
2006-05-16,12960,13000,12740,12820,9700.958984,22209700,9811.940755,9876.513476
2006-05-17,12840,13200,12840,13100,9912.836914,22440100,9816.987305,9876.513476
2006-05-18,12760,12880,12660,12820,9700.958984,22060000,9771.584961,9809.923633
2006-05-19,12840,12880,12620,12760,9655.557617,20910000,9756.451172,9761.495703
2006-05-22,12840,12880,12620,12760,9655.557617,22223550,9670.691406,9725.174023
2006-05-23,12300,12660,12220,12600,9534.482422,29837200,9615.199219,9691.878711
2006-05-24,12600,12680,12300,12600,9534.482422,27036100,9574.84082,9616.207812
2006-05-25,12580,12620,12300,12300,9307.473633,24470000,9458.812826,9537.510742
2006-05-26,12520,12640,12340,12420,9398.276367,23180950,9413.410807,9486.054492
2006-05-29,12440,12540,12400,12440,9413.412109,14920000,9373.054036,9437.625391
2006-05-30,12440,12480,12240,12260,9277.202148,20915300,9362.963541,9386.169336
2006-05-31,12440,12540,12400,12440,9413.412109,15162550,9368.008789,9361.955273
2006-06-01,12140,12320,12020,12120,9171.266602,29650600,9287.29362,9334.713867
2006-06-02,12220,12360,12120,12280,9292.335938,19403200,9292.338216,9313.525781
2006-06-05,12360,12380,12200,12260,9277.202148,15993450,9246.934896,9286.283789
2006-06-07,11920,12100,11920,12000,9080.459961,30545950,9216.666016,9246.935352
2006-06-08,11980,11980,11500,11540,8732.373047,41207100,9030.011719,9110.727539
2006-06-09,11560,11660,11460,11500,8702.106445,30558000,8838.313151,9016.895508
2006-06-12,11520,11520,11260,11480,8686.97168,21498400,8707.150391,8895.822656
2006-06-13,11200,11220,10960,10980,8308.619141,41305250,8565.899089,8702.106055
2006-06-14,10880,11220,10820,11060,8369.15625,32644700,8454.91569,8559.845313
2006-06-15,11280,11280,11060,11100,8399.426758,18344000,8359.067383,8493.256055
2006-06-16,11520,11540,11300,11420,8641.568359,28129000,8470.050456,8481.148438
2006-06-19,11420,11520,11220,11300,8550.763672,20069800,8530.586263,8453.906836
2006-06-20,11260,11320,11040,11120,8414.558594,19583950,8535.630208,8475.094727
2006-06-21,11120,11280,11100,11140,8429.691406,13499300,8465.004557,8487.201758
2006-06-22,11300,11440,11200,11320,8565.900391,22982200,8470.05013,8520.496484
2006-06-23,11300,11420,11220,11360,8596.170898,14896500,8530.587565,8511.416992
2006-06-26,11400,11700,11400,11640,8808.045898,22351250,8656.705729,8562.873437
2006-06-27,11700,11800,11660,11660,8823.180664,15767750,8742.46582,8644.597851
2006-06-28,11500,11600,11420,11600,8777.776367,18377100,8803.000976,8714.214844
2006-06-29,11700,11840,11680,11800,8936.823242,15998850,8845.926758,8788.399414
2006-06-30,12140,12180,12040,12060,9133.733398,29176450,8949.444336,8895.911914
2006-07-03,12140,12220,12080,12100,9164.03418,12593400,9078.19694,8967.10957
2006-07-04,12220,12240,12020,12020,9103.438477,9270000,9133.735352,9023.161133
2006-07-05,11700,12100,11700,12060,9133.733398,13375000,9133.735352,9094.352539
2006-07-06,11860,12000,11800,11960,9058,17500000,9098.390625,9118.587891
2006-07-07,12020,12120,12000,12020,9103.438477,14365000,9098.390625,9112.528906
2006-07-10,11880,12140,11780,12120,9179.178711,17315000,9113.539063,9115.557813
2006-07-11,11880,12240,11880,12160,9209.469727,16385000,9164.028972,9136.764063
2006-07-12,12120,12240,11980,12160,9209.469727,23300000,9199.372722,9151.911328
2006-07-13,12000,12180,11900,12000,9088.295898,22835000,9169.078451,9157.970508
2006-07-14,11740,11820,11640,11680,8845.938477,24250000,9047.901367,9106.470508
2006-07-18,11520,11680,11520,11640,8815.648438,14245000,8916.627604,9033.764453
2006-07-19,11600,11760,11600,11600,8785.350586,11125000,8815.645834,8948.940625
2006-07-20,11880,11960,11800,11960,9058,21960000,8886.333008,8918.64668
2006-07-21,11820,11940,11800,11880,8997.411133,8896300,8946.920573,8900.469727
2006-07-24,11740,11880,11660,11800,8936.823242,14934950,8997.411458,8918.64668
2006-07-25,11920,12040,11880,11960,9058,15877650,8997.411458,8967.116992
2006-07-26,11960,12080,11920,11980,9073.146484,7650000,9022.656575,9024.676172
2006-07-27,11980,12100,11880,12080,9148.885742,14995000,9093.344075,9042.85332
2006-07-28,12000,12080,11940,12020,9103.438477,9564450,9108.490234,9064.058789
2006-07-31,12200,12280,12160,12160,9209.469727,23415250,9153.931315,9118.588086
2006-08-01,12180,12300,12100,12100,9164.03418,13372450,9158.980795,9139.794922
2006-08-02,12060,12280,12040,12160,9209.469727,10944800,9194.324545,9167.059571
2006-08-03,12360,12380,12200,12200,9239.764648,12565450,9204.422852,9185.235352
2006-08-04,12240,12340,12240,12300,9315.50293,8121450,9254.912435,9227.648242
2006-08-07,12380,12380,12080,12120,9179.178711,15051350,9244.81543,9221.590039
2006-08-08,12100,12340,12100,12300,9315.50293,13598300,9270.061524,9251.883789
2006-08-09,12300,12460,12180,12320,9330.649414,15112800,9275.110352,9276.119727
2006-08-10,12320,12400,12180,12240,9270.05957,15694950,9305.403971,9282.178711
2006-08-11,12340,12440,12140,12140,9194.324219,16574950,9265.011068,9257.942969
2006-08-14,12200,12220,12000,12100,9164.03418,17105950,9209.472656,9254.914063
2006-08-16,12360,12440,12280,12360,9360.942383,19587150,9239.766927,9264.001953
2006-08-17,12600,12940,12580,12880,9754.770508,38826150,9426.582357,9348.826172
2006-08-18,13000,13300,12940,13120,9936.532227,37509050,9684.081706,9482.120703
2006-08-21,13200,13360,13100,13140,9951.682617,17145000,9880.995117,9633.592383
2006-08-22,12960,13160,12960,13160,9966.831055,19445000,9951.681966,9794.151758
2006-08-23,13080,13160,12880,12920,9785.0625,14711500,9901.192057,9878.975781
2006-08-24,12780,12820,12620,12720,9633.59082,17782500,9795.161458,9854.739844
2006-08-25,12840,13020,12780,12920,9785.0625,15981600,9734.57194,9824.445898
2006-08-28,13000,13040,12860,12860,9739.621094,10722200,9719.424805,9782.033594
2006-08-29,13040,13220,13000,13180,9981.976563,15312250,9835.553386,9785.062695
2006-08-30,13200,13220,12980,13100,9921.389648,13979500,9880.995768,9812.328125
2006-08-31,13080,13240,13000,13000,9845.655273,20178950,9916.340495,9854.741016
2006-09-01,13040,13140,12980,13060,9891.095703,8951400,9886.046875,9875.947656
2006-09-04,13240,13240,13100,13160,9966.831055,8986350,9901.19401,9921.389648
2006-09-05,13120,13200,13040,13160,9966.831055,7216450,9941.585938,9918.360547
2006-09-06,13160,13160,13020,13080,9906.240234,7866200,9946.634115,9915.330664
2006-09-07,12920,13020,12860,12980,9830.504883,10126650,9901.192057,9912.300586
2006-09-08,12880,13000,12880,12940,9800.210938,7533050,9845.652018,9894.123633
2006-09-11,12940,12980,12660,12720,9633.59082,18312850,9754.76888,9827.475586
2006-09-12,12760,12840,12580,12640,9573.00293,17687250,9668.934896,9748.709961
2006-09-13,12800,12900,12740,12840,9724.476563,24360250,9643.690104,9712.357227
2006-09-14,12840,13100,12820,13100,9921.389648,31021950,9739.623047,9730.53418
2006-09-15,13060,13160,13020,13120,9936.532227,11988600,9860.799479,9757.798438
2006-09-18,13140,13580,13140,13460,10194.03516,26352850,10017.31901,9869.887306
2006-09-19,13460,13560,13420,13440,10178.88672,12795650,10103.15137,9991.064064
2006-09-20,13260,13380,13180,13340,10103.15234,14816350,10158.69141,10066.79922
2006-09-21,13480,13540,13280,13300,10072.86035,13060450,10118.2998,10097.09336
2006-09-22,13160,13220,13040,13080,9906.240234,11768200,10027.41764,10091.03496
2006-09-25,13000,13160,12960,13060,9891.095703,12493150,9956.732096,10030.44707
2006-09-26,13080,13160,12920,13020,9860.798828,12855500,9886.044922,9966.829491
2006-09-27,13100,13260,13100,13260,10042.56055,15073400,9931.485027,9954.711133
2006-09-28,13240,13440,13200,13360,10118.30078,17199900,10007.22005,9963.799219
2006-09-29,13380,13440,13220,13280,10057.71387,10884050,10072.8584,9994.093946
2006-10-02,13180,13380,13180,13300,10072.86035,13336800,10082.95833,10030.44688
2006-10-04,13180,13200,12940,12960,9815.358398,19646300,9981.977539,10021.35879
2006-10-09,13040,13140,12500,12700,9618.444336,28756900,9835.554361,9936.535547
2006-10-10,12840,13000,12800,12840,9724.476563,9863750,9719.426432,9857.770703
2006-10-11,12700,12880,12660,12820,9709.328125,10532750,9684.083008,9788.093554
2006-10-12,12720,12900,12680,12780,9679.032227,17850550,9704.278972,9709.32793
2006-10-13,12900,12960,12840,12880,9754.770508,13492650,9714.376953,9697.210352
2006-10-16,13040,13160,12920,13000,9845.655273,16781050,9759.819336,9742.652539
2006-10-17,13000,13020,12840,12940,9800.210938,9174650,9800.21224,9757.799414
2006-10-18,12820,12880,12720,12840,9724.476563,16155300,9790.114258,9760.829102
2006-10-19,12900,12960,12640,12720,9633.59082,16716600,9719.426107,9751.74082
2006-10-20,12700,12760,12580,12640,9573.00293,23209700,9643.690104,9715.387305
2006-10-23,12620,12620,12400,12500,9466.97168,21650650,9557.855143,9639.650586
2006-10-24,12600,12660,12460,12540,9497.269531,18173600,9512.414714,9579.062305
2006-10-25,12480,12620,12420,12500,9466.97168,17740950,9477.070964,9527.561328
2006-10-26,12540,12680,12500,12580,9527.560547,16658100,9497.267253,9506.355274
2006-10-27,12580,12580,12320,12400,9391.235352,22082550,9461.922526,9470.001758
2006-10-30,12340,12380,12140,12180,9224.621094,20122000,9381.138998,9421.531641
2006-10-31,12140,12320,12060,12220,9254.912109,24140400,9290.256185,9373.060156
2006-11-01,12360,12400,12260,12300,9315.50293,13952400,9265.012044,9342.766406
2006-11-02,12280,12380,12220,12280,9300.353516,13024450,9290.256185,9297.325
2006-11-03,12340,12400,12180,12220,9254.912109,14012550,9290.256185,9270.060352
2006-11-06,12180,12200,11980,12100,9164.03418,17439800,9239.766602,9257.942969
2006-11-07,12300,12300,12100,12180,9224.621094,17791800,9214.522461,9251.884766
2006-11-08,12300,12420,12300,12300,9315.50293,13618400,9234.719401,9251.884766
2006-11-09,12400,12620,12360,12620,9557.859375,28261650,9365.994466,9303.385938
2006-11-10,12560,12640,12520,12580,9527.560547,13480750,9466.974284,9357.915625
2006-11-13,12720,12800,12660,12800,9694.180664,16464950,9593.200195,9463.944922
2006-11-14,12960,13000,12880,12940,9800.210938,18685300,9673.98405,9579.062891
2006-11-15,13100,13240,13060,13240,10027.41699,29861150,9840.602864,9721.445703
2006-11-16,13520,13520,13140,13140,9951.682617,19037300,9926.436848,9800.210351
2006-11-17,13160,13160,13060,13140,9951.682617,9296700,9976.927408,9885.034765
2006-11-20,13120,13120,12940,13040,9875.944336,14429300,9926.436523,9921.3875
2006-11-21,13060,13120,12960,13000,9845.655273,10533050,9891.094075,9930.476367
2006-11-22,12940,13200,12940,13200,9997.124023,12154500,9906.241211,9924.417773
2006-11-23,13260,13300,13020,13080,9906.240234,12492450,9916.339843,9915.329297
2006-11-24,13080,13120,12920,13040,9875.944336,9120950,9926.436198,9900.18164
2006-11-27,12940,13000,12780,12840,9724.476563,16110750,9835.553711,9869.888086
2006-11-28,12620,12740,12600,12660,9588.152344,15936500,9729.524414,9818.3875
2006-11-29,12560,12740,12560,12620,9557.859375,16956850,9623.496094,9730.53457
2006-11-30,12720,12880,12700,12800,9694.180664,15937700,9613.397461,9688.122656
2006-12-01,12800,12900,12780,12800,9694.180664,8220950,9648.740234,9651.769922
2006-12-04,12860,12920,12740,12820,9709.328125,9770000,9699.229818,9648.740234
2006-12-05,12960,13020,12760,12760,9663.887695,17541350,9689.132161,9663.887305
2006-12-06,12760,12800,12580,12700,9618.444336,13141050,9663.886719,9676.004297
2006-12-07,12580,12700,12500,12520,9482.120117,14568100,9588.150716,9633.592187
2006-12-08,12340,12360,12160,12240,9270.05957,25506450,9456.874674,9548.767969
2006-12-11,12200,12240,12040,12080,9148.885742,22559950,9300.355143,9436.679492
2006-12-12,12120,12200,11980,12000,9088.295898,16336200,9169.080403,9321.561133
2006-12-13,12000,12180,12000,12100,9164.03418,17044900,9133.738607,9230.679101
2006-12-14,12060,12280,12000,12260,9285.208008,43086900,9179.179362,9191.29668
2006-12-15,12280,12300,12140,12180,9224.621094,22955950,9224.621094,9182.208984
2006-12-18,12200,12300,12160,12200,9239.764648,20216550,9249.864583,9200.384766
2006-12-19,12200,12280,12160,12180,9224.621094,14096450,9229.668945,9227.649805
2006-12-20,12180,12400,12180,12340,9345.792969,20860850,9270.05957,9264.001563
2006-12-21,12380,12400,12260,12340,9345.792969,16119000,9305.402344,9276.118555
2006-12-22,12240,12280,12160,12220,9254.912109,17192100,9315.499349,9282.176758
2006-12-26,12180,12220,12040,12140,9194.324219,15325400,9265.009766,9273.088672
2006-12-27,12220,12280,12080,12280,9377.598633,9427500,9275.611654,9303.68418
2006-12-28,12320,12380,12200,12260,9362.327148,10913300,9311.416667,9306.991016
2007-01-02,12400,12540,12320,12520,9560.876953,17607300,9433.600911,9350.007812
2007-01-03,12540,12560,12220,12280,9377.598633,19676500,9433.600911,9374.545117
2007-01-04,12220,12240,12060,12120,9255.416016,18258900,9397.963867,9386.763477
2007-01-05,12160,12180,11900,11900,9087.412109,28400400,9240.142253,9328.726172
2007-01-08,11840,11880,11580,11680,8919.410156,33081550,9087.41276,9240.142773
2007-01-09,11740,11880,11640,11720,8949.954102,20109850,8985.592122,9117.958203
2007-01-10,11640,11680,11500,11560,8827.774414,25756300,8899.046224,9007.993359
2007-01-11,11580,11760,11560,11660,8904.137695,29839350,8893.955404,8937.737695
2007-01-12,11800,12120,11700,12120,9255.416016,40346050,8995.776042,8971.338477
2007-01-15,12240,12300,12140,12240,9347.052734,33675300,9168.868815,9056.866992
2007-01-16,12300,12300,12220,12260,9362.327148,15522550,9321.598633,9139.341601
2007-01-17,12200,12200,11940,12040,9194.325195,23396700,9301.235026,9212.651758
2007-01-18,11980,11980,11780,11880,9072.140625,21762950,9209.597656,9246.252344
2007-01-19,11760,11760,11580,11700,8934.685547,32068050,9067.050456,9182.10625
2007-01-22,11700,11860,11660,11820,9026.323242,21204000,9011.049805,9117.960351
2007-01-23,11820,12000,11760,11880,9072.140625,21732900,9011.049805,9059.923047
2007-01-24,12000,12080,11980,12040,9194.325195,14238300,9097.596354,9059.923047
2007-01-25,12120,12160,12040,12060,9209.59668,11798550,9158.6875,9087.414258
2007-01-26,12000,12000,11740,11760,8980.5,37403750,9128.140625,9096.577148
2007-01-29,11800,11820,11540,11560,8827.774414,28106550,9005.957031,9056.867383
2007-01-30,11640,11720,11500,11700,8934.685547,18857050,8914.319987,9029.376367
2007-01-31,11700,11700,11500,11600,8858.318359,18468100,8873.592773,8962.175
2007-02-01,11520,11680,11520,11580,8843.044922,20379600,8878.682943,8888.864648
2007-02-02,11660,11820,11600,11760,8980.5,25061700,8893.954427,8888.864648
2007-02-05,11780,11800,11660,11720,8949.954102,24227700,8924.499675,8913.300586
2007-02-06,11700,11760,11660,11740,8965.230469,14804600,8965.22819,8919.40957
2007-02-07,11760,11780,11600,11720,8949.954102,19521900,8955.046224,8937.736719
2007-02-08,11760,11800,11600,11660,8904.137695,25787500,8939.774089,8949.955274
2007-02-09,11580,11720,11580,11660,8904.137695,15724250,8919.409831,8934.682813
2007-02-12,11600,11600,11380,11440,8736.139648,43866750,8848.138346,8891.919922
2007-02-13,11380,11420,11200,11240,8583.40625,38350000,8741.227864,8815.555078
2007-02-14,11340,11460,11340,11340,8659.772461,31505450,8659.772786,8757.51875
2007-02-15,11620,11640,11380,11500,8781.956055,31469800,8675.044922,8733.082422
2007-02-16,11560,11840,11480,11840,9041.594727,41500100,8827.774414,8760.573828
2007-02-20,11900,12040,11760,12000,9163.78125,23313850,8995.777344,8846.102149
2007-02-21,12040,12240,12000,12120,9255.416016,27616450,9153.597331,8980.504102
2007-02-22,12120,12240,12040,12040,9194.325195,18015000,9204.507487,9087.414649
2007-02-23,12060,12080,11800,11840,9041.594727,25999600,9163.778646,9139.342383
2007-02-26,11740,11780,11580,11660,8904.137695,29442950,9046.685872,9111.850977
2007-02-27,11720,11720,11500,11620,8873.592773,22474550,8939.775065,9053.813281
2007-02-28,11160,11400,11160,11400,8705.588867,45093800,8827.773112,8943.847851
2007-03-01,11340,11340,11340,11340,8659.772461,0,8746.318034,8836.937305
2007-03-05,11240,11440,11220,11300,8629.225586,27584250,8664.862305,8754.463476
2007-03-06,11300,11580,11300,11420,8720.861328,27781400,8669.953125,8717.808203
2007-03-07,11500,11520,11300,11400,8705.588867,26039150,8685.22526,8684.207422
2007-03-08,11400,11640,11340,11540,8812.5,29056100,8746.316732,8705.589648
2007-03-09,11660,11780,11600,11740,8965.230469,30233000,8827.773112,8766.68125
2007-03-12,11800,12040,11800,12040,9194.325195,31691500,8990.685221,8879.701172
2007-03-13,12080,12080,11860,12000,9163.78125,16828000,9107.778971,8968.285156
2007-03-14,11720,11760,11600,11680,8919.410156,24902100,9092.505534,9011.049414
2007-03-15,11700,11840,11680,11720,8949.954102,21261300,9011.048503,9038.540234
2007-03-16,11720,11860,11620,11780,8995.77832,13671150,8955.047526,9044.649805
2007-03-19,11740,11800,11640,11740,8965.230469,11891200,8970.320964,8998.830859
2007-03-20,11700,11740,11500,11580,8843.044922,21245000,8934.68457,8934.683594
2007-03-21,11620,11700,11500,11580,8843.044922,12559600,8883.773438,8919.410547
2007-03-22,11700,11780,11640,11640,8888.868164,22119900,8858.319336,8907.193359
2007-03-23,11680,11720,11520,11600,8858.318359,17271600,8863.410482,8879.701367
2007-03-26,11640,11700,11560,11680,8919.410156,15899800,8888.86556,8870.537305
2007-03-27,11640,11660,11540,11600,8858.318359,18780200,8878.682291,8873.591992
2007-03-28,11600,11600,11400,11440,8736.139648,22607300,8837.956054,8852.210937
2007-03-29,11300,11480,11280,11380,8690.316406,30754300,8761.591471,8812.500586
2007-03-30,11380,11380,11240,11260,8598.679688,22767000,8675.045247,8760.572851
2007-04-02,11280,11420,11280,11320,8644.49707,20035050,8644.497721,8705.590234
2007-04-03,11340,11560,11320,11480,8766.680664,19676650,8669.952474,8687.262695
2007-04-04,11660,11940,11620,11900,9087.412109,44768400,8832.863281,8757.517187
2007-04-05,12020,12060,11820,11860,9056.869141,15772300,8970.320638,8830.827734
2007-04-06,11920,11960,11680,11740,8965.230469,15445750,9036.503906,8904.137891
2007-04-09,11800,11800,11660,11680,8919.410156,12778300,8980.503255,8959.120508
2007-04-10,11680,11780,11520,11560,8827.774414,22281600,8904.138346,8971.339258
2007-04-11,11680,12020,11660,11980,9148.506836,42482950,8965.230469,8983.558203
2007-04-12,11940,12080,11880,12080,9224.873047,34352850,9067.051432,9017.158984
2007-04-13,12080,12200,11900,12040,9194.325195,35876550,9189.235026,9062.97793
2007-04-16,11980,12060,11860,11860,9056.869141,20227200,9158.689128,9090.469727
2007-04-17,11920,11980,11760,11860,9056.869141,22060000,9102.687826,9136.288672
2007-04-18,11800,11820,11620,11660,8904.137695,25200000,9005.958659,9087.414844
2007-04-19,11620,11640,11360,11440,8736.139648,32114150,8899.048828,8989.668164
2007-04-20,11480,11560,11420,11460,8751.408203,16748300,8797.228515,8901.084766
2007-04-23,11560,11680,11400,11400,8705.588867,18575450,8731.045573,8830.828711
2007-04-24,11480,11540,11360,11420,8720.861328,25104600,8725.952799,8763.627148
2007-04-25,11520,11560,11240,11280,8613.953125,29520750,8680.13444,8705.590234
2007-04-26,11400,11620,11400,11600,8858.318359,27133550,8731.044271,8730.025976
2007-04-27,11620,11740,11460,11600,8858.318359,30426400,8776.863281,8751.408008
2007-04-30,11600,11660,11380,11480,8766.680664,18851000,8827.772461,8763.626367
2007-05-02,11400,11600,11400,11500,8781.956055,16500000,8802.318359,8775.845312
2007-05-03,11560,11620,11460,11480,8766.680664,14666550,8771.772461,8806.39082
2007-05-04,11480,11560,11480,11520,8797.225586,12117750,8781.954102,8794.172266
2007-05-07,11600,11740,11560,11740,8965.230469,29269050,8843.045573,8815.554688
2007-05-08,11760,11860,11580,11640,8888.868164,30470000,8883.77474,8839.992188
2007-05-09,11600,11720,11480,11600,8858.318359,19446550,8904.138997,8855.264648
2007-05-10,11700,11720,11500,11500,8781.956055,21284800,8843.047526,8858.319727
2007-05-11,11500,11540,11380,11460,8751.408203,18063550,8797.227539,8849.15625
2007-05-14,11500,11560,11400,11480,8766.680664,15178550,8766.681641,8809.446289
2007-05-15,11480,11500,11380,11460,8751.408203,16629900,8756.499023,8781.954297
2007-05-16,11380,11480,11380,11400,8705.588867,13728550,8741.225911,8751.408398
2007-05-17,11380,11460,11240,11320,8644.49707,32991650,8700.498047,8723.916601
2007-05-18,11200,11220,10960,11080,8461.220703,44367750,8603.76888,8665.879101
2007-05-21,10940,11160,10920,11040,8430.679688,27085250,8512.132487,8598.678906
2007-05-22,11120,11340,11120,11300,8629.225586,40901450,8507.041992,8574.242383
2007-05-23,11320,11360,11180,11240,8583.40625,18800050,8547.770508,8549.805859
2007-05-25,11000,11140,11000,11040,8430.679688,30527900,8547.770508,8507.042383
2007-05-28,11000,11020,10920,10960,8369.587891,19714700,8461.22461,8488.715821
2007-05-29,10920,10940,10700,10740,8201.582031,34405050,8333.94987,8442.896289
2007-05-30,10740,10740,10500,10640,8125.219727,39442700,8232.129883,8342.095117
2007-05-31,10720,10840,10640,10700,8171.037109,32327800,8165.946289,8259.621289
2007-06-01,10920,11180,10860,11120,8491.768555,48280700,8262.67513,8271.839063
2007-06-04,11320,11560,11260,11440,8736.139648,54176150,8466.315104,8345.149414
2007-06-05,11500,11640,11380,11420,8720.861328,30539250,8649.589844,8449.005273
2007-06-07,11180,11400,11180,11380,8690.316406,24129700,8715.772461,8562.024609
2007-06-08,11240,11520,11220,11440,8736.139648,33649350,8715.772461,8675.045117
2007-06-11,11560,11700,11440,11560,8827.774414,33486900,8751.410156,8742.246289
2007-06-12,11440,11660,11440,11560,8827.774414,17372350,8797.229492,8760.573242
2007-06-13,11500,11540,11340,11460,8751.408203,17896500,8802.31901,8766.682617
2007-06-14,11600,11620,11460,11620,8873.592773,31985700,8817.591797,8803.33789
2007-06-15,11560,11580,11420,11480,8766.680664,24082300,8797.227213,8809.446094
2007-06-18,11600,11800,11520,11780,8995.77832,34236550,8878.683919,8843.046875
2007-06-19,11880,11880,11660,11700,8934.685547,19075450,8899.048177,8864.429101
2007-06-20,11740,11760,11480,11540,8812.5,28625550,8914.321289,8876.647461
2007-06-21,11720,11840,11720,11780,8995.77832,46066600,8914.321289,8901.08457
2007-06-22,11920,12020,11760,11820,9026.323242,41545600,8944.867187,8953.013086
2007-06-25,11760,11940,11700,11760,8980.5,19727450,9000.867187,8949.957422
2007-06-26,11820,11860,11660,11760,8980.5,19325000,8995.774414,8959.120312
2007-06-27,11680,11720,11580,11620,8873.592773,17356150,8944.864258,8971.338867
2007-06-28,11620,11700,11500,11560,8835.375,20486950,8896.489258,8939.258203
2007-06-29,11560,11580,11320,11320,8651.942383,27230000,8786.970052,8864.382031
2007-07-02,11560,11580,11320,11320,8651.942383,28822950,8713.086589,8798.670508
2007-07-03,11440,11500,11360,11420,8728.374023,25979550,8677.419596,8748.245312
2007-07-04,11460,11680,11440,11560,8835.375,21507800,8738.563802,8740.601758
2007-07-05,11740,11860,11640,11820,9034.097656,33418800,8865.948893,8780.346289
2007-07-06,12060,12640,11980,12540,9584.395508,82871050,9151.289388,8966.836914
2007-07-09,12760,12980,12660,12860,9828.972656,63496300,9482.488607,9202.242969
2007-07-10,12780,12940,12580,12580,9614.97168,33803150,9676.113281,9379.5625
2007-07-11,12420,12760,12400,12700,9706.683594,26573900,9716.875977,9553.824219
2007-07-12,12700,13040,12680,12920,9874.832031,28582500,9732.162435,9721.971094
2007-07-13,13300,13740,13180,13740,10501.56445,68696450,10027.69336,9905.404882
2007-07-16,13700,13720,12960,13000,9935.978516,48383750,10104.125,9926.806054
2007-07-18,13160,13240,12800,12800,9783.116211,37695850,10073.55306,9960.43496
2007-07-19,12700,12980,12620,12720,9721.972656,29848650,9813.689128,9963.492773
2007-07-20,12820,13220,12720,13220,10104.125,28872250,9869.737956,10009.35137
2007-07-23,13060,13200,12980,13160,10058.26953,20428050,9961.455729,9920.692383
2007-07-24,13180,13260,12920,13080,9997.12207,17940900,10053.1722,9932.921093
2007-07-25,12800,13060,12800,12960,9905.40625,19926200,9986.932617,9957.379101
2007-07-26,12980,13040,12520,12520,9569.110352,31223850,9823.879557,9926.80664
2007-07-27,12340,12360,11920,11920,9110.526367,57318200,9528.347656,9728.086914
2007-07-30,11920,12200,11860,12200,9324.533203,30529200,9334.723307,9581.339648
2007-07-31,12300,12320,12180,12280,9385.676758,23017750,9273.578776,9459.050586
2007-08-01,12000,12100,11520,11620,8881.240234,53035500,9197.150065,9254.217383
2007-08-02,11780,11920,11520,11800,9018.807617,29307050,9095.241536,9144.156836
2007-08-03,12000,12140,11780,11800,9018.807617,30259700,8972.951823,9125.813086
2007-08-06,11460,11720,11440,11680,8927.094727,26664700,8988.236654,9046.325391
2007-08-07,11900,11920,11640,11680,8927.094727,15727400,8957.66569,8954.608984
2007-08-08,11800,12040,11740,12040,9202.245117,20627250,9018.811524,9018.809961
2007-08-09,12400,12500,12320,12420,9492.680664,42449700,9207.340169,9113.58457
2007-08-10,12120,12160,11960,12060,9217.532227,30724000,9304.152669,9153.329492
2007-08-13,12120,12340,12020,12260,9370.392578,17635500,9360.201823,9241.989063
2007-08-14,12240,12420,12140,12240,9355.104492,16922600,9314.343099,9327.591016
2007-08-16,11680,11800,11580,11600,8865.950195,50978800,9197.149088,9260.332031
2007-08-17,11740,11800,11360,11440,8743.662109,37513450,8988.238932,9110.52832
2007-08-20,11800,11840,11700,11800,9018.807617,24012750,8876.139974,9070.783398
2007-08-21,11800,11980,11720,11840,9049.381836,18044500,8937.283854,9006.58125
2007-08-22,11920,12040,11840,11880,9079.952148,20210450,9049.380534,8951.550781
2007-08-23,12200,12260,11940,11980,9156.385742,19973500,9095.239909,9009.63789
2007-08-24,11900,11940,11660,11720,8957.666016,18926300,9064.667969,9052.438672
2007-08-27,11820,12000,11500,11540,8820.088867,21689350,8978.046875,9012.694922
2007-08-28,11480,11540,11360,11520,8804.80957,26209000,8860.854818,8963.780469
2007-08-29,11160,11360,11160,11240,8590.799805,32118350,8738.566081,8865.95
2007-08-30,11500,11560,11380,11440,8743.662109,19231700,8713.090495,8783.405273
2007-08-31,11400,11820,11400,11820,9034.097656,30225900,8789.519857,8798.691601
2007-09-03,11820,11820,11500,11520,8804.80957,19882000,8860.856445,8795.635742
2007-09-04,11520,11660,11420,11500,8789.519531,14962300,8876.142252,8792.577734
2007-09-05,11600,11700,11380,11380,8697.802734,19629900,8764.043945,8813.97832
2007-09-06,11240,11500,11220,11500,8789.519531,17740550,8758.947265,8823.149804
2007-09-07,11500,11500,11320,11500,8789.519531,15746950,8758.947265,8774.234179
2007-09-10,11260,11280,11120,11260,8606.084961,17560000,8728.374674,8734.489258
2007-09-11,11300,11460,11220,11340,8667.231445,13712100,8687.611979,8710.03164
2007-09-12,11360,11400,11180,11200,8560.227539,14680300,8611.181315,8682.516601
2007-09-13,11200,11340,11020,11240,8590.799805,24396000,8606.086263,8642.772656
2007-09-14,11200,11220,11040,11120,8499.079102,24298800,8550.035482,8584.68457
2007-09-17,11020,11040,10880,10900,8330.93457,21488750,8473.604492,8529.654492
2007-09-18,10900,10960,10760,10840,8285.076172,23761000,8371.696615,8453.223438
2007-09-19,11060,11180,10960,11040,8437.94043,28984400,8351.317057,8428.766016
2007-09-20,10940,11040,10800,10920,8346.219727,29019850,8356.41211,8379.85
2007-09-21,10800,10860,10640,10680,8162.786621,39467450,8315.648926,8312.591504
2007-09-27,11000,11160,10860,11160,8529.657227,49918900,8346.221192,8352.336035
2007-09-28,11520,11540,11400,11500,8789.519531,42891650,8493.987793,8453.224707
2007-10-01,11520,11540,11340,11460,8758.947266,16355000,8692.708008,8517.426074
2007-10-02,11580,11700,11520,11580,8850.662109,30136750,8799.709635,8618.314551
2007-10-04,11260,11400,11200,11300,8636.655273,40348550,8748.754883,8713.088281
2007-10-05,11320,11340,10960,11060,8453.224609,29788950,8646.84733,8697.801758
2007-10-08,11080,11160,10820,11020,8422.65332,28390800,8504.177734,8624.428515
2007-10-09,10820,10900,10660,10740,8208.646484,40724950,8361.508138,8514.368359
2007-10-10,10900,11060,10760,11040,8437.94043,32597150,8356.413411,8431.824023
2007-10-11,11060,11180,10860,11100,8483.794922,30210150,8376.793945,8401.251953
2007-10-12,11020,11440,10940,11140,8514.373047,56563250,8478.7028,8413.481641
2007-10-15,11160,11240,10760,10840,8285.076172,33940050,8427.748047,8385.966211
2007-10-16,10540,10640,10260,10300,7872.352539,66853950,8223.933919,8318.707422
2007-10-17,10320,10440,10160,10300,7872.352539,35884300,8009.927083,8205.589844
2007-10-18,10400,10520,10320,10440,7979.353516,30044750,7908.019531,8104.701563
2007-10-19,10580,10960,10380,10800,8254.505859,48519450,8035.403971,8052.728125
2007-10-22,10420,10660,10380,10440,7979.353516,32305000,8071.070964,7991.583594
2007-10-23,10500,10600,10440,10440,7979.353516,31971400,8071.070964,8012.983789
2007-10-24,10520,10520,10180,10260,7841.777344,40471500,7933.494792,8006.86875
2007-10-25,10220,10360,10000,10140,7750.063477,37307700,7857.064779,7961.010742
2007-10-26,10220,10640,10060,10640,8132.214844,51448600,7908.018555,7936.552539
2007-10-29,10800,11000,10700,10900,8330.93457,40179750,8071.070964,8006.86875
2007-10-30,10900,11000,10740,10880,8315.646484,19168350,8259.598633,8074.127344
2007-10-31,10940,11020,10860,11000,8407.365234,27734300,8351.315429,8187.244922
2007-11-01,11100,11140,10860,10980,8392.078125,26799350,8371.696614,8315.647851
2007-11-02,10800,10960,10760,10800,8254.505859,23918650,8351.316406,8340.106054
2007-11-05,10700,10740,10520,10560,8071.070313,26480000,8239.218099,8288.133203
2007-11-06,10460,10960,10460,10960,8376.794922,30758950,8234.123698,8300.362891
2007-11-07,10980,11460,10940,11400,8713.085938,58695000,8386.983724,8361.507031
2007-11-08,11160,11240,10720,10720,8193.363281,43765000,8427.748047,8321.764063
2007-11-09,10780,11000,10680,10800,8254.505859,31995250,8386.985026,8321.764063
2007-11-12,10600,10680,10480,10640,8132.214844,25916650,8193.361328,8333.992969
2007-11-13,10500,10780,10460,10640,8132.214844,25363050,8172.978516,8285.076953
2007-11-14,10900,10960,10760,10940,8361.505859,29997800,8208.645182,8214.760937
2007-11-15,10920,11420,10900,11400,8713.085938,51098250,8402.26888,8318.705469
2007-11-16,11160,11340,11080,11140,8514.373047,24037250,8529.654948,8370.678906
2007-11-19,11160,11220,10820,10820,8269.790039,22000000,8499.083008,8398.193945
2007-11-20,10600,10700,10520,10620,8116.932617,21515000,8300.365234,8395.1375
2007-11-21,10620,10620,10280,10300,7872.352539,33101550,8086.358398,8297.306836
2007-11-22,10200,10780,10180,10780,8239.216797,38170600,8076.167318,8202.533008
2007-11-23,10700,11200,10700,11140,8514.373047,42924150,8208.647461,8202.533008
2007-11-26,11220,11280,10940,11260,8606.084961,27535000,8453.224935,8269.791992
2007-11-27,11120,11120,10600,10780,8239.216797,33944200,8453.224935,8294.248828
2007-11-28,10860,11040,10720,10880,8315.646484,24418850,8386.982747,8382.907617
2007-11-29,11100,11380,11040,11340,8667.231445,44743400,8407.364909,8468.510547
2007-11-30,11340,11460,11240,11300,8636.655273,29659800,8539.844401,8492.966992
2007-12-03,11100,11360,10880,11320,8651.942383,23272050,8651.943034,8502.138476
2007-12-04,11420,11620,11360,11500,8789.519531,20623650,8692.705729,8612.199023
2007-12-05,11480,11880,11420,11640,8896.520508,23025000,8779.327474,8728.373828
2007-12-06,11960,12240,11940,12240,9355.104492,56259050,9013.714844,8865.948437
2007-12-07,12260,12340,12080,12160,9293.960938,30236750,9181.861979,8997.40957
2007-12-10,12260,12280,12120,12280,9385.676758,22600750,9344.914063,9144.156445
2007-12-11,12280,12280,12060,12060,9217.532227,22424900,9299.056641,9229.758985
2007-12-12,11820,12000,11720,11960,9141.099609,30155400,9248.102865,9278.674805
2007-12-13,11920,11980,11660,11800,9018.807617,34333850,9125.813151,9211.41543
2007-12-14,11660,11760,11480,11620,8881.240234,20064850,9013.71582,9128.871289
2007-12-17,11360,11540,11200,11200,8560.227539,26290000,8820.091797,8963.781445
2007-12-18,11000,11280,10980,11200,8560.227539,21710000,8667.231771,8832.320508
2007-12-20,11180,11360,11080,11180,8544.943359,21968250,8555.132812,8713.089258
2007-12-21,11240,11280,11020,11200,8560.227539,18360750,8555.132812,8621.373242
2007-12-24,11240,11600,11240,11560,8835.375,18874300,8646.848633,8612.200195
2007-12-26,11580,11680,11440,11520,8804.80957,10745000,8733.470703,8661.116601
2007-12-27,11480,11560,11400,11400,8828.035156,11911800,8822.739909,8714.678125
2007-12-28,11300,11340,11120,11120,8611.208008,14681800,8748.017578,8727.931055
2008-01-02,11180,11200,10840,10880,8425.352539,18047200,8621.531901,8700.956055
2008-01-03,10760,11060,10640,10920,8456.328125,19346500,8497.629557,8625.14668
2008-01-04,10920,10960,10760,10780,8347.915039,17997350,8409.865234,8533.767773
2008-01-07,10360,10480,10340,10380,8038.158203,39787200,8280.800456,8375.792383
2008-01-08,10380,10480,10320,10320,7991.696289,24783700,8125.923177,8251.890039
2008-01-09,10340,10580,10260,10500,8131.086426,23865450,8053.646973,8193.036816
2008-01-10,10440,10580,10320,10320,7991.696289,31551350,8038.159668,8100.110449
2008-01-11,10360,10520,10220,10320,7991.696289,23425150,8038.159668,8028.866699
2008-01-14,10280,10520,10280,10500,8131.086426,22167000,8038.159668,8047.452344
2008-01-15,10660,10820,10420,10640,8239.500977,40283950,8120.761231,8097.013281
2008-01-16,10400,10800,10360,10600,8208.526367,49448100,8193.037923,8112.50127
2008-01-17,10740,11200,10720,11200,8673.15918,42213900,8373.728841,8248.793848
2008-01-18,11040,11440,10960,11340,8781.573242,35586400,8554.419596,8406.769238
2008-01-21,11220,11460,11160,11280,8735.109375,25085050,8729.947266,8527.573828
2008-01-22,11000,11160,10720,10720,8301.453125,43213650,8606.045247,8539.964258
2008-01-23,11040,11120,10760,10800,8363.40625,36303850,8466.65625,8570.940234
2008-01-24,11020,11240,10980,11120,8611.208008,27902000,8425.355794,8558.55
2008-01-25,11120,11400,11080,11220,8688.646484,26107500,8554.420247,8539.964648
2008-01-28,11060,11300,10720,10780,8347.915039,27213200,8549.25651,8462.525781
2008-01-29,10920,11200,10880,11160,8642.185547,21471250,8559.582357,8530.672266
2008-01-30,11340,11620,11200,11420,8843.524414,35769400,8611.208333,8626.695898
2008-01-31,11580,11940,11420,11900,9215.235352,46767100,8900.315104,8747.501367
2008-02-01,12020,12100,11560,11720,9075.841797,28352100,9044.867188,8824.94043
2008-02-04,12040,12240,12000,12240,9478.522461,46921550,9256.533203,9051.061914
2008-02-05,12100,12360,12020,12260,9494.009766,23207550,9349.458008,9221.426758
2008-02-11,11820,12020,11680,11680,9044.864258,28841250,9339.132162,9261.694727
2008-02-12,11700,11760,11460,11460,8874.496094,18513050,9137.790039,9193.546875
2008-02-13,11760,11760,11400,11480,8889.986328,21558700,8936.448893,9156.375781
2008-02-14,11660,11860,11600,11860,9184.256836,28837050,8982.913086,9097.522656
2008-02-15,11720,11800,11500,11720,9075.841797,20001000,9050.02832,9013.889063
2008-02-18,11640,11740,11420,11540,8936.451172,18412450,9065.516602,8992.206445
2008-02-19,11600,11740,11540,11740,9091.328125,16641000,9034.540365,9035.572852
2008-02-20,11740,11800,11520,11560,8951.9375,18171450,8993.238932,9047.963086
2008-02-21,11580,11920,11580,11880,9199.743164,21269600,9081.00293,9051.060352
2008-02-22,11640,11740,11600,11640,9013.888672,15574600,9055.189779,9038.669727
2008-02-25,11560,11640,11500,11620,8998.404297,15236300,9070.678711,9051.060352
2008-02-26,11620,11720,11380,11420,8843.524414,12393550,8951.939128,9001.499609
2008-02-27,11460,11720,11380,11560,8951.9375,13882800,8931.288737,9001.499609
2008-02-28,11680,11700,11460,11600,8982.915039,14536100,8926.125651,8958.133984
2008-02-29,11540,11540,11200,11200,8673.15918,22988800,8869.33724,8889.988086
2008-03-03,10900,11040,10840,10980,8502.790039,22136800,8719.621419,8790.865234
2008-03-04,11000,11220,11000,11040,8549.254883,16975550,8575.068034,8732.011328
2008-03-05,11020,11320,11020,11240,8704.131836,21097000,8585.392253,8682.450195
2008-03-06,11260,11500,11160,11240,8704.131836,18850600,8652.506185,8626.693555
2008-03-07,11000,11100,10940,11000,8518.280273,20272750,8642.181315,8595.717773
2008-03-10,10960,11220,10900,11080,8580.231445,17898000,8600.881185,8611.206055
2008-03-11,10960,11180,10940,11100,8595.720703,31354900,8564.74414,8620.499219
2008-03-12,11320,11400,11160,11200,8673.15918,24374050,8616.370443,8614.304687
2008-03-13,11020,11180,10940,11000,8518.280273,30835150,8595.720052,8577.134375
2008-03-14,11100,11140,10860,10940,8471.817383,22180950,8554.418945,8567.841797
2008-03-17,11060,11180,10900,11000,8518.280273,40741250,8502.792643,8555.451562
2008-03-18,11040,11440,11040,11360,8797.05957,42480400,8595.719075,8595.719336
2008-03-19,11640,11860,11600,11820,9153.279297,35035300,8822.873047,8691.743359
2008-03-20,11700,12120,11580,12120,9385.597656,32334250,9111.978841,8865.206836
2008-03-21,12180,12200,12040,12140,9401.083984,21574750,9313.320312,9051.060156
2008-03-24,12080,12120,11900,11980,9277.181641,10591650,9354.621094,9202.84043
2008-03-25,12220,12300,12100,12200,9447.550781,21415850,9375.272135,9332.938672
2008-03-26,12380,12380,12180,12240,9478.522461,15949800,9401.084961,9397.987305
2008-03-27,12120,12160,11920,12100,9370.110352,20926650,9432.061198,9394.889844
2008-03-28,12100,12360,12060,12260,9494.009766,25343000,9447.547526,9413.475
2008-03-31,12340,12580,12240,12460,9648.889648,29338650,9504.336589,9487.816602
2008-04-01,12560,12820,12360,12720,9850.230469,33978600,9664.376628,9568.352539
2008-04-02,13040,13240,13020,13220,10237.42383,38936050,9912.181316,9720.132813
2008-04-03,13220,13340,13120,13240,10252.91406,21675750,10113.52279,9896.693555
2008-04-04,13240,13240,12940,13000,10067.06445,17505650,10185.80078,10011.30449
2008-04-07,12920,13220,12920,13000,10067.06445,18348000,10129.01432,10094.93945
2008-04-08,12860,12960,12720,12920,10005.1084,17081100,10046.41243,10125.91504
2008-04-10,12860,13240,12780,13120,10159.98731,33709550,10077.38672,10110.42773
2008-04-11,13200,13600,13200,13600,10531.69434,39799750,10232.26335,10166.18379
2008-04-14,13400,13560,13240,13560,10500.71777,21013800,10397.46647,10252.91445
2008-04-15,13560,13580,13160,13160,10190.96094,19635700,10407.79102,10277.69375
2008-04-16,13200,13300,12940,13020,10082.54688,25146850,10258.0752,10293.18145
2008-04-17,13360,13420,13200,13220,10237.42383,20221950,10170.31055,10308.66875
2008-04-18,13240,13540,13240,13300,10299.37695,25224400,10206.44922,10262.20527
2008-04-21,13500,13520,13320,13480,10438.76856,21483300,10325.18978,10249.81543
2008-04-22,13400,13580,13360,13500,10454.25488,18359750,10397.4668,10302.47422
2008-04-23,13360,13500,13060,13060,10113.51856,25400650,10335.514,10308.66856
2008-04-24,13180,13420,13100,13220,10237.42383,25118900,10268.39909,10308.66856
2008-04-25,13400,13800,13320,13800,10686.56934,50257700,10345.83724,10386.10703
2008-04-28,13920,14380,13840,14320,11089.25098,38231450,10671.08138,10516.20352
2008-04-29,14340,14360,14120,14200,10996.32422,21729700,10924.04818,10624.61739
2008-04-30,14180,14360,14100,14220,11011.81152,31382450,11032.46224,10804.27598
2008-05-01,14220,14220,14220,14220,11011.81152,0,11006.64909,10959.15352
2008-05-02,14660,14680,14480,14620,11321.57129,50417500,11115.06478,11086.15391
2008-05-05,14620,14620,14620,14620,11321.57129,0,11218.31803,11132.61797
2008-05-06,14700,14900,14640,14900,11538.39844,38358100,11393.84701,11241.03281
2008-05-07,14760,14900,14640,14820,11476.44727,22328750,11445.47233,11333.95996
2008-05-08,14500,14600,14380,14560,11275.10742,34440750,11429.98438,11386.61914
2008-05-09,14640,14660,14140,14180,10980.83594,29085550,11244.13021,11318.47207
2008-05-12,14180,14180,14180,14180,10980.83594,0,11078.92643,11250.325
2008-05-13,14360,14700,14200,14700,11383.52246,30044650,11115.06478,11219.34981
2008-05-14,14640,14760,14580,14760,11429.98242,20052950,11264.78027,11210.05684
2008-05-15,14800,15280,14800,15280,11832.66504,27487700,11548.72331,11321.56836
2008-05-16,15200,15280,14980,15200,11770.71582,30207500,11677.78776,11479.54434
2008-05-19,15200,15260,14560,14560,11275.10742,31627250,11626.16276,11538.39863
2008-05-20,14560,14580,14060,14260,11042.78809,45623100,11362.87044,11470.25176
2008-05-21,14040,14520,14020,14360,11120.22852,23699200,11146.04134,11408.30098
2008-05-22,14240,14400,14080,14260,11042.78809,18129850,11068.60157,11250.32559
2008-05-23,14200,14460,14140,14140,10949.86231,14702850,11037.62631,11086.15489
2008-05-26,13980,14000,13440,13580,10516.20606,42225400,10836.28549,10934.37461
2008-05-27,13800,14100,13780,14040,10872.42578,18241350,10779.49805,10900.30215
2008-05-28,14360,14360,13800,13840,10717.5459,20754200,10702.05925,10819.76563
2008-05-29,14080,14600,13940,14600,11306.08398,24855000,10965.35189,10872.42481
2008-05-30,14580,14820,14500,14820,11476.44727,24669600,11166.69238,10977.7418
2008-06-02,14700,14820,14500,14520,11244.13184,19869800,11342.22103,11123.32695
2008-06-03,14440,14440,14060,14080,10903.40039,20968200,11207.99317,11129.52188
2008-06-04,14060,14400,14060,14260,11042.78809,14337000,11063.44011,11194.57031
2008-06-05,14360,14360,14140,14180,10980.83594,18126850,10975.67481,11129.52071
2008-06-06,14180,14180,14180,14180,10980.83594,0,11001.48666,11030.39844
2008-06-09,13680,13840,13640,13720,10624.61523,30999100,10862.0957,10906.49512
2008-06-10,13740,13820,13300,13320,10314.86621,28005300,10640.10579,10788.78828
2008-06-11,13380,13760,13340,13620,10547.17969,23986150,10495.55371,10689.6666
2008-06-12,13380,13560,13260,13260,10268.39844,45085450,10376.81478,10547.1791
2008-06-13,13440,13840,13320,13480,10438.76856,26490150,10418.11556,10438.76563
2008-06-16,13700,13820,13600,13820,10702.05664,16767250,10469.74121,10454.25391
2008-06-17,13820,13900,13620,13760,10655.5918,18272550,10598.80567,10522.39903
2008-06-18,13620,14080,13620,14080,10903.40039,15103800,10753.68294,10593.64317
2008-06-19,13920,13940,13500,13500,10454.25488,25826000,10671.08236,10630.81445
2008-06-20,13760,13760,13300,13360,10345.83984,21409450,10567.8317,10612.22871
2008-06-23,13040,13260,13040,13160,10190.96094,20438500,10330.35189,10510.00957
2008-06-24,13200,13280,13080,13180,10206.44922,15685550,10247.75,10420.18105
2008-06-25,13160,13220,12880,13100,10144.5,22329450,10180.63672,10268.40098
2008-06-26,13200,13400,13120,13300,10299.37695,19907250,10216.77539,10237.42539
2008-06-27,12920,13000,12740,12860,9966.136719,25576850,10136.67122,10161.48477
2008-06-30,12760,12800,12500,12500,9687.146484,28598600,9984.220051,10060.72187
2008-07-01,12520,12800,12180,12720,9857.640625,33602250,9836.974609,9990.960156
2008-07-02,12600,12740,12460,12600,9764.644531,24414150,9769.810547,9914.989062
2008-07-03,12340,12900,12340,12660,9811.142578,29315200,9811.142578,9817.342187
2008-07-04,12600,12660,12320,12320,9547.654297,22481600,9707.813802,9733.645703
2008-07-07,12200,12560,12020,12280,9516.651367,26142050,9625.149414,9699.54668
2008-07-08,12220,12360,11860,11860,9191.164063,27884250,9418.489909,9566.251367
2008-07-09,12100,12120,11500,11500,8912.175781,29763900,9206.663737,9395.757617
2008-07-10,11160,11400,11120,11200,8679.68457,53374150,8927.674805,9169.466016
2008-07-11,11220,11460,11140,11360,8803.678711,32717400,8798.513021,9020.670898
2008-07-14,11280,11640,11220,11340,8788.180664,20759300,8757.181315,8874.976758
2008-07-15,11220,11260,11060,11060,8571.188477,27201450,8721.015951,8750.981641
2008-07-16,11140,11340,11080,11220,8695.18457,25858800,8684.851237,8707.583398
2008-07-17,11420,11780,11400,11680,9051.672852,32596450,8772.681966,8781.981055
2008-07-18,11820,11880,11540,11640,9020.671875,15433200,8922.509766,8825.379688
2008-07-21,11640,12120,11640,11980,9284.162109,25987750,9118.835612,8924.575977
2008-07-22,11680,11800,11600,11800,9144.665039,19137950,9149.833008,9039.271289
2008-07-23,11800,11880,11620,11740,9098.166992,28378200,9175.664713,9119.867773
2008-07-24,11740,12280,11660,12280,9516.651367,34992900,9253.161133,9212.863476
2008-07-25,11980,12060,11480,11520,8927.676758,50458700,9180.831706,9194.264453
2008-07-28,11420,11460,11080,11200,8679.68457,43858300,9041.337565,9073.368945
2008-07-29,10960,11020,10840,10880,8431.695313,29814350,8679.685547,8930.775
2008-07-30,11040,11140,10900,10960,8493.691406,26378350,8535.023763,8809.879883
2008-07-31,10940,11340,10940,11280,8741.682617,26311200,8555.689779,8654.886133
2008-08-01,11180,11340,11140,11300,8757.180664,13485850,8664.184896,8620.786914
2008-08-04,11380,11400,11140,11300,8757.180664,17095750,8752.014648,8636.286133
2008-08-05,11300,11480,11260,11340,8788.180664,24563900,8767.513997,8707.583203
2008-08-06,11620,11740,11520,11740,9098.166992,21367600,8881.176107,8828.47832
2008-08-07,11820,11860,11460,11560,8958.672852,23440450,8948.340169,8871.876367
2008-08-08,11400,11480,11240,11460,8881.176758,24528350,8979.338867,8896.675586
2008-08-11,11720,11840,11660,11700,9067.170898,21889000,8969.006836,8958.673633
2008-08-12,11900,12040,11780,11900,9222.163086,31373400,9056.836914,9045.470117
2008-08-13,11820,11920,11660,11740,9098.166992,19446100,9129.166992,9045.470117
2008-08-14,11600,11720,11560,11600,8989.673828,19704750,9103.334635,9051.670312
2008-08-15,11600,11600,11600,11600,8989.673828,0,9025.838216,9073.369726
2008-08-18,11620,11720,11460,11580,8974.172852,16509050,8984.506836,9054.770117
2008-08-19,11440,11500,11260,11280,8741.682617,17867300,8901.843099,8958.674023
2008-08-20,11120,11320,11100,11200,8679.68457,22011050,8798.513346,8874.977539
2008-08-21,11200,11220,11040,11060,8571.188477,17574550,8664.185221,8791.280469
2008-08-22,11020,11160,10900,11140,8633.1875,15836500,8628.020182,8719.983203
2008-08-25,11160,11240,11080,11200,8679.68457,14548350,8628.020182,8661.085547
2008-08-26,11100,11100,10780,10800,8369.696289,32670800,8560.85612,8586.688281
2008-08-27,10700,10740,10340,10600,8214.699219,34357750,8421.360026,8493.691211
2008-08-28,10520,10640,10400,10420,8075.208984,27281050,8219.868164,8394.495312
2008-08-29,10400,10520,10240,10320,7997.709473,36455950,8095.872559,8267.399707
2008-09-01,10060,10180,10020,10120,7842.715332,35791900,7971.87793,8100.005859
2008-09-02,10000,10340,10000,10340,8013.208008,34402450,7951.210938,8028.708203
2008-09-03,10240,10620,10240,10540,8168.202637,25714350,8008.041992,8019.408887
2008-09-04,10300,10440,10220,10280,7966.712402,27785550,8049.374349,7997.70957
2008-09-05,10060,10720,10040,10440,8090.70752,43649450,8075.20752,8016.30918
2008-09-08,10660,11020,10620,10860,8416.194336,38900200,8157.871419,8131.004981
2008-09-09,10800,10800,10600,10720,8307.700195,22013050,8271.534017,8189.903418
2008-09-10,10440,10960,10400,10840,8400.692383,36506850,8374.862305,8236.401367
2008-09-11,10900,11140,10720,10740,8323.198242,47173400,8343.863607,8307.698535
2008-09-12,10880,11000,10780,10860,8416.194336,30258700,8380.02832,8372.795898
2008-09-15,10860,10860,10860,10860,8416.194336,0,8385.195638,8372.795898
2008-09-16,10200,10520,10180,10500,8137.202148,41059050,8323.19694,8338.696289
2008-09-17,10700,10740,10440,10500,8137.202148,29978550,8230.199544,8285.998242
2008-09-18,10180,10420,10080,10340,8013.208008,27650,8095.870768,8224.000195
2008-09-19,10700,11160,10640,11160,8648.6875,53205000,8266.365885,8270.498828
2008-09-22,11140,11420,11040,11160,8648.6875,27502650,8436.861003,8316.997461
2008-09-23,10980,11300,10960,11200,8679.68457,23125950,8659.019857,8425.493945
2008-09-24,11140,11380,11140,11280,8741.682617,20463600,8690.018229,8546.390039
2008-09-25,11140,11380,11020,11340,8788.180664,17974550,8736.51595,8701.38457
2008-09-26,11200,11240,11020,11060,8571.188477,26314850,8700.350586,8685.884766
2008-09-29,11160,11260,10800,10880,8431.695313,27731950,8597.021485,8642.486328
2008-09-30,10360,10880,10280,10780,8354.196289,37898000,8452.360026,8577.388672
2008-10-01,10840,10860,10480,10660,8261.200195,25788700,8349.030599,8481.292188
2008-10-02,10620,10780,10360,10560,8183.700195,27381150,8266.36556,8360.396094
2008-10-03,10560,10560,10560,10560,8183.700195,0,8209.533528,8282.898437
2008-10-06,10400,10480,10200,10340,8013.208008,31577200,8126.869466,8199.200976
2008-10-07,10120,10760,10100,10620,8230.199219,29567750,8142.369141,8174.401562
2008-10-08,10380,10700,10340,10560,8183.700195,32639550,8142.369141,8158.901562
2008-10-09,10560,10960,10560,10820,8385.197266,35793950,8266.36556,8199.200977
2008-10-10,10560,10640,10120,10420,8075.208984,44160200,8214.702148,8177.502734
2008-10-13,10460,10780,10420,10480,8121.704102,30486050,8194.036784,8199.201953
2008-10-14,10820,11200,10820,11200,8679.68457,33052100,8292.199219,8289.099023
2008-10-15,10960,11040,10680,10940,8478.19043,31447000,8426.526367,8347.99707
2008-10-16,10400,10540,10000,10080,7811.716797,46931350,8323.197266,8233.300977
2008-10-17,10400,10400,9830,10020,7765.218262,44541850,8018.375163,8171.302832
2008-10-20,10240,10500,9990,10420,8075.208984,27564050,7884.048014,8162.003809
2008-10-21,10520,10600,10180,10380,8044.208008,24505550,7961.545085,8034.908496
2008-10-22,10340,10460,9800,10160,7873.712891,33829400,7997.709961,7914.012988
2008-10-23,9540,9690,9200,9450,7323.483887,50023000,7747.134929,7816.366406
2008-10-24,9460,9500,8040,8040,6230.773438,59626350,7142.656739,7509.477442
2008-10-27,8150,8760,8060,8760,6788.75293,48100000,6781.003418,7252.186231
2008-10-28,8600,9530,8530,9270,7183.986328,49703350,6734.504232,7080.141895
2008-10-29,9780,10060,8850,9500,7362.230957,64873450,7111.656738,6977.845508
2008-10-30,10140,10920,9820,10740,8323.198242,54704850,7623.138509,7177.788379
2008-10-31,10740,11000,10300,10540,8168.202637,61573650,7951.210612,7565.274219
2008-11-03,10620,10900,10280,10320,7997.709473,44058100,8163.036784,7807.065527
2008-11-04,10320,10440,10120,10280,7966.712402,39167400,8044.208171,7963.610742
2008-11-05,10400,10520,10100,10300,7982.210449,40923450,7982.210775,8087.606641
2008-11-06,10000,10180,9700,9830,7617.974121,38703200,7855.632324,7946.561816
2008-11-07,9400,9910,9260,9790,7586.970703,49487350,7729.051758,7830.31543
2008-11-10,9870,9990,9440,9490,7354.483398,45419600,7519.809407,7701.670215
2008-11-11,9260,9580,9130,9410,7292.484863,34532350,7411.312988,7566.824707
2008-11-12,9340,9780,9190,9610,7447.477539,30403150,7364.815267,7459.878125
2008-11-13,9300,9480,9120,9480,7346.733887,36855000,7362.232096,7405.630078
2008-11-14,9690,9720,9220,9260,7176.240234,29588450,7323.483887,7323.483984
2008-11-17,9290,9290,8840,9010,6982.496094,32580350,7168.490072,7249.086523
2008-11-18,8770,8890,8620,8700,6742.25293,33973750,6966.996419,7139.040137
2008-11-19,8700,8870,8480,8760,6788.75293,30987100,6837.833985,7007.295215
2008-11-20,8440,8630,8390,8460,6556.260742,28092450,6695.755534,6849.200586
2008-11-21,8380,8920,8220,8880,6881.750488,31568650,6742.25472,6790.302637
2008-11-24,8840,9080,8720,8800,6819.751953,29133500,6752.587728,6757.753809
2008-11-25,9160,9330,8810,9030,6997.996582,33102950,6899.833008,6808.902539
2008-11-26,9220,9500,9120,9460,7331.233398,31013050,7049.660644,6917.398633
2008-11-27,9680,9740,9550,9700,7517.226563,26557750,7282.152181,7109.591797
2008-11-28,9720,9770,9590,9720,7532.725098,22543000,7460.39502,7239.786719
2008-12-01,9710,9720,9490,9530,7385.481445,15856850,7478.477702,7352.932617
2008-12-02,9040,9240,9010,9080,7036.744629,24170850,7318.317057,7360.682227
2008-12-03,9080,9200,8710,8820,6835.252441,36099650,7085.826172,7261.486035
2008-12-04,8920,8930,8540,8610,6672.506348,34990250,6848.167806,7092.541992
2008-12-05,8510,8740,8510,8540,6618.259277,29513550,6708.672689,6909.648828
2008-12-08,8690,9300,8600,9280,7191.73877,40352200,6827.501465,6870.900293
2008-12-09,9320,9390,9060,9390,7276.986328,29640550,7028.994792,6918.948633
2008-12-10,9380,9620,9320,9620,7455.22998,37277700,7307.985026,7042.944141
2008-12-11,9640,9670,9210,9650,7478.479004,51925650,7403.565104,7204.138672
2008-12-12,9320,9610,9160,9210,7137.490723,27922300,7357.066569,7307.984961
2008-12-15,9400,9620,9360,9440,7315.733887,27906950,7310.567871,7332.783984
2008-12-16,9300,9340,9010,9140,7083.242676,35224700,7178.822429,7294.035254
2008-12-17,9310,9340,9020,9190,7121.992188,33886150,7173.65625,7227.387696
2008-12-18,9200,9370,9070,9360,7253.734375,33352450,7152.989746,7182.43877
2008-12-19,9500,9950,9480,9790,7586.970703,49042900,7320.899089,7272.334766
2008-12-22,9990,10040,9620,9720,7532.725098,22930050,7457.810059,7315.733008
2008-12-23,9620,9690,9130,9130,7075.492676,28528400,7398.396159,7314.183008
2008-12-24,9290,9320,9120,9200,7129.739258,18946050,7245.985677,7315.732422
2008-12-25,9200,9200,9200,9200,7129.739258,0,7111.657064,7290.933399
2008-12-26,9210,9260,9080,9120,7067.745117,11553200,7109.074544,7187.088281
2008-12-29,9120,9140,8770,9080,7114.756348,15942850,7104.080241,7103.494531
2008-12-30,9160,9270,9020,9020,7067.743652,17938200,7083.415039,7101.944727
2008-12-31,9020,9020,9020,9020,7067.743652,0,7083.414551,7089.545605
2009-01-02,9070,9400,8850,9400,7365.498047,22978400,7166.995117,7136.697363
2009-01-05,9600,9740,9470,9520,7459.524414,30460450,7297.588704,7215.053223
2009-01-06,9640,10040,9590,9960,7804.29248,45072450,7543.10498,7352.960449
2009-01-07,10100,10480,9980,10480,8211.745117,41286200,7825.187337,7581.760742
2009-01-08,10360,10380,10060,10160,7961.003418,30614600,7992.347005,7760.412695
2009-01-09,10060,10120,9720,9860,7725.935059,30113100,7966.227865,7832.500098
2009-01-12,9800,9960,9740,9790,7671.085449,17708600,7786.007975,7874.812305
2009-01-13,9810,9860,9600,9830,7702.430664,17577200,7699.817057,7854.439941
2009-01-14,9790,9840,9550,9790,7671.085449,19297550,7681.533854,7746.308008
2009-01-15,9490,9490,9150,9190,7200.947754,31394300,7524.821289,7594.296875
2009-01-16,9280,9380,9110,9360,7334.15332,22261700,7402.062174,7515.940527
2009-01-19,9520,9610,9420,9500,7443.852539,19136900,7326.317871,7470.493945
2009-01-20,9210,9320,9140,9280,7271.469727,18496050,7349.825195,7384.301758
2009-01-21,9000,9080,8940,8970,7028.565918,22203800,7247.962728,7255.797852
2009-01-22,9280,9280,8990,9220,7224.45459,26209300,7174.830078,7260.499219
2009-01-23,8950,9030,8770,8840,6926.699219,31581450,7059.906576,7179.008399
2009-01-28,9400,9840,9280,9770,7655.414063,45906950,7268.855957,7221.320703
2009-01-29,9770,9990,9620,9970,7812.128418,32818700,7464.747233,7329.452442
2009-01-30,9690,9850,9680,9780,7663.250488,19334900,7710.264323,7456.389356
2009-02-02,9760,9920,9440,9470,7420.34668,23574500,7631.908529,7495.567774
2009-02-03,9770,9980,9470,9800,7678.921387,27380500,7587.506185,7646.012207
2009-02-04,10100,10400,9990,10360,8117.719238,30703400,7738.995768,7738.473242
2009-02-05,10400,10720,10260,10420,8164.730957,34791950,7987.123861,7808.99375
2009-02-06,10720,10900,10580,10900,8540.842773,34801100,8274.430989,7984.512207
2009-02-09,10900,10960,10420,10540,8258.759766,32619950,8321.444499,8152.194824
2009-02-10,10640,10680,10280,10400,8149.060547,24848400,8316.221029,8246.222656
2009-02-11,10120,10380,10100,10260,8039.358887,16267500,8149.059733,8230.550586
2009-02-12,10140,10400,10020,10400,8149.060547,28021450,8112.493327,8227.416504
2009-02-13,10220,10380,10080,10280,8055.03418,24071800,8081.151205,8130.254785
2009-02-16,10160,10400,10040,10080,7898.322754,16386900,8034.13916,8058.167383
2009-02-17,9980,10000,9740,9810,7686.761719,23694950,7880.039551,7965.707617
2009-02-18,9760,9780,9550,9560,7490.868652,29060500,7691.984375,7856.00957
2009-02-19,9530,9760,9430,9610,7530.046387,26458500,7569.225586,7732.206738
2009-02-20,9500,9600,9350,9350,7326.320313,25958000,7449.078451,7586.463965
2009-02-23,9300,9730,9220,9700,7600.5625,21327950,7485.643067,7526.911914
2009-02-24,9400,9450,9280,9350,7326.320313,22671950,7417.734375,7454.823633
2009-02-25,9630,9660,9470,9560,7490.868652,20927400,7472.583822,7454.823633
2009-02-26,9580,9860,9300,9540,7475.196289,21950050,7430.795085,7443.853613
2009-02-27,9500,9860,9410,9540,7475.196289,29510500,7480.42041,7473.628809
2009-03-02,9510,9510,9160,9240,7240.126953,24741650,7396.839844,7401.541699
2009-03-03,9090,9580,9090,9510,7451.689453,24954950,7389.004232,7426.615527
2009-03-04,9560,9810,9380,9780,7663.250488,26067250,7451.688965,7461.091894
2009-03-05,9980,10120,9790,10060,7882.651367,32982600,7665.863769,7542.58291
2009-03-06,9920,10100,9880,10000,7835.635254,19412000,7793.845703,7614.670703
2009-03-09,10200,10320,9950,10300,8070.704102,18225250,7929.663574,7780.786133
2009-03-10,10100,10360,10040,10080,7898.322754,20458750,7934.88737,7870.112793
2009-03-11,10380,10500,10260,10500,8227.415039,26584150,8065.480632,7982.945703
2009-03-12,10400,10720,10400,10720,8399.803711,50741850,8175.180501,8086.376172
2009-03-13,10800,11000,10560,10560,8274.432617,24128850,8300.550456,8174.135645
2009-03-16,10520,10720,10340,10460,8196.075195,14711600,8290.103841,8199.209863
2009-03-17,10560,10740,10340,10680,8368.458008,20205900,8279.655273,8293.236914
2009-03-18,10760,10820,10540,10800,8462.486328,16913000,8342.339844,8340.251172
2009-03-19,10940,10980,10740,10820,8478.157227,19517500,8436.367188,8355.921875
2009-03-20,10700,10980,10700,10840,8493.827148,17561600,8478.156901,8399.800781
2009-03-23,10840,11020,10840,11000,8619.198242,2420900,8530.394206,8484.425391
2009-03-24,11200,11200,10960,11180,8760.242188,24804800,8624.422526,8562.782227
2009-03-25,11000,11180,11000,11120,8713.225586,12749800,8697.555339,8612.930078
2009-03-26,11020,11420,10960,11400,8932.621094,20870050,8802.029623,8703.822852
2009-03-27,11620,11780,11480,11680,9152.022461,28539350,8932.623047,8835.461914
2009-03-30,11620,11800,11300,11340,8885.613281,18359700,8990.085612,8888.744922
2009-03-31,11280,11680,11260,11360,8901.28125,20010000,8979.638997,8916.952734
2009-04-01,11400,11600,11180,11400,8932.621094,24952250,8906.505208,8960.831836
2009-04-02,11680,11820,11500,11820,9261.720703,28688300,9031.874349,9026.651758
2009-04-03,11980,12000,11680,11860,9293.063477,24722050,9162.468425,9054.859961
2009-04-06,11860,12260,11860,11880,9308.733398,33315050,9287.839193,9139.483984
2009-04-07,11820,11900,11660,11680,9152.022461,27388200,9251.273112,9189.632227
2009-04-08,11480,11560,11100,11140,8728.899414,31449400,9063.218424,9148.887891
2009-04-09,11220,11680,11200,11600,9089.336914,30887600,8990.086263,9114.411133
2009-04-10,11940,12060,11760,12060,9449.775391,32713800,9089.33724,9145.753516
2009-04-13,11880,12000,11640,11660,9136.351563,20707150,9225.154623,9111.277149
2009-04-14,11700,11760,11420,11500,9010.979492,25554750,9199.035482,9083.068555
2009-04-15,11320,11700,11300,11700,9167.693359,25775000,9105.008138,9170.827344
2009-04-16,11920,11980,11600,11620,9105.011719,29263500,9094.561523,9173.962305
2009-04-17,11880,12080,11780,11940,9355.75,40656900,9209.485026,9155.157227
2009-04-20,12000,12020,11640,11840,9277.391602,17605900,9246.051107,9183.365234
2009-04-21,11620,11920,11560,11820,9261.720703,18312700,9298.287435,9233.513477
2009-04-22,11960,12300,11880,12180,9543.802734,41166700,9360.97168,9308.735352
2009-04-23,12280,12640,12220,12540,9825.886719,32402300,9543.803385,9452.910352
2009-04-24,12320,12540,11800,11840,9277.391602,45867800,9549.027018,9437.238672
2009-04-27,11840,11880,11580,11700,9167.693359,27196350,9423.657227,9415.299023
2009-04-28,11800,11800,11500,11500,9010.979492,24129050,9152.021484,9365.150781
2009-04-29,11540,11720,11500,11720,9183.363281,16499450,9120.678711,9293.062891
2009-04-30,11900,12040,11680,11840,9277.391602,30656900,9157.244792,9183.363867
2009-05-04,11900,11940,11560,11640,9120.677734,39634800,9193.810872,9152.021094
2009-05-06,11500,11620,11260,11300,8854.269531,58004900,9084.112956,9089.336328
2009-05-07,11440,11460,11180,11320,8869.939453,34475350,8948.295573,9061.12832
2009-05-08,11320,11480,11260,11380,8916.953125,22852100,8880.38737,9007.846289
2009-05-11,11320,11360,11160,11260,8822.923828,32233300,8869.938802,8916.952734
2009-05-12,11260,11380,11200,11220,8791.580078,23892300,8843.81901,8851.133203
2009-05-13,11260,11320,11140,11200,8775.912109,29321300,8796.805338,8835.461719
2009-05-14,11120,11140,11020,11040,8650.542969,30779700,8739.345052,8791.582422
2009-05-15,11160,11240,11060,11100,8697.555664,23443100,8708.003581,8747.70293
2009-05-18,11100,11200,11020,11120,8713.225586,22413200,8687.108073,8725.763281
2009-05-19,11340,11460,11240,11400,8932.621094,27926800,8781.134115,8753.971484
2009-05-20,11460,11540,11400,11520,9026.65332,21177800,8890.833333,8804.119727
2009-05-21,11400,11460,11200,11260,8822.923828,20055900,8927.399414,8838.595898
2009-05-22,11140,11200,11000,11000,8619.198242,25598900,8822.92513,8822.924414
2009-05-25,10920,11080,10400,10900,8540.842773,28436550,8660.988281,8788.447851
2009-05-26,10900,10940,10700,10760,8431.140625,28037250,8530.39388,8688.151758
2009-05-27,10900,11020,10680,10700,8384.129883,31046950,8452.03776,8559.64707
2009-05-28,10800,11180,10720,11180,8760.242188,33025950,8525.170899,8547.110742
2009-05-29,11140,11220,11000,11160,8744.568359,25342100,8629.64681,8572.184766
2009-06-01,11040,11160,10880,11160,8744.568359,20849600,8749.792969,8612.929883
2009-06-02,11320,11380,11100,11120,8713.225586,27876300,8734.120768,8669.346875
2009-06-03,11160,11300,11020,11040,8650.542969,19282250,8702.778971,8722.629492
2009-06-04,11140,11400,10940,11100,8697.555664,29484950,8687.108073,8710.092187
2009-06-05,11280,11400,11100,11380,8916.953125,31006050,8755.017253,8744.569141
2009-06-08,11460,11580,11420,11500,9010.979492,26815150,8875.16276,8797.851367
2009-06-09,11640,11660,11300,11300,8854.269531,25031300,8927.400716,8826.060156
2009-06-10,11340,11780,11280,11740,9199.036133,38127050,9021.428385,8935.758789
2009-06-11,11740,11960,11640,11700,9167.693359,45518350,9073.666341,9029.786328
2009-06-12,11780,11820,11660,11680,9152.022461,17554250,9172.917318,9076.800195
2009-06-15,11680,11720,11420,11580,9073.665039,20025650,9131.126953,9089.337305
2009-06-16,11400,11480,11300,11300,8854.269531,19584700,9026.652344,9089.337305
2009-06-17,11340,11580,11260,11500,9010.979492,17547950,8979.638021,9051.725976
2009-06-18,11500,11580,11260,11300,8854.269531,21151050,8906.506185,8989.041211
2009-06-19,11380,11420,11220,11240,8807.253906,19741650,8890.83431,8920.0875
2009-06-22,11240,11640,11200,11500,9010.979492,24495850,8890.83431,8907.55039
2009-06-23,11420,11600,11340,11500,9010.979492,28982750,8943.070963,8938.892383
2009-06-24,11540,11660,11480,11600,9089.336914,22931200,9037.098633,8954.563867
2009-06-25,11620,11940,11560,11760,9214.704102,31776550,9105.006836,9026.650781
2009-06-26,11920,12020,11800,11920,9340.075195,27645950,9214.705404,9133.215039
2009-06-29,11980,12160,11900,11960,9379.289063,13490700,9311.35612,9206.876953
2009-06-30,12000,12180,11840,11840,9285.179688,20185300,9334.847982,9261.716992
2009-07-01,11880,12120,11800,12060,9457.708008,14641400,9374.05892,9335.391211
2009-07-02,12200,12200,12000,12040,9442.025391,12677100,9394.971029,9380.855469
2009-07-03,11900,12040,11880,12020,9426.341797,11348350,9442.025065,9398.108789
2009-07-06,12200,12820,12180,12680,9943.927734,46675200,9604.098307,9511.036524
2009-07-07,12980,13120,12860,13000,10194.88086,30934250,9855.05013,9692.976758
2009-07-08,12940,13100,12760,13100,10273.30176,26589600,10137.37012,9856.095508
2009-07-09,13100,13240,13000,13000,10194.88086,28213000,10221.02116,10006.6666
2009-07-10,13020,13120,12780,12900,10116.45703,14290050,10194.87988,10144.68965
2009-07-13,12900,12900,12400,12400,9724.342773,20495950,10011.89355,10100.77266
2009-07-14,12640,12840,12480,12680,9943.927734,21014800,9928.242512,10050.58203
2009-07-15,13080,13400,13020,13320,10445.83008,38068700,10038.03353,10085.0877
2009-07-16,13560,13580,13360,13480,10571.30762,22349050,10320.35514,10160.37305
2009-07-17,13480,13660,13280,13400,10508.56543,17033150,10508.56771,10238.79473
2009-07-20,13600,13940,13480,13800,10822.25684,24285750,10634.0433,10458.37754
2009-07-21,13900,13900,13720,13840,10853.62207,19997150,10728.14811,10640.31641
2009-07-22,13800,13820,13560,13760,10790.88574,16247900,10822.25488,10709.32754
2009-07-23,13740,13820,13500,13560,10634.04297,23171400,10759.51693,10721.87461
2009-07-24,13560,13780,13500,13660,10712.46387,29495650,10712.46419,10762.6543
2009-07-27,13700,14000,13660,13980,10963.41797,31756300,10769.97494,10790.88652
2009-07-28,13900,14040,13780,14000,10979.10059,19430800,10884.99414,10815.98223
2009-07-29,14000,14100,13900,13940,10932.04785,16666750,10958.1888,10844.21465
2009-07-30,13980,14280,13880,14280,11198.68457,18120700,11036.611,10957.14297
2009-07-31,14460,14580,14320,14480,11355.52734,30379200,11162.08659,11085.75566
2009-08-03,14640,14640,14260,14300,11214.36426,24572000,11256.19206,11135.94492
2009-08-04,14400,14720,14320,14500,11371.21094,26531750,11313.70085,11214.36699
2009-08-05,14520,14700,14380,14660,11496.68555,21336400,11360.75358,11327.29453
2009-08-06,14460,14600,14280,14300,11214.36426,20482100,11360.75358,11330.43047
2009-08-07,14160,14340,14100,14320,11230.04981,18601650,11313.69987,11305.33496
2009-08-10,14420,14420,14060,14200,11135.94336,17483500,11193.45248,11289.65078
2009-08-11,14220,14240,14060,14100,11057.52148,16843750,11141.17155,11226.91289
2009-08-12,14000,14040,13820,13860,10869.30957,23187150,11020.9248,11101.4377
2009-08-13,14000,14360,13900,14040,11010.46875,31342850,10979.09993,11060.65859
2009-08-14,14200,14620,14200,14620,11465.31348,31875550,11115.0306,11107.71133
2009-08-17,14480,14620,14220,14260,11182.99805,22640300,11219.59343,11117.12227
2009-08-18,14120,14720,14120,14600,11449.63477,25444550,11365.9821,11195.54492
2009-08-19,14600,15000,14480,14760,11575.11133,27582000,11402.58138,11336.70528
2009-08-20,14900,14940,14540,14800,11606.47754,21000450,11543.74121,11455.90703
2009-08-21,14860,15140,14840,15140,11873.11426,27583400,11684.90104,11537.46719
2009-08-24,15400,15700,15400,15660,12280.90723,30714750,11920.16634,11757.04903
2009-08-25,15500,15680,15480,15500,12155.43164,19044250,12103.15104,11898.2084
2009-08-26,15500,15620,15380,15540,12186.80078,14562850,12207.71322,12020.54629
2009-08-27,15300,15480,15140,15340,12029.95703,16354350,12124.06315,12105.24219
2009-08-28,15460,15680,15280,15280,11982.9043,19551050,12066.55404,12127.2002
2009-08-31,15300,15500,15200,15420,12092.69238,21531600,12035.18457,12089.55723
2009-09-01,15600,16000,15340,15980,12531.8584,25367300,12202.48503,12164.84258
2009-09-02,15700,15820,15600,15680,12296.59082,27898950,12307.0472,12186.80059
2009-09-03,15660,15700,15480,15500,12155.43164,16052050,12327.96029,12211.89551
2009-09-04,15620,15660,15220,15340,12029.95703,22808450,12160.65983,12221.30605
2009-09-07,15420,15600,15220,15460,12124.06348,16972400,12103.15072,12227.58027
2009-09-08,15460,15620,15400,15620,12249.53906,13640500,12134.51986,12171.11641
2009-09-09,15640,15760,15500,15620,12249.53906,15959400,12207.71387,12161.70605
2009-09-10,15520,15840,15520,15820,12406.38477,34739400,12301.82096,12211.89668
2009-09-11,15880,15880,15680,15860,12437.75098,15467150,12364.55827,12293.45547
2009-09-14,15920,15920,15200,15280,11982.9043,27969450,12275.68002,12265.22363
2009-09-15,15200,15460,15200,15380,12061.3252,26013000,12160.66016,12227.58086
2009-09-16,15400,16000,15320,15900,12469.12109,35553800,12171.11686,12271.49727
2009-09-17,16120,16200,15920,16200,12704.38574,24735000,12411.61068,12331.09746
2009-09-18,16200,16400,16080,16120,12641.64648,44801250,12605.0511,12371.87656
2009-09-21,16040,16200,15880,15960,12516.17285,16830750,12620.73502,12478.53027
2009-09-22,16000,16580,15960,16500,12939.65332,25779150,12699.15755,12654.1959
2009-09-23,16500,16520,16240,16400,12861.23242,16566700,12772.35286,12732.61816
2009-09-24,16380,16400,15960,16060,12594.59668,24304750,12798.49414,12710.66035
2009-09-25,15860,15920,15660,15900,12469.12109,20494450,12641.65006,12676.15527
2009-09-28,15820,15940,15600,15920,12484.80664,13905100,12516.1748,12669.88203
2009-09-29,15840,16300,15840,16240,12735.75586,20419700,12563.22786,12629.10254
2009-09-30,16140,16500,16120,16300,12782.80762,23985850,12667.79004,12613.41758
2009-10-01,16220,16300,15680,15840,12422.06738,26930050,12646.87695,12578.91172
2009-10-05,15560,15600,14920,14940,11716.26856,47146300,12307.04785,12428.34121
2009-10-06,15100,15220,14900,14900,11684.89941,38409800,11941.07845,12268.35977
2009-10-07,15040,15120,14420,14440,11324.15723,38221850,11575.1084,11986.04004
2009-10-08,14560,14560,14120,14400,11292.79102,52971900,11433.94922,11688.03672
2009-10-09,14580,15100,14520,15100,11841.74316,31334400,11486.23047,11571.97188
2009-10-12,15200,15260,14820,14980,11747.64063,21586100,11627.3916,11578.24629
2009-10-13,15000,15300,14840,15140,11873.11426,18348000,11820.83268,11615.88926
2009-10-14,15380,15460,15280,15380,12061.3252,20841250,11894.0267,11763.32285
2009-10-15,15660,15660,15260,15500,12155.43164,17809550,12029.95703,11935.85098
2009-10-16,15000,15560,14900,14920,11700.58203,23712800,11972.44629,11907.61875
2009-10-19,14760,15100,14460,15020,11779.00488,21675850,11878.33952,11913.8916
2009-10-20,15160,15220,14920,15040,11794.69336,14165400,11758.09342,11898.20742
2009-10-21,15000,15040,14640,14700,11528.05566,25319950,11700.58463,11791.55351
2009-10-22,14640,14760,14460,14520,11386.89356,21589750,11569.88086,11637.8459
2009-10-23,14600,14980,14580,14900,11684.89941,21616400,11533.28288,11634.70937
2009-10-26,14820,15180,14780,15060,11810.375,15657300,11627.38932,11640.9834
2009-10-27,14980,15040,14800,14840,11637.84668,16264450,11711.04036,11609.61406
2009-10-28,14880,14900,14400,14400,11292.79102,25568050,11580.33757,11562.56113
2009-10-29,14200,14440,14020,14360,11261.42188,32193450,11397.35319,11537.4668
2009-10-30,14660,14800,14440,14460,11339.84277,27823550,11298.01856,11468.45547
2009-11-02,14220,14540,14160,14360,11261.42188,23125050,11287.56218,11358.66485
2009-11-03,14380,14640,14300,14580,11433.94922,19636750,11345.07129,11317.88535
2009-11-04,14540,14720,14400,14660,11496.68555,17170650,11397.35222,11358.66426
2009-11-05,14620,14620,14220,14240,11167.31348,18633900,11365.98275,11339.84258
2009-11-06,14520,14540,14280,14440,11324.15723,15201050,11329.38542,11336.70547
2009-11-09,14540,14640,14440,14480,11355.52734,13426450,11282.33268,11355.52656
2009-11-10,14680,14720,14480,14540,11402.57813,19617400,11360.75423,11349.25235
2009-11-11,14640,14700,14320,14700,11528.05566,15973550,11428.72038,11355.52637
2009-11-12,14740,14860,14400,14400,11292.79102,24682750,11407.80827,11380.62188
2009-11-13,14480,14540,14180,14280,11198.68457,21560950,11339.84375,11355.52734
2009-11-16,14400,14660,14280,14660,11496.68555,20057700,11329.38705,11383.75899
2009-11-17,14760,14820,14520,14560,11418.26465,18009450,11371.21159,11386.89629
2009-11-18,14700,15000,14640,15000,11763.32129,29638400,11559.42383,11433.94942
2009-11-19,15000,15300,15000,15180,11904.48145,22743700,11695.3558,11556.2875
2009-11-20,15020,15220,14920,15100,11841.74316,17162700,11836.5153,11684.89922
2009-11-23,15220,15280,15020,15180,11904.48145,14378850,11883.56869,11766.4584
2009-11-24,15220,15260,14820,14840,11637.84668,17703700,11794.69043,11810.37481
2009-11-25,14840,14980,14800,14980,11747.64063,10610150,11763.32292,11807.23867
2009-11-26,14980,15140,14860,14860,11653.5293,11798250,11679.6722,11757.04824
2009-11-27,14600,14780,14240,14240,11167.31348,23077300,11522.8278,11622.16231
2009-11-30,14460,14640,14380,14400,11292.79102,18751200,11371.21127,11499.82422
2009-12-01,14400,14740,14360,14740,11559.42285,17255950,11339.84245,11484.13946
2009-12-02,14860,15000,14800,14940,11716.26856,16733700,11522.82748,11477.86504
2009-12-03,15040,15200,14940,15180,11904.48145,15982500,11726.72429,11528.05547
2009-12-04,15160,15340,15100,15240,11951.53516,18336750,11857.42839,11684.89981
2009-12-07,15400,15540,15260,15420,12092.69238,16446850,11982.903,11844.88008
2009-12-08,15420,15520,15340,15440,12108.37988,10088500,12050.86914,11954.67149
2009-12-09,15240,15640,15220,15560,12202.4834,17773300,12134.51855,12051.91445
2009-12-10,15420,15760,15320,15760,12359.3291,44528150,12223.39746,12142.88398
2009-12-11,15800,15940,15660,15700,12312.27832,16265250,12291.36361,12215.03262
2009-12-14,15700,15800,15440,15580,12218.16797,15496050,12296.5918,12240.12773
2009-12-15,15600,15620,15440,15540,12186.80078,12269300,12239.08236,12255.81191
2009-12-16,15600,15720,15500,15600,12233.85254,19952700,12212.94043,12262.08574
2009-12-17,15620,15620,15300,15300,11998.58594,15858250,12139.74642,12189.93711
2009-12-18,15200,15580,15160,15460,12124.06348,20295050,12118.83399,12152.29414
2009-12-21,15460,15540,15340,15420,12092.69238,14575300,12071.7806,12127.19902
2009-12-22,15500,15620,15460,15620,12249.53906,12264950,12155.43164,12139.74668
2009-12-23,15760,15760,15560,15680,12296.59082,12490000,12212.94075,12152.29434
2009-12-24,15700,15880,15640,15800,12390.69922,20309600,12312.27637,12230.71699
2009-12-28,15800,15860,15580,15740,12343.64648,11758250,12343.64551,12274.63359
2009-12-29,15720,15740,15600,15720,12446.5752,6840100,12393.6403,12345.41016
2009-12-30,15760,15980,15740,15980,12652.43555,14736900,12480.88574,12425.98945
2010-01-04,16060,16180,16000,16180,12810.78809,11950800,12636.59961,12528.82891
2010-01-05,16520,16580,16300,16440,13016.64746,27925850,12826.6237,12654.01856
2010-01-06,16580,16820,16520,16820,13317.51758,22948850,13048.31771,12848.79278
2010-01-07,16820,16820,16260,16260,12874.12988,22107950,13069.43164,12934.30371
2010-01-08,16400,16420,16120,16420,13000.8125,14777550,13064.15332,13003.9791
2010-01-11,16420,16460,15940,15940,12620.76465,19896100,12831.90234,12965.97441
2010-01-12,15940,16180,15900,16180,12810.78809,19218050,12810.78841,12924.80254
2010-01-13,16100,16120,15940,15940,12620.76465,13375300,12684.1058,12785.45195
2010-01-14,16120,16620,16000,16540,13095.82227,26551550,12842.45834,12829.79043
2010-01-15,16640,16860,16580,16840,13333.35156,19905600,13016.64616,12896.29824
2010-01-18,16800,16920,16560,16860,13349.18848,13060400,13259.4541,13041.98301
2010-01-19,17000,17000,16440,16460,13032.4834,12041250,13238.34115,13086.32207
2010-01-20,16460,16740,16460,16680,13206.67188,19200850,13196.11459,13203.50352
2010-01-21,16400,17000,16400,17000,13460.03516,16990100,13233.06348,13276.3461
2010-01-22,16800,16900,16360,16500,13064.15234,23460500,13243.61979,13222.50625
2010-01-25,16320,16960,16300,16840,13333.35156,20578400,13285.84635,13219.33887
2010-01-26,16920,16920,16240,16300,12905.79883,18722300,13101.10091,13194.00195
2010-01-27,16300,16340,16000,16000,12668.27148,18516150,12969.14062,13086.32187
2010-01-28,16160,16300,16060,16160,12794.95606,13795800,12789.67546,12953.30605
2010-01-29,16000,16020,15600,15680,12414.90332,22854100,12626.04362,12823.45625
2010-02-01,15680,15700,15300,15540,12304.05859,25037200,12504.63932,12617.59766
2010-02-02,15800,15800,15400,15440,12224.87988,19677150,12314.61393,12481.41387
2010-02-03,15640,15700,15360,15540,12304.05859,16467700,12277.66569,12408.57129
2010-02-04,15500,15660,15440,15520,12288.22168,11971700,12272.38672,12307.22441
2010-02-05,15160,15220,14940,15000,11876.50391,25705750,12156.26139,12199.54453
2010-02-08,14940,15080,14820,14960,11844.83301,21891500,12003.1862,12107.69941
2010-02-09,14960,15220,14840,15220,12050.69238,16834200,11924.00977,12072.86191
2010-02-10,15260,15280,15040,15100,11955.68359,13174200,11950.40299,12003.18691
2010-02-11,15140,15300,15120,15260,12082.36523,13208300,12029.5804,11962.01562
2010-02-12,15340,15340,14900,15000,11876.50391,22879300,11971.51758,11962.01562
2010-02-16,15000,15180,14960,15120,11971.51465,7723550,11976.7946,11987.35195
2010-02-17,15440,15580,15280,15580,12335.72949,13997150,12061.24935,12044.35937
2010-02-18,15580,15620,15440,15500,12272.38867,7251900,12193.21094,12107.70039
2010-02-19,15380,15540,15180,15200,12034.85742,11094000,12214.32519,12098.19883
2010-02-22,15440,15560,15400,15460,12240.7168,11580550,12182.6543,12171.04141
2010-02-23,15480,15480,15120,15340,12145.70313,12568850,12140.42578,12205.8791
2010-02-24,15180,15220,15000,15040,11908.17383,15052500,12098.19792,12120.36797
2010-02-25,15080,15160,14680,14720,11654.81055,19273900,11902.89584,11996.85235
2010-02-26,14800,14960,14660,14880,11781.49414,15576350,11781.49284,11946.17969
2010-03-02,15220,15480,15120,15400,12193.20996,23494700,11876.50488,11936.67832
2010-03-03,15420,15460,15260,15420,12209.04492,9713550,12061.24967,11949.34668
2010-03-04,15420,15440,15120,15220,12050.69238,10205050,12150.98242,11977.85039
2010-03-05,15260,15500,15260,15500,12272.38867,11754700,12177.37532,12101.36601
2010-03-08,15800,15840,15700,15720,12446.5752,19563300,12256.55208,12234.38223
2010-03-09,15740,15740,15540,15720,12446.5752,12211750,12388.51302,12285.05527
2010-03-10,15720,15740,15560,15680,12414.90332,11367600,12436.01791,12326.22695
2010-03-11,15800,15880,15560,15560,12319.89356,19631000,12393.79069,12380.06719
2010-03-12,15560,15680,15420,15560,12319.89356,9997950,12351.56348,12389.56817
2010-03-15,15640,15660,15280,15360,12161.54199,11156550,12267.1097,12332.56153
2010-03-16,15360,15400,15160,15300,12114.0332,16548150,12198.48958,12266.05313
2010-03-17,15440,15960,15420,15960,12636.60059,21840650,12304.05859,12310.39258
2010-03-18,15900,16140,15900,15940,12620.76465,15393500,12457.13281,12370.5668
2010-03-19,16020,16140,15960,16080,12731.61133,10711200,12662.99219,12452.91035
2010-03-22,16060,16080,15840,16020,12684.10547,9191800,12678.82715,12557.42305
2010-03-23,16140,16300,16100,16180,12810.78809,9923300,12742.1683,12696.77403
2010-03-24,16300,16500,16260,16380,12969.14258,15926950,12821.34538,12763.28242
2010-03-25,16300,16440,16180,16380,12969.14258,9481650,12916.35775,12832.95801
2010-03-26,16460,16500,16240,16400,12984.97559,10481650,12974.42025,12883.63086
2010-03-29,16200,16500,16200,16360,12953.30566,7756350,12969.14128,12937.4709
2010-03-30,16540,16580,16240,16280,12889.96582,12042400,12942.74902,12953.30645
2010-03-31,16280,16680,16260,16360,12953.30566,21699800,12932.19238,12950.13906
2010-04-01,16520,16900,16480,16900,13380.85742,28068050,13074.70963,13032.48203
2010-04-02,16920,17200,16820,17140,13570.88574,20907050,13301.68294,13149.66406
2010-04-05,17220,17400,17140,17400,13776.74316,15201700,13576.16211,13314.35156
2010-04-06,17480,17500,17220,17380,13760.91016,16494250,13702.84635,13488.54043
2010-04-07,17300,17380,17040,17180,13602.55664,19418550,13713.40332,13618.39062
2010-04-08,17140,17260,17060,17260,13665.89648,13447700,13676.45443,13675.39844
2010-04-09,17280,17320,16960,17120,13555.05176,13757650,13607.83496,13672.23164
2010-04-12,17180,17200,16540,16600,13143.32813,24897000,13454.75879,13545.54863
2010-04-13,16680,16680,16300,16560,13111.66016,20446350,13270.01335,13415.69863
2010-04-14,16700,16940,16660,16900,13380.85742,15369350,13211.94857,13371.35879
2010-04-15,17240,17240,16880,17100,13539.21094,18248400,13343.90951,13346.02168
2010-04-16,17100,17160,16820,16960,13428.36816,11003100,13449.47884,13320.68496
2010-04-19,16740,16800,16520,16540,13095.82227,12357100,13354.46712,13311.18379
2010-04-20,16540,16640,16420,16560,13111.66016,13571500,13211.9502,13311.18379
2010-04-21,16760,17060,16700,17040,13491.70898,13200200,13233.0638,13333.3541
2010-04-22,16980,16980,16660,16820,13317.51758,17161750,13306.96224,13289.01543
2010-04-23,16960,16960,16560,16600,13143.32813,15442000,13317.51823,13232.00742
2010-04-26,16700,16840,16600,16680,13206.67188,13009350,13222.50586,13254.17735
2010-04-27,16620,16760,16540,16700,13222.50586,13040500,13190.83529,13276.34649
2010-04-28,16400,16500,16360,16500,13064.15234,16007500,13164.44336,13190.83516
2010-04-29,16600,16620,16320,16500,13064.15234,11337150,13116.93685,13140.16211
2010-04-30,16560,17040,16540,16980,13444.20215,22710850,13190.83561,13200.33691
2010-05-03,16900,16900,16540,16580,13127.49609,14553900,13211.95019,13184.50176
2010-05-04,16800,16860,16600,16680,13206.67188,9138450,13259.45671,13181.33496
2010-05-06,16340,16380,16200,16280,12889.96582,22570150,13074.71126,13146.49766
2010-05-07,15960,15980,15760,15880,12573.25586,37887000,12889.96452,13048.31836
2010-05-10,16000,16100,15940,16060,12715.77832,16435550,12726.33333,12902.63359
2010-05-11,16240,16240,15820,15820,12525.75293,22498000,12604.92904,12782.28496
2010-05-12,15940,15960,15640,15780,12494.08301,15759500,12578.53809,12639.76719
2010-05-13,15960,16400,15940,16260,12874.12988,15900650,12631.32194,12636.6
2010-05-14,16120,16240,15980,16200,12826.62305,14674300,12731.61198,12687.27344
2010-05-17,15960,15980,15560,15680,12414.90332,26460950,12705.21875,12627.09844
2010-05-18,15800,15900,15680,15840,12541.58789,18143800,12594.37142,12630.26543
2010-05-19,15700,15700,15380,15460,12240.7168,17987050,12399.06934,12579.59219
2010-05-20,15300,15440,15100,15120,11971.51465,19772500,12251.27311,12399.06914
2010-05-24,14940,15280,14880,15160,12003.18555,17704300,12071.80567,12234.38164
2010-05-25,15000,15120,14720,14820,11733.98828,25489550,11902.89616,12098.19863
2010-05-26,15200,15380,14900,15000,11876.50391,22943950,11871.22591,11965.18184
2010-05-27,14880,15500,14820,15440,12224.87988,22173500,11945.12402,11962.01445
2010-05-28,15740,15740,15340,15560,12319.89356,22448950,12140.42578,12031.69024
2010-05-31,15440,15620,15360,15520,12288.22168,12774650,12277.66504,12088.69746
2010-06-01,15520,15580,15300,15360,12161.54199,11382350,12256.55241,12174.2082
2010-06-03,15600,15680,15480,15540,12304.05859,14649400,12251.27409,12259.71914
2010-06-04,15500,15940,15480,15860,12557.42188,12598850,12341.00749,12326.22754
2010-06-07,15580,15740,15540,15740,12462.41113,15161550,12441.2972,12354.73105
2010-06-08,15700,15960,15520,15700,12430.74023,14499800,12483.52441,12383.23476
2010-06-09,15840,15840,15320,15400,12193.20996,17914950,12362.12044,12389.56836
2010-06-10,15540,15600,15420,15460,12240.7168,17769350,12288.22233,12376.9
2010-06-11,15700,15940,15660,15940,12620.76465,18283050,12351.5638,12389.56855
2010-06-14,15820,16180,15820,16140,12779.11816,12094650,12546.86654,12452.90996
2010-06-15,16200,16200,15960,15960,12636.60059,9528550,12678.8278,12494.08203
2010-06-16,16300,16440,16180,16380,12969.14258,18823500,12794.95378,12649.26856
2010-06-17,16240,16340,16200,16340,12937.47266,11648800,12847.73861,12788.61973
2010-06-18,16500,16500,16240,16440,13016.64746,9579500,12974.4209,12867.79629
2010-06-21,16600,16780,16500,16600,13143.32813,14230700,13032.48275,12940.63828
2010-06-22,16540,16540,16260,16320,12921.63184,14794100,13027.20248,12997.64453
2010-06-23,16220,16220,16000,16100,12747.44434,17489950,12937.4681,12953.30489
2010-06-24,16160,16460,16100,16400,12984.97559,14152200,12884.68392,12962.80547
2010-06-25,16180,16200,16040,16100,12747.44434,16982600,12826.62142,12908.96485
2010-06-28,16100,16160,15920,15920,12604.92481,13026700,12779.11491,12801.28418
2010-06-29,16020,16080,15740,15840,12620.86621,12560000,12657.74512,12741.13106
2010-06-30,15400,15600,15400,15480,12334.02539,26708450,12519.9388,12658.44727
2010-07-01,15580,15600,15200,15320,12206.54199,22206400,12387.14453,12502.76055
2010-07-02,15400,15480,15260,15340,12222.47852,11641100,12254.34863,12397.76738
2010-07-05,15260,15400,15220,15340,12222.47852,9995600,12217.16634,12321.27813
2010-07-06,15240,15500,15100,15500,12349.96484,17879550,12264.97396,12267.09785
2010-07-07,15600,15620,15300,15380,12254.34668,16180150,12275.59668,12251.16211
2010-07-08,15660,15680,15400,15500,12349.96484,14752850,12318.09212,12279.84668
2010-07-09,15580,15920,15460,15920,12684.60449,18605950,12429.63867,12372.27187
2010-07-12,15980,16040,15840,16040,12780.2207,12597450,12604.93001,12483.82031
2010-07-13,15960,16160,15880,15920,12684.60449,15339650,12716.47656,12550.74824
2010-07-14,16260,16560,16260,16480,13130.79883,33184600,12865.20801,12726.03867
2010-07-15,16500,16500,16360,16400,13067.05762,16063950,12960.82031,12869.45723
2010-07-16,16320,16400,16040,16040,12780.2207,16933400,12992.69238,12888.58047
2010-07-19,15720,15980,15720,15900,12668.66992,14586800,12838.64941,12866.27031
2010-07-20,15900,16040,15720,15960,12716.47559,11578400,12721.78874,12872.64453
2010-07-21,16340,16360,16120,16340,13019.25098,16558800,12801.4655,12850.33496
2010-07-22,16240,16340,16020,16160,12875.83496,15439550,12870.52051,12812.09043
2010-07-23,16300,16340,16140,16220,12923.63672,14112800,12939.57422,12840.77363
2010-07-26,16260,16400,16180,16360,13035.18359,10617450,12944.88509,12914.07637
2010-07-27,16480,16600,16420,16580,13210.47754,19088350,13056.43262,13012.87676
2010-07-28,16640,16800,16620,16740,13337.95996,23248200,13194.54036,13076.61855
2010-07-29,16780,16800,16480,16540,13178.60449,14865300,13242.34733,13137.17246
2010-07-30,16440,16540,16200,16200,12907.69922,16399000,13141.42122,13133.98496
2010-08-02,16340,16360,16200,16200,12907.69922,12455050,12998.00098,13108.48809
2010-08-03,16400,16440,16300,16300,12987.37891,13105950,12934.25912,13063.86836
2010-08-04,16340,16360,16120,16120,12843.95996,10616650,12913.0127,12965.06836
2010-08-05,16220,16360,16060,16080,12812.09082,14028550,12881.14323,12891.76563
2010-08-06,16200,16200,15980,16020,12764.28516,12296750,12806.77865,12863.08281
2010-08-09,15980,16040,15960,16040,12780.2207,9138150,12785.53223,12837.58711
2010-08-10,16000,16080,15820,15860,12636.79785,14060850,12727.10124,12767.4709
2010-08-11,15680,15780,15540,15580,12413.70606,17957900,12610.24154,12681.42012
2010-08-12,15360,15540,15300,15320,12206.54199,21360650,12419.0153,12560.31035
2010-08-13,15400,15640,15340,15620,12445.57422,14274900,12355.27409,12496.56816
2010-08-16,15460,15660,15340,15640,12461.50977,10280000,12371.20866,12432.82598
2010-08-17,15540,15660,15420,15640,12461.50977,14476450,12456.19792,12397.76836
2010-08-18,15680,15700,15480,15560,12397.76953,11715900,12440.26302,12394.58106
2010-08-19,15580,15780,15540,15780,12573.06055,12179900,12477.44662,12467.88477
2010-08-20,15600,15720,15540,15680,12493.38281,12330600,12488.07096,12477.44649
2010-08-23,15720,15820,15640,15800,12588.99414,9081550,12551.8125,12502.94336
2010-08-24,15700,15720,15500,15660,12477.44629,11365400,12519.94108,12506.13066
2010-08-25,15520,15560,15440,15440,12302.15527,9263250,12456.19857,12487.00781
2010-08-26,15440,15660,15400,15460,12318.0918,10440100,12365.89779,12436.01406
2010-08-27,15300,15440,15300,15320,12206.54199,12748200,12275.59635,12378.6459
2010-08-30,15500,15560,15440,15520,12365.89941,6984450,12296.8444,12334.02695
2010-08-31,15320,15440,15120,15120,12047.19043,22051950,12206.54394,12247.97578
2010-09-01,15240,15260,15000,15040,11983.44824,19451700,12132.17936,12184.23437
2010-09-02,15200,15240,14980,15180,12094.99512,18271500,12041.87793,12139.61504
2010-09-03,15220,15280,15120,15220,12126.86719,22082500,12068.43685,12123.68008
2010-09-06,15440,15600,15360,15600,12429.63867,19708650,12217.16699,12136.42793
2010-09-07,15660,15800,15500,15760,12557.12109,16036000,12371.20898,12238.41406
2010-09-08,15520,15620,15420,15420,12286.22168,10954600,12424.32715,12298.96875
2010-09-09,15340,15480,15120,15120,12047.19043,30825400,12296.8444,12289.40781
2010-09-10,15200,15440,15140,15320,12206.54199,13989000,12179.9847,12305.34277
2010-09-13,15400,15520,15320,15400,12270.28516,11741050,12174.67253,12273.47207
2010-09-14,15500,15620,15200,15200,12110.93164,18559950,12195.9196,12184.23418
2010-09-15,15260,15340,15020,15140,12063.125,19441850,12148.11393,12139.61484
2010-09-16,15080,15260,15080,15140,12063.125,11734100,12079.06055,12142.80176
2010-09-17,15240,15560,15160,15460,12318.0918,22369300,12148.11393,12165.11172
2010-09-20,15480,15600,15400,15600,12429.63867,14807550,12270.28516,12196.98242
2010-09-24,15580,15600,15160,15240,12142.79981,32766800,12296.84343,12203.35606
2010-09-27,15300,15360,15040,15100,12031.25586,25107150,12201.23145,12196.98223
2010-09-28,15100,15120,14900,14900,11871.89746,23315700,12015.31771,12158.73672
2010-09-29,15060,15500,15000,15440,12302.15527,35348050,12068.4362,12155.54941
2010-09-30,15440,15580,15340,15540,12381.83594,16855500,12185.29622,12145.98887
2010-10-01,15440,15560,15380,15540,12381.83594,14805750,12355.27572,12193.79609
2010-10-04,15600,15620,15480,15600,12429.63867,12835350,12397.77018,12273.47266
2010-10-05,15440,15580,15420,15460,12318.0918,14300150,12376.52214,12362.71152
2010-10-06,15560,15880,15520,15860,12636.79785,23555150,12461.50944,12429.64004
2010-10-07,15580,15660,15380,15400,12270.28516,25542150,12408.3916,12407.32988
2010-10-08,15260,15320,15060,15160,12079.06055,27125750,12328.71452,12346.77481
2010-10-11,15240,15260,15060,15060,11999.38281,18784450,12116.24284,12260.72363
2010-10-12,15040,15120,14920,14920,11887.83301,18391350,11988.75879,12174.67188
2010-10-13,15040,15040,14860,14880,11855.9668,20414700,11914.39421,12018.50567
2010-10-14,15060,15060,14840,15000,11951.5752,26710000,11898.45834,11954.76367
2010-10-15,15000,15120,14900,15080,12015.31836,24686150,11940.95345,11942.01524
2010-10-18,15140,15240,14960,15020,11967.50977,13804400,11978.13444,11935.64063
2010-10-19,15000,15020,14820,14820,11808.1582,19450000,11930.32878,11919.70567
2010-10-20,14800,14980,14700,14900,11871.89746,18474100,11882.52181,11922.8918
2010-10-21,14900,15300,14820,15300,12190.60742,28370400,11956.88769,11970.69824
2010-10-22,15460,15540,15340,15540,12381.83594,20425550,12148.11361,12044.00176
2010-10-25,15460,15580,15340,15420,12286.22168,12353450,12286.22168,12107.74414
2010-10-26,15360,15420,15160,15260,12158.73731,15629050,12275.59831,12177.85996
2010-10-27,15160,15300,15020,15060,11999.38281,16732750,12148.11393,12203.35703
2010-10-28,15200,15300,15060,15280,12174.67481,14631600,12110.93164,12200.17051
2010-10-29,15280,15300,14900,14900,11871.89746,23060950,12015.31836,12098.18281
2010-11-01,15060,15060,14860,14940,11903.76953,14837800,11983.44727,12021.69238
2010-11-02,14940,14960,14740,14800,11792.22266,16536700,11855.96322,11948.38945
2010-11-03,14800,14980,14780,14800,11792.22266,17874950,11829.40495,11906.95742
2010-11-04,14940,15280,14900,15260,12158.73731,27312500,11914.39421,11903.76992
2010-11-05,15600,15800,15500,15520,12365.89941,35165050,12105.61979,12002.57031
2010-11-08,15700,15760,15520,15560,12397.76953,13961400,12307.46875,12101.37031
2010-11-09,15680,15680,15340,15480,12334.02539,12801650,12365.89811,12209.73086
2010-11-10,15600,15800,15500,15800,12588.99414,21088000,12440.26302,12369.08516
2010-11-11,15860,15980,15340,15340,12222.47852,44525300,12381.83268,12381.8334
2010-11-12,15680,15800,15460,15560,12397.76953,28325650,12403.08073,12388.20742
2010-11-15,15720,16300,15700,16160,12875.83496,35892450,12498.69434,12483.82051
2010-11-16,16280,16400,16000,16220,12923.63672,29475050,12732.41374,12601.74277
2010-11-17,16020,16080,15900,15900,12668.66992,17123100,12822.71387,12617.67793
2010-11-18,15940,16100,15860,15980,12732.41113,13296000,12774.90592,12719.66445
2010-11-19,16160,16380,16000,16360,13035.18359,19355150,12812.08821,12847.14726
2010-11-22,16400,16960,16360,16960,13513.24902,36057400,13093.61458,12974.63008
2010-11-23,17000,17020,16680,16800,13385.76465,18280200,13311.39909,13067.05566
2010-11-24,16520,17040,16500,17020,13561.05371,31792000,13486.68913,13245.53242
2010-11-25,17060,17060,16760,16900,13465.44336,18359500,13470.75391,13392.13887
2010-11-26,16960,16980,16640,16740,13337.95996,15679300,13454.81901,13452.69414
2010-11-29,16700,16920,16620,16720,13322.02539,15401050,13375.1429,13414.44941
2010-11-30,16640,16920,16520,16520,13162.66895,21205500,13274.2181,13369.83027
2010-12-01,16480,16560,16280,16400,13067.05762,18777150,13183.91732,13271.03106
2010-12-02,16560,17180,16500,17180,13688.53906,30608400,13306.08854,13315.6502
2010-12-03,17400,17940,17340,17880,14246.27832,39373850,13667.29167,13497.31387
2010-12-06,17800,17980,17700,17800,14182.53613,16837550,14039.11784,13669.41602
2010-12-07,17740,18420,17700,18020,14357.82617,24906050,14262.21354,13908.44746
2010-12-08,18060,18200,17740,17760,14150.66602,16803250,14230.34277,14125.16914
2010-12-09,17700,18360,17680,18340,14612.79297,29422050,14373.76172,14310.01992
2010-12-10,18300,18380,18140,18380,14644.66504,12757050,14469.37468,14389.69727
2010-12-13,18380,18640,18320,18600,14819.95606,15359300,14692.47136,14517.18125
2010-12-14,18740,18740,18420,18580,14804.01465,22126100,14756.21192,14606.41895
2010-12-15,18500,18500,18200,18320,14596.85742,16449400,14740.27604,14695.65723
2010-12-16,18160,18380,18160,18220,14517.18359,11684200,14639.35189,14676.53535
2010-12-17,18280,18580,18240,18520,14756.21875,17297200,14623.41992,14698.84609
2010-12-20,18340,18640,18280,18640,14851.82715,16911750,14708.40983,14705.22031
2010-12-21,18620,18800,18500,18720,14915.56543,12599300,14841.20378,14727.53047
2010-12-22,18780,19060,18720,18780,14963.37305,16626800,14910.25521,14800.83359
2010-12-23,18720,18760,18500,18720,14915.56543,10985500,14931.5013,14880.50996
2010-12-24,18780,18780,18500,18500,14740.27344,8471650,14873.07064,14877.3209
2010-12-27,18500,18600,18300,18440,14692.46973,10524200,14782.76953,14845.44942
2010-12-28,18560,19000,18520,18760,14947.43457,15650700,14793.39258,14851.82324
2010-12-29,18700,19020,18640,18900,15139.68457,11918900,14926.52962,14887.08555
2010-12-30,18840,19040,18840,18980,15203.77539,9181500,15096.96484,14944.72754
2011-01-03,19100,19320,19000,19160,15347.96094,13241050,15230.47363,15066.26504
2011-01-04,19120,19220,18980,19160,15347.96094,13713100,15299.89909,15197.36328
2011-01-05,19100,19100,18840,18840,15091.62598,16787500,15262.51595,15226.20156
2011-01-06,18840,18980,18460,18600,14899.37695,19360400,15112.98796,15178.14004
2011-01-07,18300,18580,18280,18420,14755.18652,23139800,14915.39648,15088.42227
2011-01-10,18360,18560,18180,18340,14691.10547,18326750,14781.88965,14957.05117
2011-01-11,18340,18440,18160,18260,14627.02148,19550800,14691.10449,14812.86328
2011-01-12,18280,18660,18280,18600,14899.37695,20555800,14739.16797,14774.41347
2011-01-13,18980,18980,18340,18440,14771.20703,28239850,14765.86849,14748.77949
2011-01-14,18560,18680,18300,18660,14947.44141,15382350,14872.67513,14787.23047
2011-01-17,18900,19020,18800,18980,15203.77539,20582100,14974.14128,14889.76445
2011-01-18,19000,19620,18980,19380,15524.18555,29631350,15225.13412,15069.19727
2011-01-19,19580,20000,19320,19940,15972.77246,33343200,15566.91113,15283.87637
2011-01-20,19740,19800,19580,19640,15732.45996,15244400,15743.13932,15476.12695
2011-01-21,19520,19680,19400,19420,15556.23145,16666400,15753.82129,15597.88496
2011-01-24,19360,19660,19320,19420,15556.23145,13609350,15614.97429,15668.37617
2011-01-25,19440,19800,19420,19500,15620.31445,13970550,15577.59245,15687.60195
2011-01-26,19700,19980,19600,19960,15988.79102,13352500,15721.77897,15690.80567
2011-01-27,19900,20040,19820,19880,15924.71191,15367000,15844.60579,15729.25606
2011-01-28,19960,20280,19800,20200,16181.0459,19118950,16031.51628,15854.21895
2011-01-31,20180,20200,19620,19620,15716.43945,21411900,15940.73242,15886.26055
2011-02-01,19640,19900,19580,19660,15748.47949,13468450,15881.98828,15911.89355
2011-02-07,20040,20080,19440,19440,15572.25,24252200,15679.05631,15828.58535
2011-02-08,19400,19480,19180,19220,15396.02637,30483500,15572.25195,15722.84824
2011-02-09,19460,19460,19020,19200,15380,20984650,15449.42546,15562.63906
2011-02-10,19200,19300,18700,18720,14995.49805,30669300,15257.17481,15418.45078
2011-02-11,18700,18860,18260,18300,14659.06348,26489900,15011.52051,15200.56758
2011-02-14,18560,19100,18500,19060,15267.85254,19565800,14974.13802,15139.68809
2011-02-15,19260,19400,18940,19160,15347.96094,18105800,15091.62565,15130.075
2011-02-16,19040,19400,18900,18900,15139.68457,15182650,15251.83268,15082.01192
2011-02-17,19060,19260,18860,19080,15283.87695,14348550,15257.17415,15139.6877
2011-02-18,19300,19320,19140,19200,15380,10253850,15267.85384,15283.875
2011-02-21,19280,19300,18840,18960,15187.75,13750850,15283.87565,15267.85449
2011-02-22,18780,18960,18680,18760,15027.53711,12181550,15198.42904,15203.76973
2011-02-23,18500,18820,18500,18600,14899.37695,17193000,15038.22135,15155.7082
2011-02-24,18520,18680,18400,18580,14883.35156,18110900,14936.75521,15075.60312
2011-02-25,18560,18660,18460,18520,14835.29297,15181200,14872.67383,14966.66172
2011-02-28,18400,18680,18400,18460,14787.22949,16274800,14835.29134,14886.55762
2011-03-02,18280,18460,18240,18360,14707.12109,16134300,14776.54785,14822.47441
2011-03-03,18380,18540,18320,18460,14787.22949,18074200,14760.52669,14800.04492
2011-03-04,18680,18900,18540,18900,15139.68457,18569150,14878.01172,14851.31152
2011-03-07,18860,18860,18120,18120,14514.87695,31883600,14813.93034,14787.22832
2011-03-08,18220,18240,17880,17980,14402.73047,24905400,14685.764,14710.32851
2011-03-09,18120,18160,17640,17800,14258.54199,26296300,14392.0498,14620.61269
2011-03-10,17580,17680,17320,17320,13874.04492,41630200,14178.43913,14437.97578
2011-03-11,17220,17520,17200,17240,13809.95898,26884000,13980.84863,14172.03066
2011-03-14,17600,18020,17060,18000,14418.75195,33325000,14034.25195,14152.80566
2011-03-15,18020,18040,17120,17200,13777.91992,36313200,14002.21028,14027.84355
2011-03-16,17700,17900,17440,17720,14194.45801,39939050,14130.37663,14015.02676
2011-03-17,17560,17800,17360,17800,14258.54199,22505200,14076.97331,14091.92617
2011-03-18,17840,17900,17660,17820,14274.56152,19166050,14242.52051,14184.84668
2011-03-21,17820,17980,17680,17800,14258.54199,14473500,14263.88183,14152.80469
2011-03-22,17840,17940,17400,17500,14018.23438,21810300,14183.7793,14200.86758
2011-03-23,17600,17600,17180,17460,13986.18652,25229000,14087.6543,14159.21328
2011-03-24,17600,17760,17480,17600,14098.33301,15392550,14034.2513,14127.17148
2011-03-25,17840,18200,17800,18200,14578.95996,31078100,14221.15983,14188.05117
2011-03-28,18300,18440,18180,18320,14675.08496,15890200,14450.79264,14271.35977
2011-03-29,18140,18320,18000,18320,14675.08496,17204100,14643.04329,14402.72988
2011-03-30,18320,18580,18320,18520,14835.29297,20685150,14728.48763,14572.55117
2011-03-31,18720,18720,18420,18640,14931.41895,26376550,14813.93229,14739.16836
2011-04-01,18720,18800,18540,18800,15059.58106,22471700,14942.09766,14835.29258
2011-04-04,18800,18900,18780,18900,15139.68457,16716750,15043.56153,14928.2125
2011-04-05,18960,18960,18700,18900,15139.68457,11922000,15112.9834,15021.13242
2011-04-06,18800,18840,18300,18460,14787.22949,27471850,15022.19954,15011.51973
2011-04-07,18500,18700,18100,18180,14562.93262,21781250,14829.94889,14937.82246
2011-04-08,18220,18280,17900,17960,14386.70996,25983450,14578.95736,14803.24824
2011-04-11,17960,18140,17760,17880,14322.62402,20582800,14424.08887,14639.83613
2011-04-12,17720,17800,17640,17640,14130.37598,15766950,14279.90332,14437.97441
2011-04-13,17740,18020,17600,18020,14434.76953,16627750,14295.92318,14367.48242
2011-04-14,18000,18000,17680,18000,14418.75195,25265700,14327.96582,14338.64629
2011-04-15,17960,17980,17640,17760,14226.50391,22274750,14360.00846,14306.60508
2011-04-18,17820,17840,17320,17340,13890.06348,27418700,14178.43978,14220.09297
2011-04-19,17060,17500,17060,17500,14018.23438,23078650,14044.93392,14197.66465
2011-04-20,17780,18320,17720,18320,14675.08496,32044250,14194.46094,14245.72774
2011-04-21,18600,18740,18360,18560,14867.33203,27071850,14520.21712,14335.44375
2011-04-22,18480,18540,18040,18080,14482.83789,18825450,14675.08496,14386.71055
2011-04-25,18020,18220,17780,17780,14242.51758,14338950,14530.89583,14457.20137
2011-04-26,17980,17980,17600,17940,14370.68945,19174650,14365.34831,14527.69238
2011-04-27,18340,18540,18220,18480,14803.25293,26379400,14472.15332,14553.32598
2011-04-28,18480,18540,17980,18000,14418.75195,20803400,14530.89811,14463.60996
2011-04-29,18020,18160,17600,17860,14306.60547,21415000,14509.53678,14428.36348
2011-05-02,18200,18740,18080,18640,14931.41895,32544850,14552.25879,14566.14375
2011-05-03,18720,18800,18440,18760,15027.53711,25366500,14755.18718,14697.51328
2011-05-04,18600,18680,18000,18300,14659.06348,25769850,14872.67318,14668.67539
2011-05-06,17980,18280,17900,17980,14402.73047,23637450,14696.44369,14665.4711
2011-05-09,18160,18220,17820,17820,14274.56152,13543350,14445.45182,14659.06231
2011-05-11,17780,17900,17640,17840,14290.58496,22363750,14322.62565,14530.89551
2011-05-12,17720,18020,17660,17700,14178.43457,27616100,14247.86035,14361.075
2011-05-13,17920,18480,17800,18320,14675.08496,33438000,14381.36816,14364.2793
2011-05-16,18340,18380,17960,18020,14434.76953,16123700,14429.42969,14370.68711
2011-05-17,17940,17960,17780,17800,14258.54199,11549950,14456.13216,14367.4832
2011-05-18,17860,17980,17720,17860,14306.60547,16579300,14333.30566,14370.6873
2011-05-19,17820,17960,17600,17600,14098.33301,19345200,14221.16016,14354.66699
2011-05-20,17700,17740,17600,17640,14130.37598,11069950,14178.43815,14245.7252
2011-05-23,17540,17700,17440,17460,13986.18652,14056000,14071.63184,14156.00859
2011-05-24,17440,17680,17300,17300,13858.02148,14488500,13991.52799,14075.90449
2011-05-25,17580,17580,17060,17120,13713.83496,16018050,13852.68099,13957.35039
2011-05-26,17360,17600,17300,17580,14082.31348,13968500,13884.72331,13954.14648
2011-05-27,17480,17980,17340,17820,14274.56152,21477600,14023.56999,13982.98359
2011-05-30,17900,17900,17520,17680,14162.41797,10293600,14173.09766,14018.22988
2011-05-31,17800,18280,17720,18040,14450.7959,23887550,14295.92513,14136.78477
2011-06-01,18040,18240,17900,18220,14594.97949,15678500,14402.73112,14313.01367
2011-06-02,17880,17940,17600,17660,14146.39258,16582950,14397.38932,14325.82949
2011-06-03,17800,17800,17540,17700,14178.43457,10067100,14306.60221,14306.6041
2011-06-07,17520,17780,17380,17740,14210.48047,15110100,14178.43587,14316.2166
2011-06-08,17700,17800,17500,17540,14050.27051,12938850,14146.39518,14236.11152
2011-06-09,17540,17580,17300,17300,13858.02148,21511200,14039.59082,14088.71992
2011-06-10,17400,17480,17020,17020,13633.72754,19586600,13847.33984,13986.18691
2011-06-13,16880,17060,16760,17060,13665.77344,15062450,13719.17415,13883.65469
2011-06-14,17020,17460,16960,17260,13825.98145,10642700,13708.49414,13806.75488
2011-06-15,17320,17380,17020,17300,13858.02148,13283100,13783.25879,13768.30508
2011-06-16,17060,17160,16880,16960,13585.66895,11940550,13756.55729,13713.83457
2011-06-17,17020,17040,16060,16380,13121.06348,36058100,13521.58464,13611.30176
2011-06-20,16260,16280,15900,16000,12816.66895,23580500,13174.46713,13441.48086
2011-06-21,16000,16400,15960,16280,13040.95898,18844400,12992.89714,13284.47637
2011-06-22,16480,16660,16440,16520,13233.20898,16530400,13030.27897,13159.51387
2011-06-23,16500,16780,16400,16620,13313.31543,13858400,13195.8278,13105.04316
2011-06-24,16420,17080,16420,17040,13649.75391,23453150,13398.75944,13210.78125
2011-06-27,16940,16940,16560,16700,13377.39648,15207250,13446.82194,13322.92676
2011-06-28,16800,17060,16620,16640,13329.33496,11950100,13452.16178,13380.60195
2011-06-29,16960,16980,16640,16660,13353.37695,10348200,13353.36946,13404.63555
2011-06-30,16660,16700,16420,16520,13241.16406,16408950,13307.95866,13390.20527
2011-07-01,16860,17200,16760,17100,13706.04981,22133050,13433.53027,13401.46445
2011-07-04,17400,17660,17380,17560,14074.75293,21439450,13673.98893,13540.93574
2011-07-05,17600,17980,17560,17980,14411.39063,21107200,14064.06446,13757.34688
2011-07-06,17860,17960,17740,17960,14395.35938,11215100,14293.83431,13965.74336
2011-07-07,17960,17960,17580,17600,14106.81055,17861200,14304.52019,14138.87266
2011-07-08,17600,17760,17460,17700,14186.95996,12070450,14229.70996,14235.05469
2011-07-11,17600,17600,17240,17300,13866.35547,15974500,14053.37533,14193.3752
2011-07-12,17200,17220,16920,17000,13625.89746,12397200,13893.07096,14036.27656
2011-07-13,16960,17100,16720,16860,13513.68262,16430600,13668.64518,13859.94121
2011-07-14,16700,16700,16460,16620,13321.31934,20363350,13486.96647,13702.84297
2011-07-15,16600,16800,16420,16640,13337.34863,13621800,13390.78353,13532.9207
2011-07-18,16560,16600,16220,16260,13032.77246,18189050,13230.48014,13366.2041
2011-07-19,16120,16540,16120,16440,13177.04199,14537100,13182.38769,13276.43301
2011-07-20,16800,17080,16780,17020,13641.92676,21079150,13283.91374,13302.08184
2011-07-21,16920,17020,16640,16840,13497.65234,10343550,13438.8737,13337.34844
2011-07-22,17000,17120,16840,17000,13625.89746,12179600,13588.49219,13395.0582
2011-07-25,17000,17000,16680,16940,13577.80859,9496800,13567.11946,13504.06543
2011-07-26,16860,17020,16800,17000,13625.89746,11259900,13609.86784,13593.83652
2011-07-27,16960,16960,16720,16900,13545.74121,10079450,13583.14909,13574.59941
2011-07-28,16560,16800,16520,16740,13417.50098,13623150,13529.71322,13558.56914
2011-07-29,16920,17040,16740,16880,13529.71484,15089150,13497.65234,13539.33262
2011-08-01,17100,17500,17100,17400,13946.50684,19432400,13631.24089,13613.07227
2011-08-02,17060,17180,17000,17040,13657.96094,13486550,13711.39421,13619.48496
2011-08-03,16800,16880,16480,16660,13353.37695,20417200,13652.61491,13581.01211
2011-08-04,16780,16780,16300,16420,13161.01465,17307750,13390.78418,13529.71484
2011-08-05,15840,16100,15780,15780,12648.04199,30392500,13054.14453,13353.38027
2011-08-08,15400,15780,15200,15200,12183.15527,30296350,12664.07064,13000.70996
2011-08-09,15000,15060,13920,14480,11606.05762,49299200,12145.75163,12590.3293
2011-08-10,15200,15200,14400,14400,11541.93262,49244500,11777.0485,12228.04043
2011-08-11,13760,14500,13760,14160,11349.57031,39580150,11499.18685,11865.75156
2011-08-12,14420,14440,14000,14140,11333.53906,33844600,11408.34733,11602.85098
2011-08-16,14700,15000,14520,15000,12022.85254,30042550,11568.65397,11570.79043
2011-08-17,15020,15200,14820,15040,12054.91113,14649850,11803.76758,11660.56113
2011-08-18,14960,14980,14060,14180,11365.60352,35336000,11814.45573,11625.29531
2011-08-19,13760,13940,13440,13600,10900.7168,28970600,11440.41048,11535.52461
2011-08-22,13680,14040,13660,13820,11077.05371,20900650,11114.45801,11484.22754
2011-08-23,14000,14700,13980,14460,11590.02539,24617300,11189.2653,11397.66211
2011-08-24,14480,14700,14000,14160,11349.57031,18508650,11338.88314,11256.59395
2011-08-25,14740,14760,14420,14500,11622.09082,19039800,11520.56217,11307.89141
2011-08-26,14340,14680,14340,14520,11638.11914,10612300,11536.59342,11455.37187
2011-08-29,14840,14840,14480,14660,11750.33301,13001850,11670.18099,11590.02773
2011-08-30,14820,14960,14720,14840,11894.60742,12629600,11761.01986,11650.94414
2011-08-31,14940,14940,14620,14880,11926.66992,14495500,11857.20345,11766.36406
2011-09-01,15180,15760,14880,15420,12359.49121,35833750,12060.25618,11913.84414
2011-09-02,15300,15620,15260,15380,12327.42969,12915400,12204.53027,12051.70625
2011-09-05,15100,15120,14600,14620,11718.27246,13853900,12135.06445,12045.29414
2011-09-06,14520,14720,14200,14540,11654.14844,13213350,11899.9502,11997.20234
2011-09-07,14660,15560,14660,15460,12391.55078,17512500,11921.32389,12090.17852
2011-09-08,15600,16040,15560,15960,12792.31152,28730500,12279.33691,12176.74258
2011-09-09,15700,16240,15540,15600,12503.76367,18082650,12562.54199,12212.00937
2011-09-14,15600,15620,14820,15060,12070.94043,27540950,12455.67187,12282.54297
2011-09-15,15680,15680,15300,15420,12359.49121,21318350,12311.39844,12423.61152
2011-09-16,15880,16220,15840,15960,12792.31152,23811100,12407.58105,12503.76367
2011-09-19,16000,16280,15760,16160,12952.61719,12327650,12701.47331,12535.8248
2011-09-20,16220,16360,15920,16220,13000.71094,13997500,12915.21322,12635.21426
2011-09-21,16380,16560,16020,16260,13032.77246,17063100,12995.36686,12827.58066
2011-09-22,15920,16000,15560,15800,12664.07031,15331100,12899.18457,12888.49648
2011-09-23,15280,15600,15020,15160,12151.09277,21822900,12615.97851,12760.25273
2011-09-26,15200,15740,15180,15500,12423.61231,24018800,12412.92513,12654.45176
2011-09-27,16100,16100,15820,16080,12888.49219,16526300,12487.73242,12632.00801
2011-09-28,16480,16500,15820,16140,12936.58398,24316950,12749.56283,12612.77031
2011-09-29,16080,16960,16080,16740,13417.50098,27675450,13080.85905,12763.45645
2011-09-30,16600,16800,16220,16800,13465.59277,25780600,13273.22591,13026.35645
2011-10-04,16100,16640,15920,16560,13273.22656,32895000,13385.4401,13196.2793
2011-10-05,16480,17000,16340,16840,13497.65234,32102800,13412.15722,13318.11133
2011-10-06,17480,17580,16840,17100,13706.04981,29969000,13492.30957,13472.00449
2011-10-07,17300,17620,17000,17200,13786.2041,26509200,13663.30208,13545.74512
2011-10-10,17560,17700,17440,17480,14010.62793,17246250,13834.29395,13654.75215
2011-10-11,17700,17700,17380,17620,14122.84277,22915500,13973.22493,13824.67539
2011-10-12,17440,17980,17400,17960,14395.35938,21528500,14176.27669,14004.2168
2011-10-13,17960,17980,17620,17800,14267.11328,16266150,14261.77181,14116.42949
2011-10-14,17420,17880,17420,17720,14202.99414,10850500,14288.48893,14199.7875
2011-10-17,17800,17900,17620,17800,14267.11328,10675550,14245.74023,14251.08457
2011-10-18,17500,17860,17420,17660,14154.89746,13844300,14208.33496,14257.49551
2011-10-19,17700,17720,17400,17720,14202.99414,10704100,14208.33496,14219.02246
2011-10-20,17720,18400,17660,18140,14539.63672,28436600,14299.17611,14273.52715
2011-10-21,18400,18500,18140,18340,14699.93945,23307000,14480.85677,14372.91621
2011-10-24,18260,18860,18220,18820,15084.66504,18769250,14774.74707,14536.42656
2011-10-25,18720,19020,18700,18900,15148.78711,18208000,14977.7972,14735.20449
2011-10-26,18660,18920,18540,18680,14972.45801,12504750,15068.63672,14889.09727
2011-10-27,18580,18780,18380,18480,14812.1543,17443050,14977.79981,14943.60078
2011-10-28,18560,18920,18540,18900,15148.78711,26884350,14977.79981,15033.37031
2011-10-31,18820,19400,18660,19360,15517.49219,23792400,15159.47787,15119.93574
2011-11-01,19360,19980,19240,19800,15870.16309,30983650,15512.14746,15264.21094
2011-11-02,19400,19560,19320,19420,15565.58496,28454600,15651.08008,15382.83633
2011-11-03,19240,19420,19160,19340,15501.46094,16408700,15645.73633,15520.69766
2011-11-04,19660,20100,19640,20100,16110.61816,26704800,15725.88802,15713.06387
2011-11-07,19920,20000,19720,19860,15918.25098,14018050,15843.44336,15793.21563
2011-11-08,19720,19800,19300,19400,15549.55762,17069900,15859.47559,15729.09453
2011-11-09,19400,19760,19320,19700,15790.00977,19304250,15752.60612,15773.97949
2011-11-10,19340,19460,18700,18700,14988.49023,31006050,15442.68587,15671.38535
2011-11-11,18900,19680,18600,19660,15757.94922,24246750,15512.14974,15600.85156
2011-11-14,19760,20040,19740,19920,15966.34375,14136050,15570.92773,15610.47012
2011-11-15,19720,20000,19600,19920,15966.34375,11737100,15896.87891,15693.82734
2011-11-16,19900,20060,19460,19500,15629.70703,16934350,15854.13151,15661.7668
2011-11-17,19640,19840,19220,19600,15709.86133,12943350,15768.63737,15806.04102
2011-11-18,19420,19540,19240,19260,15437.33789,16310300,15592.30208,15741.91875
2011-11-21,19020,19200,18840,19000,15228.94434,12791900,15458.71452,15594.43887
2011-11-22,19000,19420,18860,19260,15437.33789,12040600,15367.87337,15488.6377
2011-11-23,18960,19200,18700,18700,14988.49023,15335700,15218.25749,15360.39434
2011-11-24,18440,19060,18420,18860,15116.73047,13680750,15180.85286,15241.76816
2011-11-25,18580,19060,18580,18940,15180.85254,11689400,15095.35775,15190.47109
2011-11-28,19180,19640,19160,19560,15677.79883,15724000,15325.12728,15280.24199
2011-11-29,19800,20100,19720,20100,16110.61816,27588450,15656.42318,15414.89805
2011-11-30,20000,20200,19920,20080,16094.59277,19579400,15961.00325,15636.11855
2011-12-01,20700,21600,20580,21480,17216.72656,34717150,16473.97916,16056.11777
2011-12-02,21220,21420,20800,21000,16831.99023,21917950,16714.43652,16386.34531
2011-12-05,21380,21460,21160,21320,17088.47852,14848100,17045.73177,16668.48125
2011-12-06,21140,21400,20820,20880,16735.81055,14528550,16885.42643,16793.51973
2011-12-07,21000,21360,20820,21120,16928.17188,19746900,16917.48698,16960.23555
2011-12-08,21140,21660,20920,21280,17056.41992,25893000,16906.80078,16928.17422
2011-12-09,20980,21480,20740,21060,16880.08203,13804200,16954.89128,16937.79258
2011-12-12,21260,21680,21200,21680,17377.02344,12163550,17104.50846,16995.50156
2011-12-13,21480,21500,21000,21000,16831.99023,13210000,17029.69857,17014.7375
2011-12-14,20680,20900,20500,20800,16671.68359,21064350,16960.23242,16963.43984
2011-12-15,20580,20720,20300,20300,16270.92481,16963000,16591.53288,16806.34082
2011-12-16,20420,20900,20400,20900,16751.83594,12263200,16564.81478,16780.6916
2011-12-19,20900,20900,19680,20140,16142.67871,20485300,16388.47982,16533.82266
2011-12-20,20160,20580,20140,20240,16222.83203,13750300,16372.44889,16411.99102
2011-12-21,20700,21140,20620,21140,16944.20313,20402950,16436.57129,16466.49492
2011-12-22,20900,21060,20820,21040,16864.04688,10634550,16677.02735,16585.11934
2011-12-23,21120,21480,21120,21360,17120.53711,12299050,16976.26237,16658.85957
2011-12-26,21340,21500,21320,21320,17088.47852,6216250,17024.35417,16848.01953
2011-12-27,21360,21600,21060,21460,17200.69727,11133650,17136.57097,17043.59258
2011-12-28,21460,21460,21200,21220,17087.94922,11023850,17125.70834,17072.3418
2011-12-29,21240,21540,21140,21160,17039.63281,10923900,17109.42643,17107.45899
2012-01-02,21400,21600,21300,21600,17393.95898,13151350,17173.847,17162.14336
2012-01-03,21860,22100,21840,22100,17796.5957,16927750,17410.0625,17303.7668
2012-01-04,22100,22200,21500,21600,17393.95898,17103700,17528.17122,17342.41914
2012-01-05,21460,21580,21100,21100,16991.32031,17298400,17393.95833,17323.09336
2012-01-06,21120,21320,20600,20800,16749.74023,18816250,17045.00651,17265.11484
2012-01-09,20800,20820,20300,20320,16363.20703,19283000,16701.42252,17058.96445
2012-01-10,20420,20720,20420,20520,16524.26367,20414800,16545.73698,16804.49804
2012-01-11,20340,20480,20280,20420,16443.73242,19110150,16443.73437,16614.45273
2012-01-12,20320,20580,20220,20560,16556.4707,18511000,16508.1556,16527.48281
2012-01-13,20560,21000,20520,20920,16846.37109,14630750,16615.52474,16546.80898
2012-01-16,20800,20800,20400,20600,16588.68164,11614950,16663.84114,16591.9039
2012-01-17,20820,20960,20480,20720,16685.31641,17084400,16706.78971,16624.11445
2012-01-18,21020,21040,20440,20600,16588.68164,15359650,16620.89323,16653.1043
2012-01-19,20760,21440,20740,21440,17265.10547,22385800,16846.36784,16794.83125
2012-01-20,21800,22100,21520,22100,17796.5957,25550800,17216.79427,16984.87617
2012-01-25,21840,22500,21840,22280,17941.55273,22751300,17667.7513,17255.45039
2012-01-26,22320,22420,21880,22260,17925.4375,17655150,17887.86198,17503.47461
2012-01-27,22400,22500,22220,22500,18118.70898,12741200,17995.23307,17809.48008
2012-01-30,22580,22600,22180,22300,17957.65039,16354450,18000.59896,17947.98906
2012-01-31,22100,22400,21780,22140,17828.80273,21731350,17968.38737,17954.43047
2012-02-01,22140,22140,21560,21580,17377.85352,22849650,17721.43555,17841.69062
2012-02-02,21720,22080,21360,21600,17393.95898,22402650,17533.53841,17735.39492
2012-02-03,21420,21680,21120,21320,17168.47852,17801400,17313.43034,17545.34883
2012-02-06,21680,21820,21320,21480,17297.32422,15837500,17286.58724,17413.28359
2012-02-07,21540,21920,21460,21860,17603.32617,11921950,17356.3763,17368.18828
2012-02-08,21980,22000,21680,21840,17587.22266,11809400,17495.95768,17410.06211
2012-02-09,21740,21800,21200,21680,17458.38086,24005850,17549.64323,17422.94649
2012-02-10,21680,21680,21220,21240,17104.05078,18579100,17383.2181,17410.06094
2012-02-13,21380,21780,21340,21660,17442.27539,16017250,17334.90234,17439.05117
2012-02-14,21680,21780,21480,21600,17393.95898,12317400,17313.42838,17397.17773
2012-02-15,21960,22760,21840,22700,18279.75977,28522350,17705.33138,17535.68516
2012-02-16,22600,22800,22420,22700,18279.75977,15411800,17984.49284,17699.96094
2012-02-17,23180,23600,23120,23520,18940.08789,17308450,18499.86914,18067.16836
2012-02-20,23560,23880,23320,23500,18923.98242,14814150,18714.61003,18363.50977
2012-02-21,23500,23960,23300,23600,19004.50781,10808250,18956.19271,18685.61953
2012-02-22,23640,24000,23440,23940,19278.30859,11779250,19068.93294,18885.3293
2012-02-23,23460,23580,23020,23200,18682.40234,23259200,18988.40625,18965.85781
2012-02-24,23060,23720,23060,23600,19004.50781,14240300,18988.40625,18978.74179
2012-02-27,23480,23600,23180,23420,18859.5625,8273300,18848.82422,18965.85781
2012-02-28,23920,24000,23620,23700,19085.03711,16648100,18983.03581,18981.96367
2012-02-29,23820,24180,23820,24120,19423.25781,17278300,19122.61914,19010.95351
2012-03-02,24300,24340,23580,23640,19036.7207,18023700,19181.67187,19081.81719
2012-03-05,23800,23820,23320,23480,18907.875,11175250,19122.61784,19062.49062
2012-03-06,23580,23860,23340,23600,19004.50781,10572850,18983.0345,19091.47969
2012-03-07,23500,23660,23300,23440,18875.66602,11521550,18929.34961,19049.60547
2012-03-08,23600,23720,23300,23600,19004.50781,20270400,18961.56055,18965.85547
2012-03-09,23820,24620,23760,24600,19809.79102,18228800,19229.98828,19120.46953
2012-03-12,24480,24520,24200,24200,19487.67773,11826950,19433.99219,19236.43008
2012-03-13,24000,24580,24000,24420,19664.83203,11985550,19654.10026,19368.49492
2012-03-14,24600,25100,24600,25000,20131.89063,18279650,19761.4668,19619.73984
2012-03-15,25020,25200,24840,25000,20131.89063,14038800,19976.20443,19845.21641
2012-03-16,25200,25340,24760,24760,19938.62695,18070200,20067.4694,19870.98359
2012-03-19,24700,25360,24680,25200,20292.94531,11881850,20121.1543,20032.03711
2012-03-20,25340,25540,25200,25340,20405.69141,11935500,20212.42122,20180.20899
2012-03-21,25200,25200,24840,24840,20003.05078,12913550,20233.89583,20154.44102
2012-03-22,24700,25260,24700,25160,20260.73633,12675450,20223.15951,20180.21016
2012-03-23,24860,25480,24860,25220,20309.05469,10818600,20190.94727,20254.2957
2012-03-26,25360,25500,25220,25500,20534.53125,9237800,20368.10742,20302.61289
2012-03-27,25700,26220,25520,26220,21114.33203,14186350,20652.63932,20444.34102
2012-03-28,26000,26160,25900,26040,20969.38086,9914550,20872.74805,20637.60703
2012-03-29,25980,25980,25600,25600,20615.06641,11670000,20899.5931,20708.47305
2012-03-30,25400,25600,25140,25500,20534.53125,15281700,20706.32617,20753.56836
2012-04-02,25500,25980,25220,25980,20921.0625,12582950,20690.22005,20830.87461
2012-04-03,26400,26780,26040,26700,21500.85938,16507900,20985.48438,20908.18008
2012-04-04,26620,27020,26300,26400,21259.2793,14599350,21227.06706,20966.15977
2012-04-05,26040,26700,25940,26600,21420.33008,12921350,21393.48959,21127.2125
2012-04-06,26540,26680,26260,26640,21452.54688,10289650,21377.38542,21310.81563
2012-04-09,26400,26600,26120,26340,21210.9668,8572600,21361.28125,21368.79649
2012-04-10,26280,26400,26140,26220,21114.33203,11176100,21259.2819,21291.49102
2012-04-12,25660,25980,25360,25460,20502.32031,25240650,20942.53971,21140.09922
2012-04-13,25300,25540,25200,25360,20421.79688,35409200,20679.48307,20940.39258
2012-04-16,25460,25520,25000,25180,20276.84766,15222400,20400.32162,20705.25274
2012-04-17,25020,25280,24820,24980,20115.79297,14552300,20271.47917,20486.21797
2012-04-18,25540,26040,25380,25860,20824.43359,17253750,20405.69141,20428.23828
2012-04-19,25840,26140,25780,26140,21049.9082,13156400,20663.37825,20537.75586
2012-04-20,25880,25940,25560,25640,20647.27148,9900550,20840.53776,20582.85078
2012-04-23,25380,25600,25240,25580,20598.95313,8388400,20765.3776,20647.27187
2012-04-24,25300,25720,25240,25660,20663.37695,13238350,20636.53385,20756.78867
2012-04-25,26080,26300,25860,26100,21017.69922,13821600,20760.00977,20795.4418
2012-04-26,26400,26800,26340,26800,21581.39453,16479500,21087.49023,20901.73906
2012-04-27,27100,27660,27020,27480,22128.97852,15905350,21576.02409,21198.08047
2012-04-30,27900,28180,27540,27800,22386.66797,15757100,22032.34701,21555.62344
2012-05-02,28200,28360,27980,28200,22708.7832,18420750,22408.14323,21964.70469
2012-05-03,28040,28200,27960,28020,22563.83203,10327050,22553.0944,22273.93125
2012-05-04,27500,27960,26980,27200,21903.5,20484300,22392.03841,22338.35234
2012-05-07,26840,27060,26500,26840,21613.60352,18908450,22026.97852,22235.27734
2012-05-08,26960,27040,26780,26820,21597.49805,12048600,21704.86719,22077.44336
2012-05-09,26700,26960,26480,26620,21436.44141,12661700,21549.18099,21822.975
2012-05-10,26580,26720,26440,26540,21372.01953,13145000,21468.653,21584.6125
2012-05-11,26300,26460,26060,26060,20985.48633,13626400,21264.64909,21401.00977
2012-05-14,26100,26540,26080,26280,21162.64453,15092100,21173.38346,21310.81797
2012-05-15,26080,26400,26000,26220,21114.33203,15558100,21087.48763,21214.18477
2012-05-16,25960,26000,24560,24600,19809.79102,38488900,20695.58919,20888.85469
2012-05-17,24600,24860,24020,24460,19697.04492,33041100,20207.05599,20553.85977
2012-05-18,24080,24100,23300,23320,18779.03125,30023750,19428.6224,20112.56875
2012-05-21,23880,24320,23800,24180,19471.57031,23702750,19315.88216,19774.35391
2012-05-22,25100,25100,24540,24800,19970.84375,23830550,19407.14844,19545.65625
2012-05-23,24800,24800,23900,24420,19664.83203,16157100,19702.41536,19516.66445
2012-05-24,24260,24500,23960,24500,19729.25781,15251250,19788.3112,19523.10703
2012-05-25,24660,24920,24460,24500,19729.25781,10164250,19707.78255,19713.15234
2012-05-29,24240,24760,24120,24760,19938.62695,10815350,19799.04752,19806.56367
2012-05-30,24760,24800,24300,24520,19745.36719,12653250,19804.41732,19761.46836
2012-05-31,24260,24260,23840,24220,19503.78125,22106900,19729.25846,19729.2582
2012-06-01,24260,24740,23980,24660,19858.10547,13554450,19702.41797,19755.02773
2012-06-04,23960,24100,23840,23920,19262.19141,18068750,19541.35938,19661.61445
2012-06-05,24020,24180,23860,24060,19374.9375,12848900,19498.41146,19548.87656
2012-06-07,24780,25300,24660,25300,20373.48047,20928350,19670.20313,19674.49922
2012-06-08,25500,25500,24900,24940,20083.57617,9956350,19943.99805,19790.4582
2012-06-11,25440,25500,25320,25360,20421.79688,9906200,20292.95117,19903.19649
2012-06-12,24920,25200,24900,25100,20212.41992,8805200,20239.26432,20093.24219
2012-06-13,25320,25480,25120,25420,20470.11328,9572600,20368.11003,20312.27734
2012-06-14,25380,25420,25120,25220,20309.05469,21995050,20330.5293,20299.39219
2012-06-15,25000,25200,24280,24340,19600.41797,30404200,20126.52865,20202.76055
2012-06-18,24800,25140,24680,24860,20019.16016,17608150,19976.21094,20122.2332
2012-06-19,24900,24940,24440,24880,20035.25977,14839400,19884.94597,20086.80117
2012-06-20,24980,25300,24900,25040,20164.10742,13237700,20072.84245,20025.6
2012-06-21,24680,24840,24520,24540,19761.46875,12753750,19986.94531,19916.08281
2012-06-22,23780,24040,23600,23640,19036.7207,31294350,19654.09896,19803.34336
2012-06-25,23420,23560,22560,22640,18231.44336,41318100,19009.8776,19445.8
2012-06-26,22660,22980,22580,22780,18344.17773,25283500,18537.44726,19107.58359
2012-06-27,22800,23540,22600,23340,18795.13281,23542000,18456.91797,18833.78867
2012-06-28,23340,23600,23060,23360,18819.30859,10398350,18652.87304,18645.35664
2012-06-29,23340,24020,23060,24020,19351.01563,18604450,18988.48568,18708.21562
2012-07-02,24160,24180,23420,23480,18915.97852,19106750,19028.76758,18845.12266
2012-07-03,23640,23860,23400,23500,18932.0918,15801550,19066.36198,18962.70547
2012-07-04,23640,23940,23560,23820,19189.89258,19158750,19012.6543,19041.65742
2012-07-05,23740,23880,23540,23700,19093.2168,9068550,19071.73373,19096.43907
2012-07-06,23880,23880,23060,23220,18706.51367,21158900,18996.54102,18967.53867
2012-07-09,22700,22760,22520,22520,18142.58203,21282300,18647.4375,18812.85938
2012-07-10,22700,22840,22420,22540,18158.70117,17720700,18335.93229,18658.18125
2012-07-11,22580,22660,22160,22360,18013.67773,18001300,18104.98698,18422.93828
2012-07-12,22420,22520,21820,21820,17578.64258,24858600,17917.00716,18120.02344
2012-07-13,21920,22880,21820,22780,18352.03906,27070750,17981.45312,18049.12851
2012-07-16,22900,23100,22660,23040,18561.50586,15261950,18164.0625,18132.91328
2012-07-17,22960,23560,22720,23360,18819.30859,15885300,18577.61784,18265.03476
2012-07-18,23580,23700,22760,23080,18593.73242,14618050,18658.18229,18381.0457
2012-07-19,23600,24040,23440,23900,19254.3457,24847100,18889.1289,18716.18633
2012-07-20,24040,24060,23820,23820,19189.89258,11992100,19012.6569,18883.75703
2012-07-23,23300,23400,23100,23240,18722.63672,12844350,19055.625,18915.9832
2012-07-24,23300,23500,23180,23400,18851.53125,14598050,18921.35352,18922.42773
2012-07-25,23060,23440,22780,23160,18658.17773,13609850,18744.11523,18935.3168
2012-07-26,23380,23480,23200,23440,18883.75781,13654750,18797.82226,18861.19922
2012-07-27,23900,24660,23820,24660,19866.61719,26686200,19136.18424,18996.54414
2012-07-30,25200,25560,25020,25500,20543.33203,19113350,19764.56901,19360.6832
2012-07-31,25600,26680,25500,26180,21091.16406,33735650,20500.37109,19808.60976
2012-08-01,25840,26300,25660,26000,20946.14844,19039100,20860.21484,20266.20391
2012-08-02,26000,26080,25220,25260,20349.99023,15951250,20795.76758,20559.45039
2012-08-03,24800,25340,24760,24860,20027.73828,15582650,20441.29232,20591.67461
2012-08-06,25700,26100,25640,25960,20913.91797,12289150,20430.54883,20665.7918
2012-08-07,26060,26080,25680,25880,20849.47461,10258400,20597.04362,20617.45391
2012-08-08,26120,26560,26020,26400,21268.39063,19459150,21010.5944,20681.90234
2012-08-09,26420,26960,26360,26800,21590.64453,30612650,21236.16992,20930.0332
2012-08-10,26700,26960,26600,26960,21719.54492,14733250,21526.19336,21268.39453
2012-08-13,26840,26940,26460,26500,21348.96484,9891050,21553.05143,21355.40391
2012-08-14,26520,27000,26520,26900,21671.20313,14396850,21579.9043,21519.74961
2012-08-16,27080,27100,26760,26900,21671.20313,14824150,21563.79037,21600.31211
2012-08-17,26880,26900,25720,25900,20865.58203,27642800,21402.66276,21455.29961
2012-08-20,25400,25660,25100,25660,20672.23438,19944800,21069.67318,21245.8375
2012-08-21,25840,26040,25640,25640,20656.125,15315200,20731.3138,21107.26953
2012-08-22,25380,25620,25140,25280,20366.0957,16031200,20564.81836,20846.24805
2012-08-23,25220,25740,24980,25740,20736.67969,13857750,20586.30013,20659.34336
2012-08-24,25400,25740,25280,25500,20543.33203,14077200,20548.70247,20594.89336
2012-08-27,23780,24060,23460,23600,19012.65234,63803450,20097.55469,20262.97695
2012-08-28,23720,24180,23600,23900,19254.3457,27767400,19603.44336,19982.62109
2012-08-29,24180,24700,24140,24600,19818.2793,23415550,19361.75911,19873.05781
2012-08-30,24560,24580,24040,24300,19576.58789,16211400,19549.73763,19641.03945
2012-08-31,24220,24680,24140,24660,19866.61719,20301300,19753.82813,19505.69648
2012-09-03,24400,24700,24020,24360,19624.92969,13903800,19689.37826,19628.15195
2012-09-04,24380,24560,24200,24360,19624.92969,9916550,19705.49219,19702.26875
2012-09-05,24100,24240,23780,23780,19157.66992,17381950,19469.17643,19570.14688
2012-09-06,24000,24060,23860,23920,19270.45117,12373750,19351.01693,19508.91953
2012-09-07,24600,25020,24400,25000,20140.51953,25512400,19522.88021,19563.7
2012-09-10,25200,25280,25000,25000,20140.51953,15883700,19850.49674,19666.81797
2012-09-11,24800,25300,24640,25120,20237.19727,9890800,20172.74544,19789.27148
2012-09-12,25360,25900,25180,25880,20849.47461,18473250,20409.0638,20127.63242
2012-09-13,25980,26100,25620,26020,20962.25586,19489950,20682.97591,20465.99336
2012-09-14,26600,26780,26540,26720,21526.19336,24872500,21112.64128,20743.12813
2012-09-17,26720,26720,26240,26300,21187.83398,14896000,21225.42773,20952.59102
2012-09-18,26280,26720,26160,26300,21187.83398,11232300,21300.62044,21142.71836
2012-09-19,26120,26460,25960,26280,21171.71289,12114550,21182.46028,21207.16601
2012-09-20,25860,26100,25680,25740,20736.67969,14199800,21032.07552,21162.05078
2012-09-21,26000,26140,25900,26040,20978.36914,14913400,20962.25391,21052.48594
2012-09-24,26000,26560,25840,26540,21381.17969,13195450,21032.07617,21091.15508
2012-09-25,26200,26680,26200,26540,21381.17969,11348000,21246.90951,21129.82422
2012-09-26,26260,26500,26120,26500,21348.96484,12054550,21370.44141,21165.27461
2012-09-27,26540,26840,26460,26760,21558.41406,14541600,21429.51953,21329.62148
2012-09-28,27180,27200,26780,26920,21687.32031,17906350,21531.5664,21471.41172
2012-10-02,27080,27420,27040,27380,22057.9043,13376250,21767.87956,21606.75664
2012-10-04,27020,27460,26780,27340,22025.68164,19127200,21923.63542,21735.65703
2012-10-05,27740,27800,27040,27400,22074.01367,17828800,22052.5332,21880.6668
2012-10-08,27500,27580,27200,27460,22122.35156,12037600,22074.01562,21993.4543
2012-10-09,27260,27620,27260,27440,22106.24023,8788650,22100.86849,22077.23828
2012-10-10,27060,27200,26500,26500,21348.96484,12976700,21859.18554,21935.45039
2012-10-11,26200,26400,25740,26080,21010.59375,23779850,21488.59961,21732.43281
2012-10-12,26100,26240,25760,25920,20881.69336,14977250,21080.41732,21493.96875
2012-10-15,25920,26240,25740,26000,20946.14844,10334000,20946.14518,21258.72812
2012-10-16,26520,26620,26300,26600,21429.51367,10671300,21085.78516,21123.38281
2012-10-17,26840,26920,26320,26720,21526.19336,8984550,21300.61849,21158.82852
2012-10-18,26720,26820,26560,26740,21542.30664,10498450,21499.33789,21265.17109
2012-10-19,26460,26500,25980,26040,20978.36914,13969950,21348.95638,21284.50625
2012-10-22,25540,26340,25520,26300,21187.83398,11741150,21236.16992,21332.84336
2012-10-23,26380,26440,26040,26260,21155.61133,9253550,21107.27148,21278.06289
2012-10-24,25940,26180,25780,26000,20946.14844,13454500,21096.53125,21162.05391
2012-10-25,25920,26440,25820,26440,21300.61523,11881100,21134.125,21113.71562
2012-10-26,26120,26240,25740,25740,20736.67969,13793850,20994.48112,21065.37773
2012-10-29,25960,25980,25580,25980,20930.0293,11448050,20989.10807,21013.8168
2012-10-30,25980,26080,25840,25960,20913.91797,6643850,20860.20899,20965.47813
2012-10-31,26120,26240,25980,26200,21107.27344,10604850,20983.74024,20997.70313
2012-11-01,25900,26040,25800,25940,20897.81055,10455600,20973.00065,20917.14219
2012-11-02,26380,26660,26260,26540,21381.17969,18521400,21128.75456,21046.04219
2012-11-05,26560,26980,26400,26820,21606.75391,13062050,21295.24805,21181.38711
2012-11-06,26980,26980,26640,26980,21735.6543,8981800,21574.5293,21345.73438
2012-11-07,26860,27240,26700,27240,21945.11523,9676400,21762.50781,21513.30274
2012-11-08,26960,27140,26820,27000,21751.76367,15326600,21810.8444,21684.09336
2012-11-09,26700,27020,26520,26820,21606.75391,14550300,21767.8776,21729.2082
2012-11-12,26620,26940,26620,26900,21671.20313,6959250,21676.57357,21742.09805
2012-11-13,26940,26980,26520,26980,21735.6543,7325850,21671.20378,21742.09805
2012-11-14,27140,27140,26920,27100,21832.32227,10436000,21746.39323,21719.53946
2012-11-15,26700,26760,26520,26620,21445.62891,9959100,21671.20183,21658.3125
2012-11-16,26440,26520,26020,26140,21058.93164,12172550,21445.62761,21548.74805
2012-11-19,26300,26840,26260,26640,21461.74219,10137500,21322.10091,21506.85586
2012-11-20,27060,27300,26920,27280,21977.33984,13420300,21499.33789,21555.19297
2012-11-21,27520,27940,27440,27680,22299.58594,17780400,21912.88932,21648.6457
2012-11-22,27880,28380,27820,28340,22831.29492,14930950,22369.4069,21925.77891
2012-11-23,28440,28840,28340,28740,23153.54883,12322050,22761.47656,22344.70234
2012-11-26,28840,28860,27980,28080,22621.84375,13749850,22868.89583,22576.72266
2012-11-27,28100,28560,28080,28320,22815.19141,11836200,22863.528,22744.29297
2012-11-28,28000,28760,27920,28260,22766.8457,14055800,22734.62695,22837.74492
2012-11-29,28040,28440,28040,28280,22782.96484,13073300,22788.33398,22828.07891
2012-11-30,28460,28500,27980,28120,22654.0625,16427600,22734.62435,22728.18164
2012-12-03,28400,28720,28160,28600,23040.75586,10220850,22825.92773,22811.96406
2012-12-04,28640,28680,28400,28600,23040.75586,9504900,22911.85807,22857.07695
2012-12-05,28600,29100,28540,29100,23443.56641,12436400,23175.02604,22992.42109
2012-12-06,29360,29420,28680,29080,23427.45508,14248700,23303.92578,23121.31914
2012-12-07,29000,29960,29000,29600,23846.38477,15882450,23572.46875,23359.7836
2012-12-10,30120,30120,29700,29820,24023.61523,13056100,23765.81836,23556.35547
2012-12-11,29960,29960,29380,29520,23781.93164,12657350,23883.97721,23704.59063
2012-12-12,29460,29920,29460,29800,24007.50391,15244450,23937.68359,23817.37813
2012-12-13,30000,30660,29860,30660,24700.33594,30680500,24163.25716,24071.9543
2012-12-14,30320,30720,30160,30300,24410.31445,13905250,24372.7181,24184.74023
2012-12-17,30020,30480,29940,30060,24216.96289,15511100,24442.53776,24223.40977
2012-12-18,30000,30320,29900,30300,24410.31445,13538450,24345.86393,24349.08633
2012-12-20,30300,30580,29900,30060,24216.96289,20128500,24281.41341,24390.97812
2012-12-21,29860,29920,28800,28840,23234.10742,27576200,23953.79492,24097.73242
2012-12-24,28960,29520,28840,29480,23749.70898,14488550,23733.5931,23965.61133
2012-12-26,29600,30060,29400,29400,23685.25586,14038700,23556.35742,23859.26992
2012-12-27,29400,30000,29400,29920,24227.79492,9143900,23887.58659,23822.76601
2012-12-28,29760,30600,29740,30440,24648.86133,10562750,24187.30404,23909.1457
2013-01-02,30660,31520,30540,31520,25523.39258,11449650,24800.01628,24367.00273
2013-01-03,31640,31680,30860,30860,24988.95703,14227400,25053.73698,24614.85234
2013-01-04,30800,30840,30200,30500,24697.44141,12999800,25069.93034,24817.28945
2013-01-07,30300,30560,30000,30400,24616.47461,12610950,24767.62435,24895.02539
2013-01-08,30260,30340,29960,30000,24292.57422,13822250,24535.49675,24823.76797
2013-01-09,30000,30260,29820,30000,24292.57422,12659950,24400.54102,24577.6043
2013-01-10,30300,30680,30000,30600,24778.42578,14663600,24454.52474,24535.49805
2013-01-11,30960,30960,30140,30660,24827.00781,11913550,24632.66927,24561.41133
2013-01-14,30780,31040,30560,31040,25134.71289,7999950,24913.38216,24665.05898
2013-01-15,31200,31200,30240,30240,24486.91797,10727150,24816.21289,24703.92773
2013-01-16,30280,30520,29660,29840,24163.00586,16221000,24594.87891,24678.01406
2013-01-17,30040,30040,29000,29380,23790.52734,20236700,24146.81706,24480.43437
2013-01-18,29600,29740,29100,29600,23968.66992,12516600,23974.06771,24308.7668
2013-01-21,29280,29500,28960,29080,23547.59766,14519650,23768.93164,23991.34375
2013-01-22,28900,29740,28900,29600,23968.66992,11947400,23828.3125,23887.69414
2013-01-23,30000,30040,29460,29460,23855.29688,9293550,23790.52149,23826.15234
2013-01-24,29360,29380,28820,29060,23531.4043,15999050,23785.1237,23774.32774
2013-01-25,29200,29220,28100,28340,22948.38086,21795250,23445.02735,23570.26992
2013-01-28,27920,28020,27420,27440,22219.61133,30852150,22899.79883,23304.67266
2013-01-29,27800,28360,27600,28180,22818.82031,21616550,22662.27083,23074.70274
2013-01-30,28520,28800,28240,28800,23320.86719,16170100,22786.43294,22967.8168
2013-01-31,28600,28960,28440,28960,23450.43164,16052800,23196.70638,22951.62227
2013-02-01,29200,29200,28440,28820,23337.0625,11576200,23369.45378,23029.35859
2013-02-04,29000,29060,28340,28740,23272.28711,12861900,23353.26042,23239.89375
2013-02-05,28300,28860,28280,28700,23239.89258,11388100,23283.08073,23324.1082
2013-02-06,28800,28860,28540,28540,23110.33008,6897150,23207.50326,23282.00078
2013-02-07,28780,28780,28400,28400,22996.9668,9721100,23115.72982,23191.30781
2013-02-08,28360,29400,28300,29240,23677.1582,13423850,23261.48503,23259.32695
2013-02-12,29680,29680,29180,29360,23774.32617,8419750,23482.81706,23359.73477
2013-02-13,29480,29780,29120,29740,24082.03906,9209050,23844.50781,23528.16406
2013-02-14,29800,29880,29540,29800,24130.61719,7534100,23995.66081,23732.22148
2013-02-15,29800,29960,29540,29960,24260.18359,7599950,24157.61328,23984.86484
2013-02-18,29800,30020,29620,29800,24130.61719,7109950,24173.80599,24075.55664
2013-02-19,29600,29980,29580,29840,24163.00586,6132250,24184.60221,24153.29258
2013-02-20,30040,30900,29940,30900,25021.35352,18039350,24438.32552,24341.15547
2013-02-21,30800,31160,30700,31000,25102.32422,13123650,24762.22787,24535.49688
2013-02-22,30600,30960,30400,30600,24778.42578,13852650,24967.36784,24639.14531
2013-02-25,30980,30980,30600,30600,24778.42578,8897550,24886.39193,24768.70703
2013-02-26,30300,30760,30160,30540,24729.8418,9244750,24762.23112,24882.07422
2013-02-27,31180,31180,30380,30540,24729.8418,8938200,24746.03646,24823.77188
2013-02-28,30600,31080,30600,30880,25005.1543,12784200,24821.61263,24804.33789
2013-03-04,31260,31260,30600,30780,24924.18164,13276850,24886.39258,24833.48906
2013-03-05,31120,31280,30960,31000,25102.32422,9294600,25010.55339,24898.26875
2013-03-06,31440,31500,30940,31200,25264.27148,10148650,25096.92578,25005.15469
2013-03-07,30960,31000,30240,30400,24616.47461,13482700,24994.35677,24982.48125
2013-03-08,30300,30340,29780,29980,24276.375,18941000,24719.04036,24836.72539
2013-03-11,29860,30240,29700,30160,24422.13477,13748250,24438.32813,24736.31602
2013-03-12,30080,30240,29800,29880,24195.40039,8746550,24297.97005,24554.93125
2013-03-13,30120,30580,30020,30540,24729.8418,11303550,24449.12565,24448.04531
2013-03-14,30560,30680,29980,30400,24616.47461,12557800,24513.9056,24448.04531
2013-03-15,30580,30580,29600,29600,23968.66992,36618350,24438.32878,24386.5043
2013-03-18,29200,29200,28680,28900,23401.8457,26439550,23995.66341,24182.44648
2013-03-19,29000,29840,28960,29500,23887.69336,13977100,23752.73633,24120.90508
2013-03-20,29200,29700,29120,29200,23644.77344,13515750,23644.77083,23903.89141
2013-03-21,29220,29480,29120,29140,23596.18164,11768550,23709.54948,23699.83281
2013-03-22,29160,29360,29040,29100,23563.79492,10687100,23601.58333,23618.85781
2013-03-25,29600,29900,29400,29900,24211.59766,10272050,23790.52474,23780.8082
2013-03-26,29900,30440,29820,30180,24438.32813,16830000,24071.24024,23890.93516
2013-03-27,30300,30320,29740,30080,24357.35352,12881400,24335.75977,24033.45117
2013-03-28,30060,30200,29940,30200,24454.52148,7989600,24416.73438,24205.11914
2013-03-29,30480,30640,30340,30540,24729.8418,9533700,24513.9056,24438.32852
2013-04-01,30700,30700,30240,30240,24486.91797,5295500,24557.09375,24493.39258
2013-04-02,30200,30640,30200,30500,24697.44141,8574850,24638.06706,24545.21524
2013-04-03,30520,30560,30180,30420,24632.66797,10882700,24605.67578,24600.27813
2013-04-04,30340,30380,29980,30120,24389.74414,10700450,24573.28451,24587.32266
2013-04-05,30100,30320,29860,30100,24373.54883,14977350,24465.32031,24516.06406
2013-04-08,30100,30620,29940,30400,24616.47461,12959500,24459.92253,24541.97539
2013-04-09,30540,30600,30200,30560,24746.03711,9244000,24578.68685,24551.69453
2013-04-10,30800,30800,30260,30420,24632.66797,11779700,24665.0599,24551.69453
2013-04-11,30420,30800,30360,30800,24940.37109,11291500,24773.02539,24661.81992
2013-04-12,30800,31000,30260,30340,24567.88867,10744050,24713.64258,24700.68789
2013-04-15,30060,30700,30060,30460,24665.05469,10767300,24724.43815,24710.40391
2013-04-16,30100,30640,30020,30560,24746.03711,18551850,24659.66016,24710.40391
2013-04-17,31320,31320,30280,30360,24584.08398,10491100,24665.05859,24700.68711
2013-04-18,30400,30440,29620,29660,24017.25977,13358400,24449.12695,24516.06484
2013-04-19,29300,29840,29100,29500,23887.69336,15704000,24163.01237,24380.02578
2013-04-22,29800,30060,29300,30060,24341.1543,9335850,24082.03581,24315.2457
2013-04-23,30000,30060,29480,29660,24017.25977,8864850,24082.03581,24169.49024
2013-04-24,29700,29880,29480,29720,24065.83789,10086550,24141.41732,24065.84102
2013-04-25,29400,29880,29400,29880,24195.40039,10463900,24092.83268,24101.46914
2013-04-26,29900,29940,29440,29720,24065.83789,11651600,24109.02539,24137.09805
2013-04-29,29820,29840,29500,29620,23984.86523,8500150,24082.0345,24065.84023
2013-04-30,29800,30600,29760,30400,24616.47461,18705000,24222.39258,24185.6832
2013-05-02,30520,30640,30340,30560,24746.03711,10048950,24449.12565,24321.72305
2013-05-03,30700,30740,30420,30700,24859.39648,6559050,24740.63607,24454.52226
2013-05-06,30800,30800,30240,30280,24519.30078,8654300,24708.24479,24545.21484
2013-05-07,30160,30160,29820,29860,24179.21094,11434500,24519.30273,24584.08398
2013-05-08,29860,29960,29580,29760,24098.23242,14921950,24265.58138,24480.43555
2013-05-09,29800,30400,29780,30300,24535.49609,10806150,24270.97982,24438.32734
2013-05-10,30280,30280,29520,29520,23903.89258,11794850,24179.20703,24247.22656
2013-05-13,29420,29600,29240,29540,23920.08594,8750100,24119.82487,24127.38359
2013-05-14,29740,30000,29660,30000,24292.57422,9002650,24038.85091,24150.05625
2013-05-15,29700,30000,29680,30000,24292.57422,10594800,24168.41146,24188.92461
2013-05-16,30020,30280,30000,30160,24422.13477,14657550,24335.76107,24166.25235
2013-05-20,30040,30240,29920,29940,24243.98633,12288850,24319.56511,24234.2711
2013-05-21,30200,30200,29700,29840,24163.00586,11600400,24276.37565,24282.85508
2013-05-22,30080,30200,29820,30180,24438.32813,9923100,24281.77344,24312.00586
2013-05-23,29840,30040,29680,29680,24033.44922,11994150,24211.5944,24260.18086
2013-05-24,29740,29880,29440,29720,24065.83789,10190600,24179.20508,24188.92149
2013-05-27,29800,29980,29740,29780,24114.42383,6146400,24071.23698,24163.00899
2013-05-28,29620,29920,29620,29680,24033.44922,11588050,24071.23698,24137.09766
2013-05-29,29680,30460,29660,30240,24486.91797,14760550,24211.59701,24146.81563
2013-05-30,30360,30980,30240,30880,25005.1543,22778000,24508.50716,24341.15664
2013-05-31,30920,31180,30740,30760,24907.97852,18025050,24800.01693,24509.58477
2013-06-03,30720,31180,30560,30640,24810.80859,10309450,24907.98047,24648.86172
2013-06-04,30660,30840,30420,30800,24940.37109,8496600,24886.38607,24830.24609
2013-06-05,30980,31060,30420,30420,24632.66797,13590650,24794.61588,24859.39609
2013-06-07,29500,29700,28480,28540,23110.33008,54290800,24227.78971,24480.43125
2013-06-10,28400,28860,28280,28500,23077.94336,26677700,23606.98047,24114.42422
2013-06-11,28220,28380,27560,27780,22494.92383,34613000,22894.39909,23651.24727
2013-06-12,27560,28060,27240,27700,22430.13477,22887650,22667.66732,23149.2
2013-06-13,27600,27940,27140,27140,21976.68359,33509850,22300.58073,22618.00313
2013-06-14,27300,27540,27140,27380,22171.02344,17558350,22192.61393,22430.1418
2013-06-17,27400,27560,27300,27320,22122.43555,11758450,22090.04753,22239.04024
2013-06-18,27360,27740,27200,27740,22462.5293,11043050,22251.9961,22232.56133
2013-06-19,27640,27700,27280,27380,22171.02344,10270250,22251.9961,22180.73906
2013-06-20,26860,26960,26520,26580,21523.21875,17817950,22052.25716,22090.0461
2013-06-21,25880,26660,25800,26500,21458.44531,27677800,21717.5625,21947.53047
2013-06-24,27000,27000,26260,26260,21264.09766,15847900,21415.25391,21775.86289
2013-06-25,26020,26360,25760,25940,21004.98242,20774950,21242.50846,21484.35352
2013-06-26,26020,26100,24900,25220,20421.95313,31751200,20897.01107,21134.53945
2013-06-27,25900,26880,25720,26780,21693.77148,25756150,21040.23568,21168.65
2013-06-28,27000,27000,26580,26840,21742.375,20961250,21286.0332,21225.43594
2013-07-01,26680,26920,26440,26520,21483.14258,12825950,21639.76302,21269.24492
2013-07-02,26800,27040,26600,26700,21628.96484,10214450,21618.16081,21394.04141
2013-07-03,26680,26780,25900,26020,21078.11133,12822050,21396.73958,21525.27305
2013-07-04,26040,26340,25920,26340,21337.33789,9042650,21348.13802,21453.98633
2013-07-05,25720,26300,25200,25340,20527.26758,30382800,20980.9056,21210.96484
2013-07-08,25000,25160,24180,24520,19863.00781,26480150,20575.87109,20886.93789
2013-07-09,24600,25000,24580,24740,20041.21875,19694950,20143.83138,20569.38867
2013-07-10,24900,25040,24740,24960,20219.4375,17305650,20041.22135,20397.65391
2013-07-11,25020,26240,25020,26240,21256.33008,20788350,20505.66211,20381.45234
2013-07-12,26400,26480,26020,26240,21256.33008,11391300,20910.69922,20527.26484
2013-07-15,26300,26380,25700,26260,21272.53516,9629600,21261.73177,20809.17031
2013-07-16,26360,26420,25800,25960,21029.50586,9300950,21186.1237,21006.82774
2013-07-17,26020,26600,25720,26400,21385.93945,12302300,21229.32682,21240.12813
2013-07-18,26500,26500,25840,25840,20932.29883,15704200,21115.91471,21175.32188
2013-07-19,25760,25900,25280,25460,20624.47266,16271300,20980.90365,21048.95039
2013-07-22,25600,25780,25300,25460,20624.47266,10351150,20727.08138,20919.33789
2013-07-23,25460,26140,25440,26140,21175.32031,11948900,20808.08854,20948.50078
2013-07-24,26140,26340,25900,26300,21304.93164,8772650,21034.9082,20932.29922
2013-07-25,26340,26440,26160,26300,21304.93164,8495650,21261.72786,21006.82578
2013-07-26,26280,26380,25980,26060,21110.51367,13619550,21240.12565,21104.03398
2013-07-29,25820,26000,25580,25660,20786.48633,11821850,21067.31055,21136.43672
2013-07-30,25540,25900,25540,25800,20899.90039,9425350,20932.30013,21081.35273
2013-07-31,25600,25800,25580,25600,20737.88867,12735500,20808.0918,20967.94414
2013-08-01,25700,25760,25480,25600,20737.88867,9058900,20791.89258,20854.53555
2013-08-02,25860,26000,25640,25720,20835.0918,11241350,20770.28971,20799.45117
2013-08-05,25660,25660,25480,25480,20640.67773,8079850,20737.88607,20770.28945
2013-08-06,24900,25440,24900,25080,20316.64258,14493700,20597.4707,20653.63789
2013-08-07,24740,24800,24440,24440,19798.19531,15778100,20251.83854,20465.69922
2013-08-08,24260,24700,24260,24340,19717.19531,17910800,19944.01107,20261.56055
2013-08-09,24580,24820,24400,24600,19927.80859,12080200,19814.39974,20080.1039
2013-08-12,24600,24960,24500,24640,19960.21484,10140600,19868.40625,19944.01133
2013-08-13,24880,25800,24840,25800,20899.90039,20929450,20262.64127,20060.66289
2013-08-14,25780,26000,25700,26000,21061.91602,13005100,20640.67708,20313.40703
2013-08-16,25720,26020,25640,25900,20980.90039,11416600,20980.9056,20566.14805
2013-08-19,25720,25920,25600,25720,20835.0918,6499850,20959.30274,20747.60469
2013-08-20,25920,26100,25380,25380,20559.66211,14230950,20791.88477,20867.49414
2013-08-21,25300,25640,25120,25120,20349.04883,12346050,20581.26758,20757.32383
2013-08-22,25000,25340,24900,25100,20332.8457,11984850,20413.85221,20611.50977
2013-08-23,25600,26000,25420,25900,20980.90039,17203400,20554.26497,20611.50977
2013-08-26,26020,26100,25920,26000,21061.91602,11519650,20791.88737,20656.87461
2013-08-27,26140,26180,25900,26080,21126.71875,9130800,21056.51172,20770.28594
2013-08-28,25680,26200,25680,26180,21207.72656,9492550,21132.12044,20942.02148
2013-08-29,26340,26960,26280,26880,21774.77734,16315000,21369.74088,21230.40781
2013-08-30,27200,27360,27020,27360,22163.61328,17135800,21715.37239,21466.95039
2013-09-02,27360,27420,27000,27020,21888.18945,10081600,21942.19336,21632.20508
2013-09-03,27280,27280,26520,26740,21661.36914,11798500,21904.39062,21739.13515
2013-09-04,26600,27080,26420,26800,21709.96875,10920050,21753.17578,21839.58359
2013-09-05,27400,27420,27160,27300,22115.00977,15100100,21828.78255,21907.63008
2013-09-06,27400,27500,27160,27380,22179.81836,11937950,22001.59896,21910.87109
2013-09-09,27420,27500,27260,27460,22244.61914,9291550,22179.81576,21982.15703
2013-09-10,27380,27920,27360,27920,22617.25586,14717650,22347.23112,22173.33438
2013-09-11,27960,28040,27700,28040,22714.45898,13353000,22525.44466,22374.23242
2013-09-12,28100,28480,27900,28200,22844.07617,21805400,22725.26367,22520.0457
2013-09-13,28180,28200,27920,28120,22779.26758,12281500,22779.26758,22639.93555
2013-09-16,28460,28500,28220,28500,23087.09766,11710700,22903.48047,22808.43125
2013-09-17,28400,28400,27620,27720,22455.24023,17181350,22773.86849,22776.02812
2013-09-23,27300,27620,27060,27200,22033.99805,24362900,22525.44531,22639.93594
2013-09-24,26840,27580,26760,27460,22244.61914,15138900,22244.61914,22520.04453
2013-09-25,27340,27480,27020,27280,22098.80273,11176450,22125.80664,22383.95156
2013-09-26,27280,27440,27120,27440,22228.42383,10374700,22190.61523,22212.2168
2013-09-27,27500,27540,27260,27320,22131.20898,11613250,22152.81185,22147.41055
2013-09-30,27320,27640,27200,27340,22147.4082,11650900,22169.01367,22170.09258
2013-10-01,27600,27660,27200,27640,22390.43945,9773150,22223.01888,22199.25664
2013-10-02,27960,28500,27800,28360,22973.69141,17586350,22503.84635,22374.23437
2013-10-04,28760,28840,28280,28360,22973.69141,15753700,22779.27409,22523.28789
2013-10-07,28740,28740,28500,28720,23265.30859,10228250,23070.89714,22750.10781
2013-10-08,28340,28660,28340,28600,23168.10352,10546000,23135.70117,22954.24688
2013-10-10,28420,28640,28420,28600,23168.10352,13819000,23200.50521,23109.77969
2013-10-11,28800,28940,28720,28860,23378.7207,11254150,23238.30925,23190.78555
2013-10-14,28960,28980,28760,28760,23297.70898,7373700,23281.51107,23255.58906
2013-10-15,29000,29140,28900,29140,23605.54102,10023650,23427.32357,23323.63555
2013-10-16,29380,29380,28900,29000,23492.13477,8010600,23465.12826,23388.4418
2013-10-17,29200,29360,29080,29260,23702.75391,9099350,23600.14323,23495.37188
2013-10-18,29440,29500,29260,29440,23848.56445,7852150,23681.15104,23589.34063
2013-10-21,29500,29780,29080,29280,23718.95313,7126050,23756.75716,23673.58946
2013-10-22,29200,29200,28680,29100,23573.14063,12353250,23713.55274,23667.10938
2013-10-23,29280,29280,28720,28840,23362.52344,8598450,23551.53907,23641.18711
2013-10-24,28620,28980,28580,28980,23475.93359,8915650,23470.53255,23595.82305
2013-10-25,29000,29040,28660,28980,23475.93359,6735300,23438.13021,23521.29688
2013-10-28,29300,29700,29160,29640,24010.58008,11307700,23654.14909,23579.62227
2013-10-29,29800,29800,29560,29800,24140.19336,10334900,23875.56901,23693.03281
2013-10-30,29700,30000,29680,30000,24302.20703,10588400,24150.99349,23880.96953
2013-10-31,29960,30040,29300,29300,23735.1543,12647050,24059.1849,23932.81367
2013-11-01,29800,30000,29360,30000,24302.20703,11357700,24113.18945,24098.06836
2013-11-04,29840,30040,29780,29980,24286.00195,10887800,24107.78776,24153.15273
2013-11-05,30040,30040,29440,29700,24059.18555,8009300,24215.79818,24136.95117
2013-11-06,29960,29960,28980,29020,23508.33594,12218400,23951.17448,23978.17695
2013-11-07,29020,29080,28500,28740,23281.51758,13006800,23616.34636,23887.44961
2013-11-08,28220,28560,28140,28200,22844.07617,13681350,23211.3099,23595.82344
2013-11-11,28500,28680,28180,28560,23135.69922,8563850,23087.09766,23365.76289
2013-11-12,28800,29320,28720,29120,23589.33789,9784900,23189.70443,23271.79336
2013-11-13,28900,28980,28380,28380,22989.88867,9995200,23238.30859,23168.10391
2013-11-14,29100,29100,28480,28480,23070.89648,10132150,23216.70768,23125.97969
2013-11-15,28680,29240,28640,29240,23686.55078,8339250,23249.11198,23294.47461
2013-11-18,29400,29520,29300,29480,23880.96875,6386800,23546.13867,23443.52851
2013-11-19,29660,29780,29540,29780,24123.99414,8183550,23897.17122,23550.45976
2013-11-20,29460,29740,29280,29400,23816.16406,8178150,23940.37565,23715.71484
2013-11-21,29440,29440,28640,28800,23330.11719,9019800,23756.75846,23767.55898
2013-11-22,28820,29120,28620,29000,23492.13477,8574600,23546.13867,23728.67578
2013-11-25,29020,29440,29020,29300,23735.1543,6615300,23519.13542,23699.51289
2013-11-26,29160,29580,29100,29580,23961.97266,8586250,23729.75391,23667.1086
2013-11-27,29340,29520,29200,29400,23816.16406,9351700,23837.76367,23667.1086
2013-11-28,29600,29880,29580,29880,24204.99805,10644900,23994.37826,23842.08477
2013-11-29,29980,29980,29700,29880,24204.99805,6752200,24075.38672,23984.65742
2013-12-02,30000,30060,29340,29340,23767.55859,7487800,24059.1849,23991.13828
2013-12-03,29280,29560,29140,29220,23670.35156,7798600,23880.9694,23932.81406
2013-12-04,29000,29060,28620,28640,23200.50586,10844000,23546.13867,23809.68242
2013-12-05,28660,28920,28440,28800,23330.11719,10479650,23400.32487,23634.70625
2013-12-06,29080,29080,28560,28560,23135.69922,9147450,23222.10742,23420.84648
2013-12-09,28800,29080,28800,29080,23556.93555,6996900,23340.91732,23378.72188
2013-12-10,28820,29020,28620,28800,23330.11719,7755600,23340.91732,23310.675
2013-12-11,28520,28880,28320,28400,23006.08789,10629150,23297.71354,23271.79141
2013-12-12,27920,28200,27920,28200,22844.07617,14962050,23060.09375,23174.5832
2013-12-13,28200,28220,27800,27800,22520.04297,10053250,22790.06901,23051.45195
2013-12-16,27820,28080,27660,28000,22682.05859,8954400,22682.05924,22876.47656
2013-12-17,28340,28340,27860,27900,22601.05664,7762400,22601.05273,22730.66445
2013-12-18,28100,28200,27880,28020,22698.26367,10899200,22660.45963,22669.09961
2013-12-19,28360,28680,28360,28540,23119.49805,10552400,22806.27279,22724.18398
2013-12-20,28260,28540,28260,28540,23119.49805,8407400,22979.08659,22844.075
2013-12-23,28740,28760,28580,28660,23216.70898,10639200,23151.90169,22951.00508
2013-12-24,28600,28640,28300,28300,22925.08398,10980350,23087.097,23015.81055
2013-12-26,28160,28300,28020,28160,22811.66992,12307800,22984.48763,23038.4918
2013-12-27,28200,28220,27900,27920,22841.12695,10510000,22859.29362,22982.81758
2013-12-30,27920,27940,27200,27440,22448.43945,16908100,22700.41211,22848.60586
2014-01-02,26960,27100,26040,26180,21417.64453,31025000,22235.73698,22488.79297
2014-01-03,26000,26220,25740,25920,21204.9375,26496600,21690.34049,22144.76367
2014-01-06,26060,26400,25920,26140,21384.91602,19735800,21335.83268,21859.41289
2014-01-07,26000,26360,25900,26080,21335.83203,19763200,21308.56185,21558.35391
2014-01-08,26000,26080,25740,25820,21123.12891,20474650,21281.29232,21293.2918
2014-01-09,26140,26140,25500,25500,20861.33594,21250950,21106.76563,21182.03008
2014-01-10,25500,25720,25440,25440,20812.25586,18189150,20932.24024,21103.49375
2014-01-13,25660,25940,25460,25900,21188.58008,16449350,20954.05729,21064.22656
2014-01-14,25940,26600,25800,26260,21483.09766,14716650,21161.3112,21093.67969
2014-01-15,26600,26620,25960,25980,21254.02344,11747450,21308.56706,21119.8586
2014-01-16,26000,26200,25860,26020,21286.74609,9752450,21341.28906,21204.94063
2014-01-17,26020,26300,25840,25840,21139.48633,12774250,21226.75195,21270.38672
2014-01-20,26100,26380,25920,26320,21532.17383,8682800,21319.46875,21339.10547
2014-01-21,26300,26540,26220,26480,21663.07422,7562300,21444.91146,21375.10078
2014-01-22,26280,26560,26240,26560,21728.51758,10826500,21641.25521,21469.99961
2014-01-23,26320,26440,25980,25980,21254.02344,10336950,21548.53841,21463.45508
2014-01-24,26000,26360,25820,26140,21384.91602,14001750,21455.81901,21512.54102
2014-01-27,25860,26080,25700,25840,21139.48633,13346300,21259.47526,21434.00352
2014-01-28,25460,25860,25460,25660,20992.23633,11701350,21172.21289,21299.83594
2014-01-29,25600,25760,25540,25600,20943.15234,19181850,21024.95833,21142.76289
2014-02-03,25720,25760,25420,25440,20812.25586,16259200,20915.88151,21054.40938
2014-02-04,25260,25260,24980,24980,20435.93164,16033000,20730.44661,20864.6125
2014-02-05,24900,25100,24680,24740,20239.58984,14926650,20495.92578,20684.6332
2014-02-06,24900,25340,24800,25180,20599.55469,15197450,20425.02539,20606.09687
2014-02-07,25500,25580,25260,25500,20861.33594,9943600,20566.82682,20589.73359
2014-02-10,25420,25620,25240,25540,20894.0625,7799650,20784.98438,20606.09492
2014-02-11,25620,26300,25440,26220,21450.36523,12684000,21068.58789,20808.98164
2014-02-12,26620,26620,26100,26140,21384.91602,10027400,21243.11458,21038.04688
2014-02-13,26000,26400,25800,25960,21237.66406,5838450,21357.64844,21165.66875
2014-02-14,25920,26160,25840,26020,21286.74609,6220750,21303.10872,21250.75078
2014-02-17,25840,26120,25600,25700,21024.95898,9386650,21183.12304,21276.93008
2014-02-18,25700,25980,25640,25900,21188.58008,5910650,21166.76172,21224.57305
2014-02-19,26000,26000,25600,25800,21106.77344,6179750,21106.77083,21168.94453
2014-02-20,25800,25920,25620,25720,21041.32031,9543300,21112.22461,21129.67578
2014-02-21,26660,26660,26000,26600,21761.23828,14346200,21303.11068,21224.57422
2014-02-24,26680,26900,26420,26560,21728.51758,7425050,21510.35872,21365.28594
2014-02-25,26640,26800,26520,26680,21826.68945,8785300,21772.14844,21492.90781
2014-02-26,26740,26860,26500,26840,21957.58594,12918050,21837.59766,21663.07031
2014-02-27,26700,26840,26600,26820,21941.22266,7891350,21908.49935,21843.05078
2014-02-28,26740,26980,26640,26980,22072.11328,14232350,21990.30729,21905.22578
2014-03-03,26720,26800,26420,26500,21679.43359,12104150,21897.58984,21895.40898
2014-03-04,26400,26580,26300,26300,21515.81055,7900150,21755.78581,21833.2332
2014-03-05,26700,26820,26600,26600,21761.23828,7491500,21652.16081,21793.96367
2014-03-06,26580,26580,26200,26520,21695.79297,8616750,21657.61393,21744.87773
2014-03-07,26780,26780,26580,26780,21908.49609,7548650,21788.50911,21712.1543
2014-03-10,26400,26600,26340,26400,21597.62305,8657600,21733.9707,21695.79219
2014-03-11,26400,26540,26180,26440,21630.34766,9079800,21712.1556,21718.69961
2014-03-12,26400,26400,25860,25880,21172.2168,12579250,21466.72917,21600.89531
2014-03-13,25880,26260,25800,25800,21106.77344,11750200,21303.11263,21483.09141
2014-03-14,25400,25700,25400,25500,20861.33594,10836800,21046.77539,21273.65938
2014-03-17,25500,25520,25160,25320,20714.08398,8820000,20894.06445,21096.95156
2014-03-18,25400,25660,25320,25560,20910.42773,11045600,20828.61588,20952.96758
2014-03-19,25600,25700,25360,25380,20763.16992,7638550,20795.89388,20871.1582
2014-03-20,25400,25440,25240,25240,20648.63867,5939400,20774.07877,20779.53125
2014-03-21,25380,25460,25240,25460,20828.61523,8321300,20746.80794,20772.98711
2014-03-24,25200,25480,25180,25460,20828.61523,7073900,20768.62304,20795.89336
2014-03-25,25380,25400,24820,24940,20403.20703,13625000,20686.8125,20694.44922
2014-03-26,25380,25800,24960,25700,21024.95898,17444700,20752.26041,20746.80703
2014-03-27,25800,26660,25700,26660,21810.32422,20877850,21079.49674,20979.14414
2014-03-28,26400,26760,26400,26700,21843.04883,10648700,21559.44401,21182.03086
2014-03-31,26900,26900,26440,26860,21973.94727,13259850,21875.77344,21411.09727
2014-04-01,26900,26900,26620,26780,21908.49609,11081000,21908.4974,21712.15508
2014-04-02,27000,27140,26860,27140,22203.01172,13100050,22028.48503,21947.76563
2014-04-03,27020,27900,27020,27800,22742.94922,19098800,22284.81901,22134.29063
2014-04-04,27540,27940,27540,27600,22579.33398,18400350,22508.43164,22281.54766
2014-04-07,27940,27940,27480,27940,22857.48438,10761750,22726.58919,22458.25508
2014-04-08,27740,27980,27500,27880,22808.39844,10608200,22748.4056,22638.23555
2014-04-09,27880,27900,27280,27420,22432.08008,16061600,22699.32097,22684.04922
2014-04-10,27380,27600,27200,27600,22579.33398,9999200,22606.60417,22651.32617
2014-04-11,27240,27360,27180,27300,22333.90625,10659350,22448.4401,22602.24063
2014-04-14,27300,27720,27300,27400,22415.71875,10586000,22442.98633,22513.8875
2014-04-15,27720,27740,27380,27400,22415.71875,10969800,22388.44792,22435.35156
2014-04-16,27400,27840,27260,27600,22579.33398,9308550,22470.25716,22464.80234
2014-04-17,27520,27600,27320,27400,22415.71875,7241650,22470.25716,22432.0793
2014-04-18,27400,27580,27400,27560,22546.60938,9518350,22513.88737,22474.61992
2014-04-21,27580,27720,27500,27600,22579.33398,3299250,22513.88737,22507.34297
2014-04-22,27480,27680,27420,27500,22497.5293,6084300,22541.15755,22523.70508
2014-04-23,27880,27900,27640,27780,22726.58984,9500750,22601.15104,22553.15625
2014-04-24,28180,28180,27980,28140,23021.10547,10546200,22748.4082,22674.23359
2014-04-25,28400,28560,27960,27980,22890.21289,15269800,22879.30273,22742.9543
2014-04-28,28080,28120,27640,27760,22710.23047,9431450,22873.84961,22769.13359
2014-04-29,27780,27900,27020,27200,22252.09766,10909200,22617.51367,22720.04727
2014-04-30,27600,27620,26520,26860,21973.94727,15047300,22312.0918,22569.51875
2014-05-02,27080,27180,26880,26920,22023.03125,14943350,22083.02539,22369.90391
2014-05-07,27000,27120,26800,26880,21990.30469,14189700,21995.76107,22189.92227
2014-05-08,27100,27100,26880,27000,22088.48047,16281900,22033.9388,22065.57227
2014-05-09,27120,27160,26520,26700,21843.04883,13157050,21973.94466,21983.7625
2014-05-12,26720,27900,26640,27760,22710.23047,15944800,22213.91992,22131.01914
2014-05-13,27760,28500,27760,28000,22906.56641,12107400,22486.61524,22307.72617
2014-05-14,28180,28300,28020,28300,23152.00391,11103750,22922.9336,22540.06602
2014-05-15,28280,28380,28060,28200,23070.1875,6806700,23042.91927,22736.40742
2014-05-16,28000,28740,27980,28560,23364.70313,15856500,23195.63151,23040.73828
2014-05-19,28560,29000,28160,28960,23691.93945,19281050,23375.61003,23237.08008
2014-05-20,28900,29080,28700,29020,23741.02148,16007300,23599.22135,23403.97109
2014-05-21,28700,29000,28700,28820,23577.4043,10842500,23670.12174,23489.05117
2014-05-22,28820,28960,28520,28520,23331.98047,9540000,23550.13542,23541.40977
2014-05-23,28100,28560,28100,28560,23364.70313,8511650,23424.69597,23541.40977
2014-05-26,28400,28640,28300,28440,23266.53125,3735600,23321.07162,23456.32813
2014-05-27,28340,28460,28060,28140,23021.10547,4748400,23217.44662,23312.34492
2014-05-28,28380,28700,28180,28660,23446.50977,9200950,23244.7155,23286.16602
2014-05-29,29000,29300,28800,29200,23888.2832,12521500,23451.96615,23397.42656
2014-05-30,29400,29640,28860,28860,23610.12891,15831050,23648.30729,23446.51172
2014-06-02,28860,29160,28780,29100,23806.46875,7439450,23768.29362,23554.49922
2014-06-03,29680,29900,29300,29400,24051.89844,17234250,23822.83203,23760.65781
2014-06-05,29320,29600,29000,29140,23839.1875,13507050,23899.1849,23839.19336
2014-06-09,29400,29460,28040,28180,23053.82422,22269600,23648.30339,23672.30156
2014-06-10,28420,28760,28100,28720,23495.59375,9214100,23462.86849,23649.39453
2014-06-11,28240,28600,28240,28440,23266.53125,8625750,23271.98307,23541.40703
2014-06-12,28600,28600,28020,28260,23119.27148,12943150,23293.79883,23354.88164
2014-06-13,28040,28080,27260,27340,22366.63281,18589050,22917.47851,23060.3707
2014-06-16,27600,27640,27240,27480,22481.16602,15319950,22655.6901,22945.83906
2014-06-17,27200,27560,27020,27480,22481.16602,13476750,22442.98828,22742.95352
2014-06-18,27460,27520,27120,27160,22219.37109,11044350,22393.90104,22533.52148
2014-06-19,26900,26980,26400,26460,21646.71094,22339700,22115.74935,22239.00938
2014-06-20,26600,26600,25920,26020,21286.74609,23902650,21717.60937,22023.03203
2014-06-23,26420,26640,26320,26440,21630.34766,12488250,21521.26823,21852.86836
2014-06-24,26800,27080,26640,26900,22006.66992,11890850,21641.25456,21757.96914
2014-06-25,26600,26660,26360,26400,21597.62305,10231900,21744.88021,21633.61953
2014-06-26,26180,26860,26140,26500,21679.43359,12765300,21761.24219,21640.16406
2014-06-27,26140,26380,26120,26220,21458.4668,8953050,21578.50781,21674.5082
2014-06-30,26200,26480,26180,26440,21638.51367,8881050,21592.13802,21676.14141
2014-07-01,26160,26280,26020,26200,21442.09961,8725400,21513.02669,21563.22734
2014-07-02,26340,26620,26120,26600,21769.45898,11139250,21616.69075,21597.59453
2014-07-03,26720,26720,26320,26360,21573.03711,8543050,21594.86523,21576.31523
2014-07-04,26440,26520,26060,26120,21376.62305,5978850,21573.03971,21559.94648
2014-07-07,25820,26020,25800,25840,21147.47461,9437050,21365.71159,21461.73867
2014-07-08,25880,26380,25740,25900,21196.57617,12073200,21240.22461,21412.63398
2014-07-09,25740,26160,25660,26160,21409.35938,11829900,21251.13672,21340.61406
2014-07-10,26160,26220,26040,26120,21376.62305,8960200,21327.51953,21301.33125
2014-07-11,26000,26040,25640,25680,21016.52734,10779600,21267.50326,21229.31211
2014-07-14,25960,26000,25720,25720,21049.26758,7082150,21147.47266,21209.6707
2014-07-15,26000,26460,25940,26400,21605.7793,11976050,21223.85807,21291.51133
2014-07-16,26260,26460,26220,26420,21622.14648,9114200,21425.73112,21334.06875
2014-07-17,26520,26700,26400,26600,21769.45898,10922700,21665.79492,21412.63594
2014-07-18,26300,26860,26280,26860,21982.24219,9742650,21791.28255,21605.77891
2014-07-21,26980,27200,26860,27060,22145.91797,8059950,21965.87305,21825.10898
2014-07-22,26960,27160,26900,26960,22064.08203,6300950,22064.08073,21916.76953
2014-07-23,27080,27140,26700,26760,21900.39844,6417300,22036.79948,21972.41992
2014-07-24,27000,27160,26620,27100,22178.6582,8051700,22047.71289,22054.25977
2014-07-25,26920,27100,26700,27100,22178.6582,8790150,22085.90495,22093.54297
2014-07-28,27100,27340,26880,27160,22227.76367,8992550,22195.02669,22109.91211
2014-07-29,27100,27760,27060,27720,22686.06836,12809300,22364.16341,22234.30937
2014-07-30,27760,28160,27480,27900,22833.375,17359450,22582.40234,22420.90469
2014-07-31,27480,27700,26720,26860,21982.24219,24351350,22500.56185,22381.62148
2014-08-01,26100,26560,25840,25840,21147.47461,28231050,21987.69727,22175.38477
2014-08-04,26000,26340,25820,26340,21556.67383,12066750,21562.13021,22041.1668
2014-08-05,26020,26420,26000,26320,21540.30664,8626450,21414.81836,21812.01445
2014-08-06,26120,26320,25900,26000,21278.42188,10830100,21458.46745,21501.02383
2014-08-07,26000,26040,25700,25800,21114.73828,9527250,21311.1556,21327.52305
2014-08-08,25680,25700,24960,25000,20460.01367,20621450,20951.05794,21190.03086
2014-08-11,25500,25640,25140,25400,20787.37695,18619250,20787.3763,21036.17148
2014-08-12,25400,25880,25240,25320,20721.9043,8995700,20656.43164,20872.49102
2014-08-13,25500,25500,24960,25280,20689.16406,12845000,20732.8151,20754.63945
2014-08-14,25480,25640,25080,25220,20640.0625,10447350,20683.71029,20659.7043
2014-08-18,25580,25600,25000,25000,20460.01367,10518950,20596.41341,20659.7043
2014-08-19,25280,25460,25060,25080,20525.48633,10044400,20541.85417,20607.32617
2014-08-20,25280,25420,25020,25220,20640.0625,9430600,20541.85417,20590.95781
2014-08-21,25100,25220,24620,24700,20214.49609,17105400,20460.01497,20496.02422
2014-08-22,24900,24940,24700,24940,20410.91016,8407650,20421.82292,20450.19375
2014-08-25,24620,24620,24420,24560,20099.91992,11577200,20241.77539,20378.175
2014-08-26,24700,24700,24420,24440,20001.71094,10719450,20170.84701,20273.41992
2014-08-27,24460,24740,24440,24600,20132.6543,12171000,20078.09505,20171.93828
2014-08-28,25160,25160,24720,24840,20329.07422,10311850,20154.47982,20194.85391
2014-08-29,24760,24760,24560,24680,20198.125,14558250,20219.95117,20152.29688
2014-09-01,24720,24740,24480,24520,20067.18359,5664050,20198.1276,20145.74961
2014-09-02,24420,24500,23880,23880,19543.40625,15899600,19936.23828,20054.08867
2014-09-03,24000,24000,23600,23780,19461.5625,21238750,19690.71745,19919.87031
2014-09-04,24200,24320,24040,24200,19805.29688,12099950,19603.42188,19815.11484
2014-09-05,24300,24320,23900,24020,19657.98438,10770400,19641.61459,19707.08672
2014-09-11,24000,24140,23840,23840,19510.67188,23309200,19657.98438,19595.78438
2014-09-12,24000,24160,24000,24020,19657.98438,10872350,19608.88021,19618.7
2014-09-15,24140,24160,23920,24000,19641.61328,7161500,19603.42318,19654.71016
2014-09-16,24160,24300,24020,24120,19739.82227,7092400,19679.80664,19641.61524
2014-09-17,24140,24520,24140,24520,20067.18359,7545750,19816.20638,19723.45508
2014-09-18,24600,24600,24080,24200,19805.29688,9476750,19870.76758,19782.38008
2014-09-19,24460,24460,24120,24200,19805.29688,13435050,19892.59245,19811.84258
2014-09-22,24080,24080,23600,23760,19445.19922,16022100,19685.26433,19772.55977
2014-09-23,23560,23700,23220,23220,19003.26367,19541400,19417.91992,19625.24805
2014-09-24,23040,23220,22820,23000,18823.21875,15789200,19090.56055,19376.45508
2014-09-25,23240,23320,22940,23120,18921.42578,19414500,18915.9694,19199.68086
2014-09-26,23040,23700,22960,23700,19396.09375,12413550,19046.91276,19117.84023
2014-09-29,23860,24000,23400,23900,19559.7793,9401000,19292.43294,19140.75625
2014-09-30,23700,23760,23300,23680,19379.72461,12379300,19445.19922,19216.04844
2014-10-01,23480,23660,23120,23120,18921.42578,11929800,19286.97656,19235.68984
2014-10-02,23300,23300,22820,22820,18675.9043,12732750,18992.35156,19186.58555
2014-10-06,22900,23120,22760,23020,18839.57813,21252900,18812.30274,19075.28242
2014-10-07,23240,23720,23240,23240,19019.63086,10149150,18845.03776,18967.25274
2014-10-08,22840,23020,22480,22600,18495.85547,14720550,18785.02149,18790.47891
2014-10-10,22000,22280,21980,22100,18086.65625,21837450,18534.04753,18623.525
2014-10-13,21640,22540,21560,22160,18135.75977,11344750,18239.42383,18515.4961
2014-10-14,22540,22920,22400,22540,18446.75195,16572550,18223.05599,18436.93086
2014-10-15,22560,22900,22400,22500,18414.01367,14143600,18332.17513,18315.80742
2014-10-16,22320,22420,22080,22300,18250.33398,15148300,18370.36653,18266.70312
2014-10-17,22120,22300,21740,21780,17824.76758,16281750,18163.03841,18214.32539
2014-10-20,22300,22340,22020,22120,18103.01758,9476750,18059.37305,18207.77695
2014-10-21,21880,22000,21620,21660,17726.55859,11766050,17884.78125,18063.73828
2014-10-22,21940,22080,21800,22080,18070.28906,11127700,17966.62174,17994.99336
2014-10-23,22260,22260,21800,21880,17906.60352,8505900,17901.15039,17926.24727
2014-10-24,22060,22240,21840,22240,18201.23242,8378450,18059.375,18001.54023
2014-10-27,22020,22220,21740,21900,17922.97266,8388600,18010.26953,17965.53125
2014-10-28,21800,22000,21720,21820,17857.50586,6243850,17993.90365,17991.7207
2014-10-29,22000,22600,21800,22600,18495.85547,13726100,18092.11133,18076.83399
2014-10-30,22580,23660,22300,23620,19330.61914,24566950,18561.32682,18361.63711
2014-10-31,23960,25000,23700,24880,20361.80664,38623150,19396.09375,18793.75195
2014-11-03,25000,25040,24320,24700,20214.49609,13475800,19968.97396,19252.05664
2014-11-04,24380,24840,24100,24340,19919.87109,13000300,20165.39127,19664.52969
2014-11-05,24300,24500,23880,24040,19674.35156,10162150,19936.23958,19900.2289
2014-11-06,23960,24200,23860,24080,19707.08789,8570150,19767.10351,19975.52265
2014-11-07,24360,24360,23900,24120,19739.82227,6030200,19707.08724,19851.12578
2014-11-10,24520,25380,24440,25360,20754.64063,19202900,20067.1836,19959.15469
2014-11-11,25100,25220,24540,24620,20149.01953,12141400,20214.49414,20004.98438
2014-11-12,24620,24680,24380,24600,20132.6543,9079600,20345.43815,20096.64492
2014-11-13,24560,24640,23980,24000,19641.61328,11547150,19974.42904,20083.55
2014-11-14,24020,24020,23600,23880,19543.40625,10621750,19772.55794,20044.2668
2014-11-17,23800,24400,23640,24100,19723.45703,9693950,19636.15885,19838.03008
2014-11-18,24400,24540,24300,24400,19968.9707,10754700,19745.27799,19802.02031
2014-11-19,24760,24760,24240,24360,19936.23828,12502750,19876.222,19762.73711
2014-11-20,24120,24400,24120,24200,19805.29688,10024150,19903.50195,19795.47383
2014-11-21,24380,24520,24340,24460,20018.07422,12336350,19919.86979,19890.40742
2014-11-24,24940,24960,24200,24400,19968.9707,10284300,19930.7806,19939.51016
2014-11-25,24480,24480,23800,23800,19477.93555,17811050,19821.66016,19841.30313
2014-11-26,23800,24220,23640,24020,19657.98438,12287900,19701.63021,19785.65235
2014-11-27,25460,26020,25280,25280,20689.16406,44377800,19941.69466,19962.42578
2014-11-28,25900,25920,25480,25740,21065.63281,9844550,20470.92708,20171.9375
2014-12-01,25880,25960,25740,25900,21196.57617,12866850,20983.79101,20417.45859
2014-12-02,25900,25900,25320,25900,21196.57617,9222700,21152.92838,20761.18672
2014-12-03,26000,26020,25900,25960,21245.67578,9735500,21212.94271,21078.725
2014-12-04,26040,26060,25960,26000,21278.42188,8871350,21240.22461,21196.57656
2014-12-05,26280,26280,26000,26040,21311.15039,5637800,21278.41602,21245.68008
2014-12-08,26060,26420,26040,26380,21589.4082,7916550,21392.99349,21324.24648
2014-12-09,26380,27140,26380,26980,22080.44531,13553100,21660.33463,21501.02031
2014-12-10,26920,26920,26340,26340,21556.67383,15977800,21742.17578,21563.21992
2014-12-11,26340,26380,25880,26100,21360.25781,20490850,21665.79232,21579.58711
2014-12-12,26060,26080,25480,25720,21049.26758,14397250,21322.06641,21527.21055
2014-12-15,25600,25600,25200,25460,20836.48242,14337950,21082.0026,21376.62539
2014-12-16,25400,25780,25360,25580,20934.6875,12894750,20940.14583,21147.47383
2014-12-17,25580,25660,25060,25320,20721.9043,13088650,20831.02474,20980.51992
2014-12-18,25320,25580,25040,25320,20721.9043,11808250,20792.83203,20852.84922
2014-12-19,25880,26560,25740,26560,21736.7207,18356500,21060.17643,20990.33984
2014-12-22,26900,26940,26360,26900,22014.97656,17943850,21491.20052,21226.03867
2014-12-23,26920,26980,26740,26780,21916.76758,10976350,21889.48828,21422.45469
2014-12-24,26780,26860,26780,26860,21982.24219,6257000,21971.32878,21674.52227
2014-12-26,26860,27100,26860,27040,22129.55273,11488100,22009.52083,21956.05195
2014-12-29,26900,26940,26580,26580,22071.42578,9637450,22061.07357,22022.99297
2014-12-30,26600,26700,26420,26540,22038.21289,10649100,22079.73047,22027.64023
2015-01-02,26800,26800,26540,26600,22088.03125,8774950,22065.88997,22061.89297
2015-01-05,26720,26720,26260,26660,22137.85547,10139500,22088.0332,22093.01562
2015-01-06,26300,26340,25760,25900,21506.76953,15235500,21910.88542,21968.45898
2015-01-07,25880,26220,25640,26140,21706.05859,14322750,21783.5612,21895.38555
2015-01-08,26780,26780,26200,26280,21822.30859,14477600,21678.3789,21852.20469
2015-01-09,26280,26440,26280,26280,21822.30859,9312400,21783.55859,21799.06015
2015-01-12,26260,26380,26020,26320,21855.53125,8325400,21833.38281,21742.59531
2015-01-13,26280,26800,26000,26780,22237.5,12293400,21971.77995,21888.7414
2015-01-14,26780,27100,26700,26900,22337.14648,14332250,22143.39258,22014.95898
2015-01-15,26900,26980,26580,26680,22154.46484,14103900,22243.03711,22081.39023
2015-01-16,26680,26680,26260,26320,21855.53125,13568500,22115.71419,22088.03476
2015-01-19,26580,26980,26400,26860,22303.93164,6672950,22104.64258,22177.71484
2015-01-20,27000,27440,26900,27440,22785.55078,13278050,22315.00456,22287.325
2015-01-21,27340,27900,27200,27900,23167.52344,16612650,22752.33529,22453.40039
2015-01-22,27960,27980,27560,27560,22885.19727,17957700,22946.0905,22599.54688
2015-01-23,28000,28000,27540,27720,23018.05664,12858750,23023.59245,22832.05195
2015-01-26,27500,27900,27280,27780,23067.88086,10153500,22990.37826,22984.8418
2015-01-27,27500,28000,27480,28000,23250.5625,9957200,23112.16667,23077.84414
2015-01-28,27720,27800,27480,27560,22885.19727,10831500,23067.88021,23021.37891
2015-01-29,27360,27900,27140,27200,22586.25977,13702250,22907.33985,22961.59141
2015-01-30,27200,27540,27200,27300,22669.29883,16110000,22713.58529,22891.83985
2015-02-02,27300,27540,27120,27360,22719.12305,10521000,22658.22722,22822.08828
2015-02-03,27600,27600,27180,27320,22685.90625,5654400,22691.44271,22709.15703
2015-02-04,27500,27620,27180,27180,22569.65234,9328900,22658.22721,22646.04805
2015-02-05,27180,27380,26920,27160,22553.04688,6770400,22602.86849,22639.40547
2015-02-06,26920,27480,26720,27440,22785.55078,8005050,22636.08333,22662.65586
2015-02-09,27200,27980,27140,27900,23167.52344,8693500,22835.3737,22752.33594
2015-02-10,28000,28000,27540,27560,22885.19727,6519350,22946.0905,22792.19414
2015-02-11,27480,27480,27080,27100,22503.22266,9973800,22851.98112,22778.90821
2015-02-12,26800,27160,26620,26880,22320.53906,10748200,22569.653,22732.40664
2015-02-13,27200,27220,26900,27220,22602.86523,6522900,22475.54232,22695.86953
2015-02-16,27360,27480,27220,27480,22818.76563,6226500,22580.72331,22626.11797
2015-02-17,27480,27540,27280,27540,22868.59375,5745000,22763.4082,22622.79727
2015-02-23,27560,27800,27320,27340,22702.51563,15301800,22796.625,22662.65586
2015-02-24,27700,27780,27280,27340,22702.51563,10863250,22757.875,22739.05117
2015-02-25,27600,27700,27460,27580,22901.80273,8374250,22768.94466,22798.83867
2015-02-26,27580,27600,27360,27500,22835.37305,8179150,22813.23047,22802.16016
2015-02-27,27500,27520,27140,27140,22536.43945,13009400,22757.87174,22735.7293
2015-03-02,27500,28460,27340,28460,23632.53711,21805600,23001.44987,22921.73359
2015-03-03,28700,28740,28120,28360,23549.49609,13748800,23239.49088,23091.12969
2015-03-04,28220,28800,28200,28740,23865.04297,11603100,23682.35872,23283.77773
2015-03-05,28780,28860,28340,28440,23615.92773,9615600,23676.82226,23439.88867
2015-03-06,28280,28980,28120,28840,23948.08203,11733500,23809.68424,23722.21719
2015-03-09,28800,28800,28400,28400,23582.70898,7814600,23715.57291,23712.25156
2015-03-10,28680,28860,28400,28420,23599.31836,10419850,23710.03646,23722.21601
2015-03-11,28380,29580,28360,29480,24479.51758,21108650,23887.18164,23845.11094
2015-03-12,29200,29460,28940,28940,24031.12109,19153200,24036.65234,23928.14961
2015-03-13,29220,29580,29100,29140,24197.1875,9413100,24235.94206,23977.9707
2015-03-16,29160,29740,29100,29400,24413.09375,8974550,24213.80078,24144.04766
2015-03-17,29400,30000,29200,29940,24861.49609,13661150,24490.59245,24396.4832
2015-03-18,29920,30120,29720,30060,24961.13867,12464350,24745.24284,24492.80742
2015-03-19,30200,30200,29400,29400,24413.09375,13225800,24745.24284,24569.20195
2015-03-20,29500,29600,29200,29280,24313.44531,12704950,24562.55924,24592.45351
2015-03-23,29240,29480,29160,29340,24363.26953,8122900,24363.26953,24582.48867
2015-03-24,29100,29560,29100,29520,24512.73438,9113150,24396.48307,24512.73633
2015-03-25,29740,29760,29440,29700,24662.20313,9369050,24512.73568,24452.94922
2015-03-26,29000,29120,28420,28420,23599.31836,21005950,24258.08529,24290.19414
2015-03-27,28300,28960,28300,28420,23599.31836,16065800,23953.61328,24147.36875
2015-03-30,28500,28680,28240,28560,23715.57031,8955500,23638.06901,24017.82891
2015-03-31,28980,29040,28600,28820,23931.47461,9842650,23748.78776,23901.57695
2015-04-01,28740,28740,28400,28460,23632.53711,7266050,23759.86068,23695.64375
2015-04-02,28680,28800,28460,28680,23815.2207,6903400,23793.07747,23738.82422
2015-04-03,28680,28800,28400,28680,23815.2207,6270150,23754.32617,23782.00469
2015-04-06,28860,29800,28700,29400,24413.09375,10582600,24014.51172,23921.50937
2015-04-07,29560,29700,29240,29240,24280.23047,9526050,24169.51497,23991.26055
2015-04-08,29400,29700,29200,29580,24562.55859,7773400,24418.6276,24177.26484
2015-04-09,29400,29780,29400,29660,24628.98828,9107550,24490.59245,24340.01836
2015-04-10,29600,29880,29560,29800,24745.23633,9960100,24645.5944,24526.02148
2015-04-13,29580,29820,29360,29580,24562.55859,10293300,24645.5944,24555.91445
2015-04-14,29700,29700,29300,29480,24479.51758,9429750,24595.77083,24595.77187
2015-04-15,29200,29400,28540,28920,24014.50781,13551050,24352.19466,24486.16172
2015-04-16,29240,29540,28940,29540,24529.3418,10762350,24341.1224,24466.23242
2015-04-17,29540,29560,28940,29000,24080.94141,10172300,24208.26367,24333.37344
2015-04-20,28920,28960,28460,28600,23748.78711,12394900,24119.69011,24170.61914
2015-04-21,28420,28900,28400,28880,23981.29688,11852650,23937.00847,24070.975
2015-04-22,28880,29460,28720,29220,24263.62109,12655550,23997.90169,24120.79766
2015-04-23,29400,29400,28800,29020,24097.54883,9245150,24114.1556,24034.43906
2015-04-24,28980,29100,28000,28200,23416.63672,19089900,23925.93555,23901.57813
2015-04-27,28200,28220,27500,27900,23167.52344,16517150,23560.56966,23785.32539
2015-04-28,27800,28000,27180,27320,22685.90625,15697300,23090.02214,23526.24727
2015-04-29,27340,27880,27280,27700,23001.44727,10895650,22951.62565,23273.8125
2015-04-30,27700,28360,27580,28200,23416.63672,18352850,23034.66341,23137.63008
2015-05-04,28140,28460,27940,28000,23250.5625,8283700,23222.88216,23104.41524
2015-05-06,27800,27820,27120,27240,22619.47852,13270500,23095.55925,22994.80625
2015-05-07,27240,27500,27080,27400,22752.33203,10257400,22874.12435,23008.09141
2015-05-08,27320,27400,26760,26760,22220.89648,9488100,22530.90234,22851.98125
2015-05-11,27200,27200,26720,26720,22187.67773,9640450,22386.96875,22606.18945
2015-05-12,26900,27060,26480,26620,22104.64258,10633200,22171.07226,22377.00547
2015-05-13,26980,26980,26520,26660,22137.85547,9877250,22143.39193,22280.68086
2015-05-14,26820,26860,26560,26800,22254.10938,8488500,22165.53581,22181.03633
2015-05-15,27100,27120,26420,26520,22021.60547,8922350,22137.85677,22141.17813
2015-05-18,26700,26700,26180,26400,21921.95508,9626850,22065.88998,22088.0336
2015-05-19,26420,27100,26140,26760,22220.89648,8680900,22054.81901,22111.28438
2015-05-20,26980,27400,26820,27320,22685.90625,10291450,22276.2526,22220.89453
2015-05-21,27420,27440,26880,27040,22453.39844,7210600,22453.40039,22260.75234
2015-05-22,27060,27060,26700,27000,22420.18164,8195800,22519.82878,22340.46758
2015-05-26,27320,27380,26720,27240,22619.47852,10034150,22497.6862,22479.97227
2015-05-27,27200,27320,26260,26280,21822.30859,17265450,22287.32292,22400.25469
2015-05-28,26340,26420,26020,26180,21739.28125,15048150,22060.35612,22210.92969
2015-05-29,26400,26420,25940,26140,21706.05859,17380750,21755.88281,22061.46172
2015-06-01,26000,26020,25760,25820,21440.33789,10921950,21628.55924,21865.49297
2015-06-02,26000,26060,25760,26060,21639.62695,8757550,21595.34114,21669.52265
2015-06-03,26060,26320,25300,25460,21141.40625,11769400,21407.1237,21533.34219
2015-06-04,26300,26820,26100,26740,22204.2832,19411950,21661.77213,21626.34258
2015-06-05,26500,27100,26400,26820,22270.71875,9828150,21872.13607,21739.27461
2015-06-08,26900,26940,26260,26280,21822.30859,10118950,22099.10351,21815.66875
2015-06-09,26000,26200,25360,25640,21290.87109,13735250,21794.63281,21745.91758
2015-06-10,25640,25880,25240,25240,20958.72266,12501700,21357.30078,21709.38086
2015-06-11,25260,25480,25060,25140,20875.67969,15314050,21041.75781,21443.66016
2015-06-12,25560,25740,25280,25540,21207.83594,11741500,21014.07943,21231.08359
2015-06-15,25100,25480,25100,25400,21091.58203,8067800,21058.36589,21084.93828
2015-06-16,25400,25480,24900,25100,20842.4707,12767600,21047.29622,20995.2582
2015-06-17,25000,25320,24800,25080,20825.85742,9452300,20919.97005,20968.68516
2015-06-18,25180,25580,25020,25300,21008.54688,8247600,20892.29167,20995.25859
2015-06-19,25320,25560,25200,25320,21025.14453,7094750,20953.18294,20958.72031
2015-06-22,25820,25920,25520,25620,21274.26953,6370900,21102.65365,20995.25781
2015-06-23,26180,26560,25820,26420,21938.56641,10159000,21412.66016,21214.47695
2015-06-24,26000,26220,25820,26040,21623.01953,10198000,21611.95182,21373.90938
2015-06-25,25800,26060,25380,25380,21074.97461,10695800,21545.52018,21387.19492
2015-06-26,25040,25800,25040,25560,21224.44141,10347500,21307.47852,21427.0543
2015-06-29,25380,25700,25120,25620,21290.92578,11519950,21196.7806,21430.38555
2015-06-30,25520,25700,25320,25360,21074.86133,9870350,21196.74284,21257.64453
2015-07-01,25360,26040,25180,25900,21523.61328,8324900,21296.4668,21237.76328
2015-07-02,25720,26080,25700,25980,21590.0918,8223000,21396.1888,21340.78672
2015-07-03,25740,25880,25340,25360,21074.86133,7130200,21396.1888,21310.8707
2015-07-06,25060,25200,24460,24600,20443.27344,10099950,21036.07552,21141.34024
2015-07-07,24400,25180,24400,24800,20609.48047,12478250,20709.20508,21048.26406
2015-07-08,24800,25020,24640,24780,20592.86523,11780950,20548.53971,20862.11445
2015-07-09,24600,25300,24520,25300,21024.99609,14030500,20742.44726,20749.09531
2015-07-10,25140,25320,24960,25180,20925.27148,9573400,20847.71093,20719.17734
2015-07-13,25000,25440,24900,25320,21041.61914,7672050,20997.29557,20838.84648
2015-07-14,25300,25400,24420,24500,20360.17383,19989700,20775.68815,20788.98515
2015-07-15,24500,24760,24480,24700,20526.37695,8370650,20642.72331,20775.6875
2015-07-16,24460,25740,24460,25640,21307.54102,11173450,20731.36393,20832.19648
2015-07-17,26000,26220,25560,26100,21689.81836,14861650,21174.57878,20985.10586
2015-07-20,25820,26080,25460,25500,21191.19922,6446400,21396.1862,21015.02188
2015-07-21,25500,25540,24940,25260,20991.75195,9702750,21290.92318,21141.3375
2015-07-22,24880,25200,24700,25060,20825.54688,13416150,21002.83268,21201.17149
2015-07-23,24880,25060,24680,24680,20509.75977,10448250,20775.6862,21041.61524
2015-07-24,24540,24760,24480,24580,20426.65625,9829200,20587.32097,20788.98281
2015-07-27,24580,24940,24560,24600,20443.27344,12152000,20459.89649,20639.39766
2015-07-28,24480,25020,24380,24600,20443.27344,13381350,20437.73438,20529.70196
2015-07-29,25000,25500,24620,25260,20991.75195,13734450,20626.09961,20562.94297
2015-07-30,25160,25200,24300,24300,20193.9707,15419600,20542.9987,20499.78516
2015-07-31,24400,24440,23500,23700,19695.34961,19579450,20293.69075,20353.52383
2015-08-03,23680,23680,23320,23500,19529.14648,9844550,19806.1556,20170.69844
2015-08-04,23500,23740,23400,23640,19645.49023,12844350,19623.32877,20011.14179
2015-08-05,23640,23640,23160,23180,19263.21875,12802500,19479.28515,19665.43515
2015-08-06,23100,23120,22300,22300,18531.91602,20199050,19146.875,19333.02422
2015-08-07,22400,22740,22300,22720,18880.94336,13787100,18892.02604,19170.14297
2015-08-10,22800,22840,22600,22820,18964.04883,5722500,18792.30274,19057.12344
2015-08-11,23020,23580,22960,23140,19229.97852,11664300,19024.99024,18974.0211
2015-08-12,23000,23280,22800,23080,19180.10938,11154000,19124.71224,18957.39922
2015-08-13,23060,23060,22760,22800,18947.42969,7520550,19119.17253,19040.50196
2015-08-14,22800,22800,22800,22800,18947.42969,0,19024.98959,19053.79922
2015-08-17,22800,22820,22080,22080,18349.08789,11360850,18747.98242,18930.80703
2015-08-18,22360,22820,22340,22620,18797.84766,11583600,18698.12175,18844.38086
2015-08-19,23380,23520,22820,23080,19180.10938,20070750,18775.68164,18844.38086
2015-08-20,23260,23420,22600,22780,18930.80469,10805950,18969.58724,18841.05586
2015-08-21,21980,22560,21920,22020,18299.2207,20442550,18803.37826,18711.41406
2015-08-24,21760,22300,20660,21580,17933.57227,22429600,18387.86589,18628.31094
2015-08-25,21580,22140,21340,21580,17933.57227,19625950,18055.45508,18455.45586
2015-08-26,21360,21480,21000,21340,17734.12695,27947600,17867.0905,18166.25938
2015-08-27,21640,21720,21260,21340,17734.12695,24769400,17800.60872,17926.92383
2015-08-28,21720,21720,21460,21620,17966.81445,23111150,17811.68945,17860.44258
2015-08-31,21420,21780,21040,21780,18099.78516,20415450,17933.57552,17893.68516
2015-09-01,21780,21960,21620,21700,18033.29297,12018600,18033.29753,17913.6293
2015-09-02,21380,21900,21300,21800,18116.40234,15634150,18083.16016,17990.08437
2015-09-03,22040,22500,21860,22440,18648.25391,15200350,18265.98307,18172.90977
2015-09-04,22440,22880,22360,22580,18764.59961,12570650,18509.75195,18332.4668
2015-09-07,22580,22580,22100,22240,18482.05273,9590250,18631.63542,18408.92031
2015-09-08,22260,22720,22120,22620,18797.84766,9116500,18681.5,18561.83125
2015-09-09,22920,22940,22720,22940,19063.77344,12968800,18781.22461,18751.30547
2015-09-10,22600,22780,22360,22680,18847.70703,18128400,18903.10938,18791.19609
2015-09-11,22520,22660,22300,22300,18531.91602,10208350,18814.4655,18744.65938
2015-09-14,22400,22480,22200,22480,18681.50195,8353650,18687.04167,18784.54922
2015-09-15,22280,22560,22260,22460,18664.87305,11647800,18626.09701,18757.9543
2015-09-16,22420,23140,22420,23040,19146.87305,17188150,18831.08268,18774.57422
2015-09-17,23060,23140,22880,23140,19229.97852,13698000,19013.90821,18851.02852
2015-09-18,22900,23840,22700,23800,19778.45117,21813500,19385.10091,19100.33555
2015-09-21,23260,23460,23000,23000,19113.63086,10267950,19374.02018,19186.76133
2015-09-22,22860,23000,22600,22900,19030.52539,12533750,19307.53581,19259.8918
2015-09-23,22880,22880,22500,22620,18797.84766,9882450,18980.66797,19190.08672
2015-09-24,22520,22700,22500,22520,18714.73828,6636050,18847.70378,19087.03867
2015-09-25,22400,22500,22180,22240,18482.05273,10458000,18664.87956,18827.75898
2015-09-30,22000,22680,21800,22680,18847.70703,22946800,18681.49935,18774.57422
2015-10-01,22800,22900,22420,22680,18847.70703,12052050,18725.82226,18738.01055
2015-10-02,22240,22660,22240,22380,18598.38867,13715100,18764.60091,18698.11875
2015-10-05,22380,22620,22300,22300,18531.91602,12096750,18659.33724,18661.5543
2015-10-06,22600,23100,22540,23020,19130.25,19149350,18753.51823,18791.19375
2015-10-07,23960,25040,23720,25020,20792.30664,39975100,19484.82422,19180.11367
2015-10-08,25000,25580,25000,25400,21108.09766,28533850,20343.55143,19632.1918
2015-10-12,25200,25260,24940,25200,20941.89063,18948700,20947.43164,20100.89219
2015-10-13,25200,25440,24960,25040,20808.93164,9900000,20952.97331,20556.29531
2015-10-14,24960,25200,24740,25080,20842.16602,8752550,20864.32943,20898.67852
2015-10-15,24880,25640,24860,25380,21091.47852,12425150,20914.19206,20958.51289
2015-10-16,25300,25380,25180,25300,21024.99609,7198400,20986.21354,20941.89258
2015-10-19,25140,25300,24980,25120,20875.41211,5853500,20997.29557,20928.59688
2015-10-20,25200,25460,25120,25320,21041.61914,7517350,20980.67578,20975.13438
2015-10-21,25300,25640,25180,25400,21108.09766,6978350,21008.3763,21028.3207
2015-10-22,25600,25900,25380,25600,21274.30469,11533650,21141.3405,21064.88594
2015-10-23,26000,26000,25560,25780,21423.88672,13153550,21268.76302,21144.66406
2015-10-26,25960,25960,25440,25840,21473.74805,7608250,21390.64649,21264.33125
2015-10-27,25640,25980,25620,25960,21573.4707,6612050,21490.36849,21370.70156
2015-10-28,25880,26160,25820,26160,21739.67969,13565150,21595.63281,21497.01797
2015-10-29,26600,27840,26480,26500,22022.22656,31523550,21778.45898,21646.60234
2015-10-30,26900,27800,26820,27440,22803.39453,25469250,22188.43359,21922.50391
2015-11-02,27700,27860,27480,27660,22986.22656,19327300,22603.94922,22224.99961
2015-11-03,27620,27620,27000,27040,22470.98633,15092000,22753.53581,22404.50273
2015-11-04,27040,27220,26520,26600,22105.33203,14053500,22520.84831,22477.6332
2015-11-05,26600,27080,26600,26840,22304.7793,8652100,22293.69922,22534.14375
2015-11-06,26860,26960,26600,26760,22238.29688,8216100,22216.13607,22421.12422
2015-11-09,26760,26880,26420,26880,22338.01758,9283050,22293.69792,22291.48242
2015-11-10,26720,26820,26280,26420,21955.74414,9877550,22177.35287,22188.43399
2015-11-11,26420,26900,26420,26660,22155.19336,7022450,22149.65169,22198.40625
2015-11-12,26660,26680,26340,26340,21889.26758,7870850,22000.06836,22115.30391
2015-11-13,26340,26340,26000,26000,21606.71484,8883850,21883.72526,21988.9875
2015-11-16,25820,25820,25260,25260,20991.75195,13785250,21495.91146,21719.73437
2015-11-17,25500,25800,25400,25400,21108.09766,9309200,21235.52148,21550.20508
2015-11-18,25440,25800,25440,25620,21290.92578,8386750,21130.25846,21377.35156
2015-11-19,25800,25800,25420,25780,21423.88672,9642500,21274.30339,21284.27539
2015-11-20,25780,25920,25560,25700,21357.40625,8436000,21357.40625,21234.41367
2015-11-23,25700,26040,25620,25640,21307.54102,9941000,21362.94466,21297.57149
2015-11-24,25640,26100,25640,25980,21590.0918,7978000,21418.34636,21393.97031
2015-11-25,26000,26200,25980,25980,21590.0918,7131350,21495.90821,21453.80352
2015-11-26,25980,26800,25980,26700,22188.43359,9290000,21789.53906,21606.71289
2015-11-27,26900,26980,26540,26540,22055.4668,8492700,21944.66406,21746.325
2015-11-30,26500,26500,25680,25680,21340.78711,26700300,21861.5625,21752.97422
2015-12-01,25880,26440,25760,26420,21955.74414,12605650,21783.99935,21826.10469
2015-12-02,26420,26440,25880,26000,21606.71484,11481400,21634.41536,21829.4293
2015-12-03,25900,25940,25720,25800,21440.51172,8334750,21667.6569,21679.84492
2015-12-04,25500,25600,25340,25380,21091.47852,9635550,21379.56836,21487.04727
2015-12-07,25380,25500,25240,25240,20975.13477,9805350,21169.04167,21413.9168
2015-12-08,25240,25440,25240,25240,20975.13477,6916100,21013.91602,21217.79492
2015-12-09,25240,25500,25240,25260,20991.75195,9090600,20980.67383,21094.80235
2015-12-10,25260,25860,25260,25660,21324.16797,15193350,21097.01823,21071.5336
2015-12-11,25660,25900,25440,25680,21340.78711,10336450,21218.90234,21121.39531
2015-12-14,25460,25460,25100,25220,20958.51953,11140050,21207.82487,21118.07227
2015-12-15,25220,25600,25200,25540,21224.44336,8774700,21174.58333,21167.93398
2015-12-16,25560,26200,25560,25980,21590.0918,10398100,21257.6849,21287.60195
2015-12-17,26020,26160,25500,25800,21440.51172,8733850,21418.34896,21310.8707
2015-12-18,25300,25760,25280,25560,21241.0625,8418450,21423.88867,21290.92578
2015-12-21,25560,25700,25220,25600,21274.30469,8023300,21318.6263,21354.08281
2015-12-22,25600,25840,25340,25840,21473.74805,10309600,21329.70508,21403.94375
2015-12-23,25840,25980,25640,25900,21523.61328,10357400,21423.88867,21390.64805
2015-12-24,25900,26000,25700,25700,21357.40625,7807550,21451.58919,21374.02695
2015-12-28,25700,25780,25320,25320,21041.61914,11361500,21307.54622,21334.13828
2015-12-29,25300,25320,24820,25080,21176.71094,11647200,21191.91211,21314.61953
2015-12-30,25200,25440,25080,25200,21278.03711,10197900,21165.45573,21275.47734
2016-01-04,25200,25200,24100,24100,20349.23633,15346950,20934.66146,21040.60195
2016-01-05,24040,24360,23720,24160,20399.89844,10800100,20675.72396,20849.10039
2016-01-06,24160,24160,23360,23500,19842.61523,18337600,20197.25,20609.29961
2016-01-07,23320,23660,23020,23260,19639.96484,14119400,19960.82617,20301.95039
2016-01-08,23260,23720,23260,23420,19775.06641,12888150,19752.54883,20001.35625
2016-01-11,23120,23320,22920,23040,19454.20703,12063850,19623.07943,19822.35039
2016-01-12,22960,23320,22880,22920,19352.88672,10314150,19527.38672,19612.94805
2016-01-13,23060,23180,22960,22960,19386.6582,7165800,19397.91732,19521.75664
2016-01-14,22620,22840,22620,22760,19217.7832,10451100,19319.10937,19437.32031
2016-01-15,22800,23040,22480,22640,19116.46094,10473200,19240.30078,19305.59922
2016-01-18,21760,22660,21760,22520,19015.13477,16010700,19116.45964,19217.78477
2016-01-19,22560,23420,22560,23420,19775.06641,10362100,19302.22071,19302.2207
2016-01-20,23200,23200,22640,22760,19217.7832,8352600,19335.99479,19268.4457
2016-01-21,22660,23100,22500,22620,19099.57813,9517600,19364.14258,19244.80469
2016-01-22,22900,23360,22900,23360,19724.40234,7376400,19347.25456,19366.39297
2016-01-25,23440,23520,23120,23240,19623.08594,7995650,19482.35547,19487.9832
2016-01-26,23100,23140,22720,22740,19200.89844,7619950,19516.12891,19373.14961
2016-01-27,22520,23500,22520,23500,19842.61523,13811850,19555.5332,19498.11602
2016-01-28,23280,23360,22780,22900,19335.99219,15795600,19459.83529,19545.39883
2016-01-29,22800,23000,22320,23000,19420.43164,21849150,19533.01302,19484.60469
2016-02-01,23040,23260,23020,23260,19639.96484,12998950,19465.46289,19487.98047
2016-02-02,23220,23320,22940,23120,19521.75391,8317400,19527.38346,19552.15156
2016-02-03,23000,23040,22740,22920,19352.88672,8725350,19504.86849,19454.20586
2016-02-04,23000,23220,22960,23120,19521.75391,12397950,19465.46485,19491.3582
2016-02-05,23120,23380,23120,23280,19656.85938,9404700,19510.5,19538.64375
2016-02-11,22360,22740,22360,22600,19082.68945,15263100,19420.43425,19427.18867
2016-02-12,22600,23020,22440,22600,19082.68945,12811600,19274.07943,19339.37578
2016-02-15,23080,23200,22880,23080,19487.97656,9157300,19217.78515,19366.39375
2016-02-16,23160,23580,23140,23360,19724.40234,9020050,19431.68945,19406.92344
2016-02-17,23580,24020,23380,23700,20011.48633,12303100,19741.28841,19477.84883
2016-02-18,24060,24060,23560,23740,20045.26172,11124050,19927.05013,19670.36328
2016-02-19,23740,23900,23480,23800,20095.92188,8842600,20050.88998,19873.00977
2016-02-22,23800,23840,23320,23500,19842.61523,8744950,19994.59961,19943.9375
2016-02-23,23580,23780,23460,23620,19943.93945,7383700,19960.82552,19987.84492
2016-02-24,23560,23580,23220,23440,19791.94922,7024200,19859.5013,19943.9375
2016-02-25,23440,23740,23440,23580,19910.16406,6681750,19882.01758,19916.91797
2016-02-26,23600,23740,23440,23440,19791.94922,8867200,19831.35417,19856.12344
2016-02-29,23580,23880,23520,23560,19893.27734,14434000,19865.13021,19866.25586
2016-03-02,24000,24140,23920,23940,20214.13477,11818600,19966.45378,19920.29492
2016-03-03,24260,24400,24040,24400,20602.55078,10949550,20236.6543,20082.41523
2016-03-04,24400,24560,24040,24300,20518.11133,10074500,20444.93229,20204.00469
2016-03-07,24400,24620,24300,24460,20653.20313,6568800,20591.28841,20376.25547
2016-03-08,24460,24480,23720,23840,20129.70313,10810100,20433.67253,20423.54063
2016-03-09,23760,23980,23540,23880,20163.47656,9169000,20315.46094,20413.40899
2016-03-10,24160,24720,24020,24500,20686.98242,14177000,20326.7207,20430.29531
2016-03-11,24500,25060,24320,24980,21092.2832,13361250,20647.58073,20545.12969
2016-03-14,25340,25460,24980,25100,21193.60352,10857700,20990.95638,20653.20977
2016-03-15,25100,25280,24920,25060,21159.82617,8640400,21148.57096,20859.23437
2016-03-16,25120,25260,25060,25120,21210.49023,7342800,21187.97331,21068.63711
2016-03-17,25300,25920,25140,25260,21328.69922,12343450,21233.00521,21196.98047
2016-03-18,25560,25560,25260,25460,21497.57813,11265700,21345.58919,21278.03945
2016-03-21,25480,25580,25160,25340,21396.24609,9058500,21407.50781,21318.56797
2016-03-22,25340,25580,25240,25380,21430.02539,10143600,21441.2832,21372.60781
2016-03-23,25380,25580,25240,25580,21598.89258,9870900,21475.05469,21450.28828
2016-03-24,25580,25800,25320,25640,21649.55664,10939750,21559.49154,21514.45977
2016-03-25,25660,25800,25560,25760,21750.88281,7172300,21666.44401,21565.1207
2016-03-28,25760,26000,25760,25880,21852.21094,6060900,21750.88346,21656.31367
2016-03-29,25880,26000,25700,25800,21784.66211,8622700,21795.91862,21727.24102
2016-03-30,26200,26420,26040,26160,22088.63086,13380250,21908.5013,21825.18867
2016-03-31,26120,26280,25960,26240,22156.17773,19130750,22009.82357,21926.51289
2016-04-01,25980,26180,25420,25580,21598.89258,13557800,21947.90039,21896.11484
2016-04-04,25580,26100,25580,26100,22037.96875,9402300,21931.01302,21933.26641
2016-04-05,25980,25980,25200,25200,21278.03711,11815950,21638.29948,21831.94141
2016-04-06,25380,25820,25360,25700,21700.22266,9211700,21672.07617,21754.25977
2016-04-07,26000,26000,25160,25380,21430.02539,12939750,21469.42839,21609.0293
2016-04-08,25380,25380,24800,24920,21041.61914,12593400,21390.6224,21497.57461
2016-04-11,24920,25420,24920,25320,21379.36523,6034650,21283.66992,21365.85391
2016-04-12,25400,25620,25320,25500,21531.34766,6702700,21317.44401,21416.51602
2016-04-14,26000,26040,25780,26000,21953.53125,16766350,21621.41471,21467.17773
2016-04-15,26180,26200,25800,26000,21953.53125,6829950,21812.80339,21571.87891
2016-04-18,25900,26100,25840,25980,21936.64258,6423700,21947.90169,21750.88359
2016-04-19,25880,25920,25660,25760,21750.88281,7238300,21880.35221,21825.18711
2016-04-20,25640,26000,25640,25980,21936.64258,8598600,21874.72266,21906.24609
2016-04-21,26000,26020,25760,25880,21852.21094,7254450,21846.57878,21885.98203
2016-04-22,25880,25880,25540,25600,21615.78711,5741500,21801.54688,21818.4332
2016-04-25,25700,25700,25420,25620,21632.67383,4597850,21700.22396,21757.63945
2016-04-26,25700,26100,25660,25920,21885.98242,8345050,21711.48112,21784.65938
2016-04-27,25880,26000,25720,26000,21953.53125,8297300,21824.0625,21788.03711
2016-04-28,26000,26000,25220,25300,21362.47656,14653450,21733.99674,21690.09023
2016-04-29,25200,25340,24840,24900,21024.72852,16253900,21446.91211,21571.87852
2016-05-02,24940,25240,24900,25000,21109.16016,7027600,21165.45508,21467.17578
2016-05-03,25340,25400,25120,25220,21294.93164,7903300,21142.94011,21348.96563
2016-05-04,25440,25800,25240,25800,21784.66211,14702750,21396.2513,21315.1918
2016-05-09,25800,26000,25700,25980,21936.64258,13718100,21672.07878,21430.025
2016-05-10,25980,26000,25760,25920,21885.98242,8559550,21869.0957,21602.27578
2016-05-11,25920,25980,25740,25840,21818.43164,8834400,21880.35221,21744.13008
2016-05-12,25840,25840,25500,25620,21632.67383,7615100,21779.0293,21811.67852
2016-05-13,25620,25620,25020,25060,21159.82617,12284900,21536.97721,21686.71133
2016-05-16,25060,25260,24940,24960,21075.39258,11720150,21289.29753,21514.46133
2016-05-17,24980,25300,24980,25280,21345.58984,9183550,21193.60286,21406.38281
2016-05-18,25280,25420,25100,25360,21413.14258,9169600,21278.04167,21325.325
2016-05-19,25360,25540,25320,25400,21446.91211,10012450,21401.88151,21288.17266
2016-05-20,25400,25600,25380,25380,21430.02539,7960550,21430.02669,21342.2125
2016-05-23,25380,25720,25380,25720,21717.10938,8112550,21531.34896,21470.55586
2016-05-24,25720,25780,25360,25420,21463.79883,10434600,21536.97787,21494.19766
2016-05-25,25660,25960,25480,25900,21869.09766,11862750,21683.33529,21585.38867
2016-05-26,25980,26060,25900,25920,21885.98242,12653650,21739.6263,21673.20274
2016-05-27,26000,26020,25460,25640,21649.55664,13744550,21801.54557,21717.10899
2016-05-30,25940,25940,25480,25600,21615.78711,10315350,21717.10872,21696.84453
2016-05-31,25600,26000,25360,25840,21818.43164,62527700,21694.5918,21767.77109
2016-06-01,25960,26820,25900,26660,22510.81445,23504000,21981.67773,21896.11445
2016-06-02,27000,27440,26920,27300,23051.21484,23806950,22460.15364,22129.16094
2016-06-03,27400,27580,27280,27540,23253.86133,17066200,22938.63021,22450.02187
2016-06-07,27720,28040,27600,27960,23608.48828,23142150,23304.52148,22848.56211
2016-06-08,28380,28380,27780,28120,23743.58789,18808100,23535.3125,23233.59336
2016-06-09,28160,28600,28120,28600,24148.88281,25768750,23833.65299,23561.20703
2016-06-10,28480,28500,28080,28120,23743.58789,14484050,23878.6862,23699.68164
2016-06-13,27920,27920,27240,27420,23152.5332,15248300,23681.66797,23679.41601
2016-06-14,27420,27720,27380,27600,23304.51758,12273050,23400.21289,23618.62187
2016-06-15,27700,28320,27660,28260,23861.79688,15334450,23439.61589,23642.26367
2016-06-16,28260,28340,27900,28180,23794.25,14621550,23653.52149,23571.33711
2016-06-17,28200,28700,28200,28520,24081.33594,16419700,23912.46094,23638.88672
2016-06-20,28540,28960,28520,28620,24165.77148,13515800,24013.78581,23841.53438
2016-06-21,28640,28980,28520,28960,24452.86133,10020550,24233.32292,24071.20313
2016-06-22,28920,29000,28620,28900,24402.19336,8948250,24340.27539,24179.28242
2016-06-23,28880,28900,28540,28600,24148.88281,11256300,24334.64583,24250.20898
2016-06-24,28900,28900,27200,28000,23642.26563,20552600,24064.44727,24162.39492
2016-06-27,28000,28100,27700,27960,23608.48828,11839000,23799.87891,24050.93828
2016-06-28,27800,28080,27580,27980,23625.38086,10718950,23625.37826,23885.44219
2016-06-29,28160,28240,27820,27920,23591.58203,10527050,23608.48372,23723.31992
2016-06-30,28160,28900,27940,28500,24081.66016,13671700,23766.20768,23709.87539
2016-07-01,28540,29580,28540,29320,24774.53711,14393600,24149.25977,23936.32969
2016-07-04,29280,29480,29020,29320,24774.53711,7995000,24543.57813,24169.53945
2016-07-05,29320,29500,29240,29380,24825.23828,7870350,24791.4375,24409.51094
2016-07-06,28940,29040,28240,28420,24014.0625,16749150,24537.94596,24494.00703
2016-07-07,28420,29000,28320,29000,24504.14648,11495200,24447.81575,24578.5043
2016-07-08,29000,29500,28980,29200,24673.14063,13498150,24397.11654,24558.225
2016-07-11,29200,30000,29200,29780,25163.22266,14056800,24780.16992,24635.96211
2016-07-12,29980,30100,29200,29280,24740.74023,11024700,24859.03451,24619.0625
2016-07-13,29920,29920,29260,29620,25028.0293,10009900,24977.33073,24821.85586
2016-07-14,29620,30000,29520,30000,25349.11328,12430250,25039.29427,24990.84922
2016-07-15,30000,30440,29720,30360,25653.30273,11623150,25343.48177,25186.88164
2016-07-18,30360,30660,30000,30660,25906.80273,11567200,25636.40625,25335.59765
2016-07-19,30560,30800,30440,30660,25906.80273,10122250,25822.30273,25568.81015
2016-07-20,30660,30840,30480,30800,26025.08984,7773150,25946.23177,25768.22226
2016-07-21,30800,30940,30740,30860,26075.78906,8544700,26002.56054,25913.55742
2016-07-22,30120,30560,30120,30320,25619.50977,8585150,25906.79622,25906.79883
2016-07-25,30000,30460,29900,30040,25382.91406,7732500,25692.73763,25802.02109
2016-07-26,30000,30620,29960,30600,25856.09961,7228500,25619.50781,25791.88047
2016-07-27,30240,30580,30240,30540,25805.4043,6335050,25681.47266,25747.94336
2016-07-28,30660,30720,29960,30140,25467.41406,9503700,25709.63932,25626.26836
2016-07-29,30400,31140,30220,30780,26008.20117,14985600,25760.33984,25704.00664
2016-08-01,31380,31600,31200,31360,26498.27539,11515400,25991.29687,25927.07891
2016-08-02,31360,31360,30920,30960,26160.28906,8315800,26222.25521,25987.9168
2016-08-03,30960,30960,30340,30340,25636.4082,7504900,26098.32422,25954.11758
2016-08-04,30380,30660,30340,30340,25636.4082,7009950,25811.03515,25987.9164
2016-08-05,30580,31280,30500,31220,26379.98438,6958850,25884.26693,26062.27305
2016-08-08,31320,31500,31120,31380,26515.17969,11125150,26177.19076,26065.65391
2016-08-09,31480,31580,31140,31340,26481.37891,9023200,26458.84766,26129.87188
2016-08-10,31340,31400,30680,30820,26041.99805,12340350,26346.18555,26210.98985
2016-08-11,30820,31180,30520,31180,26346.18555,10533600,26289.85417,26352.94532
2016-08-12,31180,31400,30880,30900,26109.59375,10474850,26165.92578,26298.86719
2016-08-16,30900,31520,30900,31360,26498.27539,10843100,26318.01823,26295.48633
2016-08-17,31380,31400,31020,31320,26464.48242,7446450,26357.45052,26292.10703
2016-08-18,31340,32880,31320,32800,27715.03711,18327050,26892.59831,26626.71484
2016-08-19,32760,33500,32720,33500,28306.50781,16805150,27495.34245,27018.7793
2016-08-22,33480,33840,33180,33300,28137.52148,12612200,28053.02213,27424.36484
2016-08-23,33300,33880,33140,33740,28509.31055,11545700,28317.77995,27826.57187
2016-08-24,33600,33640,32720,33060,27934.73047,15938550,28193.85417,28120.62148
2016-08-25,32600,33180,32440,32780,27698.13477,14173800,28047.39193,28117.24102
2016-08-26,32120,32460,32060,32240,27241.85156,12058000,27624.9056,27904.30977
2016-08-29,32040,32800,31940,32800,27715.03711,8925750,27551.67448,27819.81289
2016-08-30,32940,33420,32660,32900,27799.53125,7849600,27585.47331,27677.85703
2016-08-31,32820,32820,32220,32400,27377.04492,20532200,27630.53776,27566.31992
2016-09-01,31660,31760,31260,31740,26819.36523,18790150,27331.98047,27390.56601
2016-09-02,31900,32260,31760,31940,26988.35742,8153000,27061.58919,27339.86719
2016-09-05,31800,32300,31700,32120,27140.45898,8383800,26982.72721,27224.95156
2016-09-06,32140,32900,31940,32860,27765.73242,7660150,27298.18294,27218.19179
2016-09-07,32960,33040,32420,32420,27393.94727,9591850,27433.37956,27221.57226
2016-09-08,32460,32780,32280,32780,27698.13477,12070850,27619.27149,27397.32617
2016-09-09,32220,32360,31280,31500,26616.57422,13258400,27236.21875,27322.96953
2016-09-12,29800,30120,29120,29300,24757.63867,26499350,26357.44922,26846.40547
2016-09-13,30160,30980,29900,30540,25805.4043,24717250,25726.53906,26454.33985
2016-09-19,30760,31380,30720,31160,26329.28516,22408150,25630.77604,26241.40742
2016-09-20,31180,31760,31180,31700,26785.56836,12921150,26306.75261,26058.89414
2016-09-21,31900,32020,31520,31840,26903.86133,10509050,26672.90495,26116.35156
2016-09-22,32000,32820,31980,32360,27343.24609,11429950,27010.89193,26633.47305
2016-09-23,31640,31960,31320,31420,26548.97461,18299650,26932.02734,26782.18711
2016-09-26,31420,31920,31280,31360,26498.27539,14524800,26796.83203,26815.98516
2016-09-27,31000,31500,30660,31380,26515.17969,9834400,26520.8099,26761.90742
2016-09-28,31080,31460,31080,31340,26481.37891,8706400,26498.278,26677.41094
2016-09-29,31460,32380,31440,32000,27039.05664,11397550,26678.53841,26616.57305
2016-09-30,31800,32300,31700,31960,27005.25977,11762700,26841.89844,26707.83008
2016-10-04,32200,32480,32120,32280,27275.65039,13053100,27106.6556,26863.30508
2016-10-05,32020,32520,31940,32380,27360.14844,12470450,27213.6862,27032.29883
2016-10-06,33920,34000,33340,33820,28576.90625,29558150,27737.56836,27451.4043
2016-10-07,34000,34320,33800,34120,28830.39453,26050550,28255.81641,27809.67188
2016-10-10,33000,33780,32560,33600,28391.01563,25293300,28599.4388,28086.82305
2016-10-11,32000,32500,30900,30900,26109.59375,38427150,27777.0013,27853.61172
2016-10-12,29900,30900,29880,30700,25940.59766,39088550,26813.73568,27569.70156
2016-10-13,31000,31620,30900,31140,26312.38281,21864550,26120.85807,27116.79688
2016-10-14,30960,31760,30940,31540,26650.37305,14158950,26301.11784,26680.79258
2016-10-17,31300,32040,30760,31800,26870.06445,12785200,26610.9401,26376.60234
2016-10-18,31440,31900,31440,31780,26853.16602,10384500,26791.20117,26525.3168
2016-10-19,31580,32860,31500,32500,27461.54688,15444550,27061.59245,26829.50664
2016-10-20,32520,33020,32180,32400,27377.04492,10330450,27230.58594,27042.43906
2016-10-21,32120,32260,31760,31780,26853.16602,10477500,27230.58594,27082.99766
2016-10-24,31860,32160,31800,32160,27174.25,9289950,27134.82031,27143.83477
2016-10-25,32000,32080,31840,31940,26988.35742,9866100,27005.25781,27170.87305
2016-10-26,31940,31980,31240,31340,26481.37891,10534000,26881.32878,26974.83945
2016-10-27,31420,32340,31120,31460,26582.77344,14117000,26684.16992,26815.98516
2016-10-28,31600,32280,31600,32280,27275.65039,10214200,26779.93425,26900.48203
2016-10-31,32320,32780,32220,32780,27698.13477,12067200,27185.51953,27005.25899
2016-11-01,32600,33040,32240,33040,27917.82813,10347400,27630.53776,27191.15313
2016-11-02,32800,33040,32620,32860,27765.73242,10099250,27793.89844,27448.02383
2016-11-03,32600,32800,32120,32320,27309.45313,10341850,27664.33789,27593.35977
2016-11-04,32100,32680,32100,32540,27495.33984,7103850,27523.50846,27637.29766
2016-11-07,32940,33000,32680,32800,27715.03711,7661900,27506.61003,27640.67813
2016-11-08,32980,32980,32700,32880,27782.63477,5417450,27664.33724,27613.63945
2016-11-09,32920,33140,31820,31920,26971.46094,15683600,27489.71094,27454.78516
2016-11-10,32600,33000,32360,32980,27867.12695,11795350,27540.40755,27566.31992
2016-11-11,31700,32360,31700,31960,27005.25977,12836800,27281.28255,27468.30391
2016-11-14,31900,31920,31040,31060,26244.78711,15133300,27039.05794,27174.25391
2016-11-15,31060,31620,30780,30780,26008.20117,13665700,26419.41602,26819.36719
2016-11-16,30800,31280,30800,31160,26329.28516,13308200,26194.09115,26690.93203
2016-11-17,31100,31520,30900,31360,26498.27539,7870550,26278.58724,26417.16172
2016-11-18,31640,31760,31400,31720,26802.46875,9460750,26543.3431,26376.60352
2016-11-21,31300,32120,31300,31860,26920.76172,8180200,26740.50195,26511.79844
2016-11-22,32140,32900,32000,32800,27715.03711,9751100,27146.08919,26853.16563
2016-11-23,33220,33220,32520,32980,27867.12695,12668600,27500.97526,27160.73398
2016-11-24,32980,33040,32660,33000,27884.02734,7757150,27822.0638,27437.88437
2016-11-25,32820,33040,32660,33000,27884.02734,6276900,27878.39388,27654.19609
2016-11-28,33000,33620,32800,33540,28340.31055,13294050,28036.12174,27938.10586
2016-11-29,33800,33960,33380,33540,28340.31055,18081300,28188.21615,28063.16055
2016-11-30,33540,34940,33540,34920,29506.37305,28535200,28728.99805,28391.00977
2016-12-01,34800,35060,34660,34980,29557.07422,15535350,29134.58594,28725.61914
2016-12-02,34480,34760,34140,34540,29185.27734,15352950,29416.24154,28985.86914
2016-12-05,34340,34680,34220,34360,29033.1875,8484600,29258.51302,29124.44453
2016-12-06,34440,35200,34400,34960,29540.17188,14001800,29252.87891,29364.4168
2016-12-07,35040,35480,35040,35440,29945.75586,9603650,29506.37175,29452.29336
2016-12-08,35980,36020,35520,35800,30249.95313,16462550,29911.96029,29590.86914
2016-12-09,35900,35900,35400,35600,30080.95313,10652450,30092.22071,29770.0043
2016-12-12,34660,35360,34660,35040,29607.76758,11414450,29979.55795,29884.92032
2016-12-13,34620,35440,34620,35320,29844.36328,11684450,29844.36133,29945.7586
2016-12-14,35560,35680,35280,35540,30030.25977,7455100,29827.46354,29962.65938
2016-12-15,34820,35500,34820,35180,29726.06641,5773550,29866.89649,29857.88203
2016-12-16,35300,36020,35200,35860,30300.64453,11747700,30018.99024,29901.82031
2016-12-19,35620,36380,35620,35900,30334.44141,5435800,30120.38412,30047.15508
2016-12-20,35920,36400,35840,36240,30621.73438,7615200,30418.94011,30202.6293
2016-12-21,36360,36600,36020,36100,30503.43945,6552100,30486.53841,30297.26524
2016-12-22,36260,36300,35980,36180,30571.03711,6354600,30565.40365,30466.25938
2016-12-23,36020,36080,35600,35640,30114.74609,8334850,30396.40755,30429.07969
2016-12-26,35600,36000,35560,35960,30385.14453,4823600,30356.97591,30439.22031
2016-12-27,35980,36200,35860,35980,30402.04688,4653450,30300.64583,30395.28281
2016-12-28,35840,35980,35600,35760,30685.21094,6662900,30490.80078,30431.63711
2016-12-29,35420,36040,35400,36040,30925.46875,7516450,30670.90886,30502.52344
2017-01-02,35980,36240,35880,36100,30976.96094,4650600,30862.54688,30674.96641
2017-01-03,36280,36620,36020,36480,31303.02539,7357650,31068.48503,30858.54258
2017-01-04,36500,36520,36100,36160,31028.44531,7971750,31102.81055,30983.82227
2017-01-05,36060,36060,35540,35560,30513.59766,10967450,30948.35612,30949.49961
2017-01-06,36180,36440,36040,36200,31062.76953,8880950,30868.27083,30976.95977
2017-01-09,36600,37500,36560,37220,31938.02148,13194900,31171.46289,31169.17187
2017-01-10,37280,37400,37080,37240,31955.17578,9099800,31651.98893,31299.60195
2017-01-11,37520,38560,37420,38280,32847.58984,12018150,32246.92903,31663.43086
2017-01-12,38000,38800,37980,38800,33293.79297,11669150,32698.85286,32219.46992
2017-01-13,38100,38320,37460,37460,32143.95703,15954450,32761.77995,32435.70742
2017-01-16,36860,37820,36320,36660,31457.49414,16611500,32298.41471,32339.60195
2017-01-17,36580,37460,36580,36960,31714.91602,8150700,31772.1224,32291.55
2017-01-18,37040,37500,36620,36940,31697.75586,8875400,31623.38867,32061.5832
2017-01-19,37720,37920,37020,37480,32161.11719,9418900,31857.92969,31835.04805
2017-01-20,37120,37420,36880,37200,31920.85938,9185000,31926.57748,31790.42852
2017-01-23,37200,38060,37000,38060,32658.8125,8810400,32246.92969,32030.69219
2017-01-24,38120,38580,37880,38160,32744.61523,11048750,32441.42904,32236.63203
2017-01-25,38340,39400,38320,39400,33808.64063,13433850,33070.68945,32658.80899
2017-01-26,39420,40000,39420,39900,34237.69922,15214500,33596.98503,33074.12539
2017-01-31,39900,39900,39460,39460,33860.13672,17992200,33968.82552,33461.98086
2017-02-01,39540,39660,39040,39120,33568.38281,14150400,33888.73958,33643.89492
2017-02-02,39600,39660,39200,39360,33774.32031,15029300,33734.27995,33849.83594
2017-02-03,39400,39500,39180,39460,33860.13672,10386350,33734.27995,33860.13516
2017-02-06,39580,39660,39140,39560,33945.94141,8860700,33860.13281,33801.78359
2017-02-07,39560,39580,38760,38820,33310.96094,14041800,33705.67969,33691.94844
2017-02-08,38740,38780,38200,38400,32950.5625,17092950,33402.48828,33568.38438
2017-02-09,38780,38840,38220,38400,32950.5625,13694150,33070.69531,33403.63281
2017-02-10,38400,38760,38300,38360,32916.23828,11020750,32939.12109,33214.85313
2017-02-13,37740,38060,37720,37960,32573,11102050,32813.26693,32940.26484
2017-02-14,37960,38260,37320,37580,32246.92969,13124150,32578.72266,32727.45859
2017-02-15,37080,37960,37080,37720,32367.05273,14191550,32395.66081,32610.75664
2017-02-16,37800,38360,37780,38020,32624.48828,10226350,32412.82357,32545.5418
2017-02-17,37560,38040,37280,37860,32487.18945,15377450,32492.91015,32459.73203
2017-02-20,38220,38780,38160,38660,33173.66016,7485800,32761.7793,32579.86406
2017-02-21,38540,39560,38420,38940,33413.92578,10562600,33024.92513,32813.26328
2017-02-22,39000,39340,38980,39300,33722.84766,8539450,33436.8112,33084.42227
2017-02-23,39020,39440,39020,39180,33619.86328,10217300,33585.54557,33283.49727
2017-02-24,38960,39100,38060,38220,32796.10547,9296850,33379.60547,33345.28047
2017-02-27,38020,38140,37700,38060,32658.8125,9033700,33024.92708,33242.31094
2017-02-28,38060,38760,37960,38440,32984.88672,15088700,32813.26823,33156.50313
2017-03-02,38420,39860,38420,39720,34083.23828,21249800,33242.3125,33228.58125
2017-03-03,39340,39720,39160,39620,33997.4375,12708700,33688.52083,33304.09609
2017-03-06,39220,40220,39220,40080,34392.14844,12234850,34157.60807,33623.30469
2017-03-07,39800,40320,39800,40200,34495.11328,10553250,34294.89974,33990.56484
2017-03-08,40200,40620,40140,40200,34495.11328,12140950,34460.79167,34292.61016
2017-03-09,40200,40300,40020,40200,34495.11328,14372250,34495.11328,34374.98516
2017-03-10,39960,40420,39860,40180,34477.96094,10227800,34489.39583,34471.08984
2017-03-13,40040,40980,40040,40600,34838.35547,7424100,34603.8099,34560.33125
2017-03-14,40620,41540,40500,41360,35490.5,11325050,34935.60547,34759.40859
2017-03-15,40800,41440,40800,41400,35524.82031,9587850,35284.55859,34965.35
2017-03-16,41800,42180,41540,41840,35902.375,9933150,35639.23177,35246.80234
2017-03-17,41800,42500,41720,42400,36382.90625,12602300,35936.70052,35627.79141
2017-03-20,42000,42120,41740,41900,35953.87109,10250050,36079.71745,35850.89453
2017-03-21,41780,42680,41760,42560,36520.20703,14220150,36285.66146,36056.83594
2017-03-22,41600,42460,41580,42460,36434.40234,16427250,36302.82682,36238.75234
2017-03-23,42200,42360,41700,41800,35868.0625,15397100,36274.22396,36231.88984
2017-03-24,41600,41980,41080,41500,35610.63672,12808150,35971.03385,36077.43594
2017-03-27,41200,41880,41180,41200,35353.20313,12177650,35610.63412,35957.30234
2017-03-28,41560,41840,41380,41480,35593.47266,8216250,35519.10417,35771.95547
2017-03-29,41740,41960,41580,41780,35850.89453,10093250,35599.19011,35655.25391
2017-03-30,41880,42440,41880,41980,36143.625,8204000,35862.66406,35710.36641
2017-03-31,41820,42020,41200,41200,35472.07422,10500300,35822.19792,35682.65391
2017-04-03,41400,41720,41300,41440,35678.70703,9579400,35764.80208,35747.75469
2017-04-04,41600,42180,41520,42080,36229.71875,12255500,35793.5,35875.00391
2017-04-05,41900,42240,41700,42140,36281.38672,10699700,36063.27083,35961.10234
2017-04-06,42000,42080,41600,41840,36023.09375,9683400,36178.06641,35936.99609
2017-04-07,41800,41820,41160,41600,35816.45703,10021000,36040.3125,36005.87266
2017-04-10,41940,41940,41500,41940,36109.19531,7141350,35982.91536,36091.97031
2017-04-11,41940,41940,41580,41600,35816.45703,7172900,35914.03646,36009.31797
2017-04-12,41860,41940,41700,41900,36074.75,8274900,36000.13411,35967.99062
2017-04-13,41660,42460,41660,42420,36522.44922,9040800,36137.88542,36067.86172
2017-04-14,42160,42260,41760,42020,36178.07031,5462850,36258.42318,36140.18437
2017-04-17,42000,42080,41520,41560,35782.01953,5224750,36160.84635,36074.74922
2017-04-18,41680,41820,41280,41500,35730.35938,6860650,35896.81641,36057.52969
2017-04-19,41300,41420,40900,40900,35213.78125,11762900,35575.38672,35885.33594
2017-04-20,40580,40800,40080,40280,34679.97656,21148850,35208.03906,35516.84141
2017-04-21,40480,41400,40480,40760,35093.24609,15130500,34995.66797,35299.87656
2017-04-24,41260,41260,40920,41240,35506.50781,8990150,35093.24349,35244.77422
2017-04-25,41460,42740,41320,42700,36763.52344,19299600,35787.75911,35451.40703
2017-04-26,42700,42800,42520,42800,36849.61719,14794800,36373.21615,35778.57422
2017-04-27,42700,44520,41960,43840,37745.03906,23032250,37119.39323,36391.58672
2017-04-28,45780,45800,44520,44620,38416.59766,22685700,37670.41797,37056.25703
2017-05-02,45500,45500,44760,44900,38657.67188,14068300,38273.10287,37686.48985
2017-05-04,45700,45700,44860,45520,39191.46875,13690100,38755.2461,38172.07891
2017-05-08,45520,47020,45340,47020,40482.92969,19582550,39444.02344,38898.74141
2017-05-10,46160,47220,45600,45600,39260.35547,23410950,39644.91797,39201.80469
2017-05-11,45420,46180,45220,45500,39174.25391,21277850,39639.17969,39353.33594
2017-05-12,45760,46160,45660,45820,39449.75781,9422900,39294.78906,39511.75313
2017-05-15,45620,46280,45620,46100,39690.82422,8001400,39438.27865,39611.62422
2017-05-16,46660,46800,46100,46380,39931.91797,8803750,39690.83333,39501.42188
2017-05-17,46120,46640,46100,46340,39897.46875,7424450,39840.07031,39628.84453
2017-05-18,45740,46000,45540,45940,39553.07031,11160350,39794.15234,39704.60781
2017-05-19,45640,45780,44720,44720,38502.69531,15762350,39317.74479,39515.19531
2017-05-22,45040,45380,44760,45100,38829.86328,17643550,38961.8763,39343.00312
2017-05-23,45400,45580,44900,44920,38674.88672,12607050,38669.14844,39091.59687
2017-05-24,44860,45300,44800,44880,38640.45313,8675400,38715.06771,38840.19375
2017-05-25,45160,45680,44800,45680,39329.23438,13044800,38881.52474,38795.42656
2017-05-26,45600,46460,45540,46080,39673.60938,13613650,39214.4323,39029.60938
2017-05-29,46220,46400,45380,45620,39277.57031,8739550,39426.80469,39119.15078
2017-05-30,45520,45660,44480,44640,38433.8125,12433600,39128.33073,39070.93594
2017-05-31,44580,45020,44400,44700,38485.47266,18669100,38732.28516,39039.93985
2017-06-01,44860,44900,44400,44680,38468.25391,9753500,38462.51302,38867.74375
2017-06-02,45060,45960,45000,45960,39570.29688,12488750,38841.34115,38847.08125
2017-06-05,46040,46360,45720,45940,39553.07031,7599400,39197.20703,38902.18125
2017-06-07,46500,46500,45240,45300,39002.05859,13729400,39375.14193,39015.83047
2017-06-08,45000,45580,45000,45160,38881.52344,13978750,39145.55078,39095.04063
2017-06-09,45680,46440,45600,46100,39690.82422,11732850,39191.46875,39339.55469
2017-06-12,45420,45600,45140,45380,39070.93359,10954300,39214.42708,39239.68203
2017-06-13,45140,45620,45140,45400,39088.15625,8624900,39283.30469,39146.69922
2017-06-14,45800,46060,45240,45360,39053.71094,10166700,39070.93359,39157.02969
2017-06-15,45680,45920,45180,45680,39329.23438,9657000,39157.03386,39246.57188
2017-06-16,45500,45940,45460,45580,39243.13281,17403450,39208.69271,39157.03359
2017-06-19,45580,46560,45560,46560,40086.875,11303900,39553.08073,39360.22188
2017-06-20,47240,48140,47220,48140,41447.22656,15045000,40259.07812,39832.03594
2017-06-21,47740,48120,47480,47480,40878.97656,9973650,40804.35937,40197.08906
2017-06-22,47960,48080,47720,47960,41292.24609,11455800,41206.14974,40589.6914
2017-06-23,47600,47780,47420,47620,40999.50781,9515100,41056.91015,40940.9664
2017-06-26,47520,48360,47520,48280,41567.75391,8552800,41286.5026,41237.14219
2017-06-27,48220,48400,47900,48300,41584.97656,9616750,41384.07943,41264.69219
2017-06-28,47600,48000,47560,47700,41068.40234,9572500,41407.04427,41302.57734
2017-06-29,48040,48320,47940,47940,41396.51953,8306550,41349.96614,41323.43203
2017-06-30,47500,47620,47100,47540,41051.125,11877550,41172.01562,41333.75547
2017-07-03,47500,47780,47120,47220,40774.80469,6805550,41074.14974,41175.16562
2017-07-04,47160,47400,46900,47000,40584.82422,7961000,40803.58464,40975.13516
2017-07-05,46820,47680,46780,47580,41085.65234,10640250,40815.09375,40978.58516
2017-07-06,48000,48100,47720,48060,41500.14453,10923050,41056.8737,40999.31016
2017-07-07,47740,48120,47620,47860,41327.44922,8131900,41304.41536,41054.575
2017-07-10,48500,48900,48320,48660,42018.24609,10792750,41615.27995,41303.26328
2017-07-11,48640,49000,48280,49000,42311.83984,9717800,41885.84505,41648.6664
2017-07-12,49000,50000,48840,49880,43071.72266,9486150,42467.26953,42045.88047
2017-07-13,50080,50940,50040,50560,43658.91016,16034150,43014.15755,42477.63359
2017-07-14,51000,51080,50420,50480,43589.83203,8239000,43440.15495,42930.11016
2017-07-17,50900,51020,50520,50640,43727.99219,8976100,43658.91146,43272.05938
2017-07-18,50420,50880,50360,50840,43900.69922,7084450,43739.50781,43589.83125
2017-07-19,50620,50820,50000,50740,43814.33984,11157500,43814.34375,43738.35469
2017-07-20,50760,51320,50560,51200,44211.5625,8367600,43975.53385,43848.88516
2017-07-21,50860,51160,50520,51080,44107.93359,8449050,44044.61198,43952.50547
2017-07-24,50700,51000,50620,50860,43917.96094,7099750,44079.15234,43990.49922
2017-07-25,50500,50760,49940,50000,43175.34766,10810600,43733.7474,43845.42891
2017-07-26,49600,50020,49300,49840,43037.17969,11224800,43376.82943,43689.99688
2017-07-27,50000,50640,49560,49800,43002.64844,11449500,43071.72526,43448.21406
2017-07-28,49800,49800,47380,47760,41241.09375,26168300,42426.97396,42874.8461
2017-07-31,47420,48240,46920,48200,41621.03125,12701400,41954.92448,42415.46016
2017-08-01,48000,48840,47540,48600,41966.44531,11369500,41609.52344,42173.67969
2017-08-02,49200,49340,48600,49000,42311.83984,7777450,41966.4388,42028.61172
2017-08-03,49000,49000,47120,47780,41258.36328,15540800,41845.54948,41679.75469
2017-08-04,48160,48180,47500,47700,41189.28516,8359200,41586.49609,41669.39297
2017-08-07,47500,48080,47440,47580,41085.65234,7218250,41177.76693,41562.31719
2017-08-08,47980,48260,47480,47720,41206.55078,7979600,41160.49609,41410.33828
2017-08-09,47400,47400,46240,46280,39963.10547,14555400,40751.76953,40940.59141
2017-08-10,46200,46320,45460,45900,39634.97656,22986150,40268.21094,40615.91406
2017-08-11,45120,45300,44220,44620,38529.67969,25407300,39375.92057,40083.99297
2017-08-14,45120,45400,44720,45000,38857.82031,19185600,39007.49219,39638.42656
2017-08-16,46220,46380,46000,46200,39894.02734,21913650,39093.84245,39375.92187
2017-08-17,46960,47300,46740,47040,40619.375,12415850,39790.40755,39507.17578
2017-08-18,46760,47240,46240,46900,40498.48438,10477950,40337.29557,39679.87734
2017-08-21,47240,47240,46580,46840,40446.66016,5103450,40521.50651,40063.27344
2017-08-22,46820,47160,46700,47000,40584.82422,7381750,40509.98959,40408.67422
2017-08-23,47780,47780,47180,47480,40999.30859,9384700,40676.93099,40629.73047
2017-08-24,47520,47660,47340,47520,41033.85156,8657450,40872.66146,40712.62578
2017-08-25,47880,47880,46720,47020,40602.10156,11243550,40878.42057,40733.34922
2017-08-28,47020,47240,45960,46100,39807.66016,9962100,40481.20443,40605.54922
2017-08-29,45640,46080,45160,46080,39790.39453,12623650,40066.71875,40446.66328
2017-08-30,46380,46400,45960,46200,39894.02734,7513000,39830.69401,40225.60703
2017-08-31,46220,46640,46000,46320,39997.64063,11011700,39894.02083,40018.36484
2017-09-01,46460,46640,46300,46480,40135.80469,10641700,40009.15755,39925.10547
2017-09-04,45780,46360,45500,46040,39755.85547,7943500,39963.10026,39914.74453
2017-09-05,46240,46900,45960,46760,40377.59375,11716100,40089.7513,40032.18438
2017-09-06,46760,47180,46700,47000,40584.82422,10811050,40239.42448,40170.34375
2017-09-07,47000,48220,47000,48120,41551.96094,9676500,40838.1263,40481.20781
2017-09-08,48700,49180,48580,49080,42380.91797,10893000,41505.90104,40930.23047
2017-09-11,49700,50180,49500,49800,43002.64844,10374750,42311.84245,41579.58906
2017-09-12,50200,50220,49140,49600,42829.95313,12029750,42737.83985,42070.06094
2017-09-13,49820,50400,49440,49620,42847.21875,9357000,42893.27344,42522.53985
2017-09-14,50060,50320,49760,50300,43434.40234,14204750,43037.19141,42899.02813
2017-09-15,50300,50560,49860,50400,43520.75,10757300,43267.45703,43126.99453
2017-09-18,50540,52480,50520,52480,45316.83984,11524950,44090.66406,43589.83281
2017-09-19,52500,52640,51780,52120,45005.98438,9850400,44614.52474,44025.03906
2017-09-20,52120,52500,51840,52220,45092.33594,9292750,45138.38672,44474.0625
2017-09-21,52220,52960,52220,52800,45593.17188,8839800,45230.4974,44905.81641
2017-09-25,53000,53680,53000,53620,46301.25,9303100,45662.25261,45461.91641
2017-09-26,53620,53620,53620,53620,46301.25,0,46065.22396,45658.79844
2017-09-27,52000,52200,51500,51680,44626.04297,10797000,45742.84766,45582.81016
2017-09-28,52260,52460,51260,51260,44383.59766,12025450,45103.63021,45441.0625
2017-09-29,51180,51620,50840,51280,44400.91406,12909400,44470.1849,45202.61094
2017-10-10,53360,53640,52800,52800,45717.01563,20519800,44833.84245,45085.76406
2017-10-11,53600,54760,53340,54640,47310.17188,13652150,45809.36719,45287.54844
2017-10-12,54840,55160,54100,54800,47448.71484,13890700,46825.30078,45852.08281
2017-10-13,54540,54840,53780,54000,46756.03906,12601650,47171.64193,46326.57109
2017-10-16,53980,54860,53760,53920,46686.76172,9769950,46963.83854,46783.74063
2017-10-17,54020,55380,54000,54800,47448.71484,10607800,46963.83854,47130.08047
2017-10-18,54820,55240,54040,54760,47414.08594,10110750,47183.1875,47150.86328
2017-10-19,54700,54700,52980,52980,45872.86328,12108700,46911.88802,46835.69297
2017-10-20,52800,54100,52800,53840,46617.49609,8027050,46634.8151,46807.98437
2017-10-23,54600,54640,54000,54300,47015.79297,8311050,46502.05078,46873.79062
2017-10-24,54700,54780,54040,54040,46790.67188,5806050,46807.98698,46742.18203
2017-10-25,54040,54420,53700,53900,46669.45703,5882850,46825.30729,46593.25625
2017-10-26,53720,53900,52400,52400,45370.67578,9776550,46276.9349,46492.81875
2017-10-27,52400,53320,52140,53080,45959.44922,7392500,45999.86068,46361.20938
2017-10-30,53780,54320,53700,54040,46790.67188,8196150,46040.26563,46316.18516
2017-10-31,54060,55440,53500,55080,47691.15234,13381550,46813.75781,46496.28125
2017-11-01,57500,57500,56180,57220,49544.08594,14510250,48008.63672,47071.20703
2017-11-02,57500,57520,56760,57060,49405.54688,10721050,48880.26172,47878.18125
2017-11-03,57060,57140,55860,56380,48816.76563,9935800,49255.46615,48449.64453
2017-11-06,56380,56500,55340,56380,48816.76563,9000950,49013.02605,48854.86328
2017-11-07,56380,56920,55860,56100,48574.31641,7464550,48735.94922,49031.4961
2017-11-08,56100,57060,55860,56760,49145.79688,8520200,48845.62631,48951.83829
2017-11-09,56920,56920,55900,56340,48782.13281,11994050,48834.08203,48827.15547
2017-11-10,55800,56540,55780,56400,48834.08984,6748800,48920.67318,48830.62031
2017-11-13,56400,56800,56100,56380,48816.76563,8806650,48810.99609,48830.62031
2017-11-14,56380,56740,55920,55920,48418.46875,6725000,48689.77474,48799.45078
2017-11-15,55920,56320,55320,55340,47916.28516,8816950,48383.83985,48553.54844
2017-11-16,55440,56000,55400,55780,48297.25781,7640700,48210.67057,48456.57344
2017-11-17,56400,56880,55820,55820,48331.88672,10733150,48181.8099,48356.13281
2017-11-20,55900,55980,55200,55200,47795.05859,9472750,48141.40104,48151.79141
2017-11-21,55400,55840,55280,55280,47864.33203,10324700,47997.09245,48040.96406
2017-11-22,55980,56200,55620,55960,48453.11719,7952950,48037.5026,48148.33047
2017-11-23,55960,55980,55020,55300,47881.64063,6272900,48066.36328,48065.20703
2017-11-24,55300,55500,55180,55460,48020.18359,4536200,48118.3138,48002.86641
2017-11-27,55360,55360,52640,52640,45578.46875,18128900,47160.09766,47559.54844
2017-11-28,52700,53280,51720,53280,46132.625,13499400,46577.09245,47213.20703
2017-11-29,53200,53240,52500,52600,45543.84375,9590250,45751.64583,46631.35234
2017-11-30,50800,51860,50200,50800,43985.30469,29634150,45220.59115,45852.08516
2017-12-01,50800,51780,50800,50840,44019.94531,12868600,44516.36458,45052.0375
2017-12-04,50840,51340,50020,51340,44452.86719,14865050,44152.70573,44826.91719
2017-12-05,50600,51300,50280,51260,44383.59766,9326550,44285.47005,44477.11172
2017-12-06,51260,51560,50020,50020,43309.94141,10889200,44048.80209,44030.33125
2017-12-07,50040,50980,50020,50740,43933.35156,11065600,43875.63021,44019.94063
2017-12-08,51360,52000,51040,52000,45024.33203,11290450,44089.20833,44220.81797
2017-12-11,52000,52040,51500,51780,44833.83984,8125850,44597.17448,44297.0125
2017-12-12,51820,52100,51660,52100,45110.91406,8765050,44989.69531,44442.47578
2017-12-13,52100,52100,51100,51320,44435.55469,11333700,44793.4362,44667.59844
2017-12-14,51320,52280,51060,51060,44210.42969,20310400,44585.63281,44723.01406
2017-12-15,51240,51480,50520,50620,43829.45703,14928550,44158.48047,44484.03906
2017-12-18,50620,51240,50620,51200,44331.65625,7350250,44123.84766,44383.60234
2017-12-19,51540,52080,51520,51560,44643.35547,11978600,44268.15625,44290.09063
2017-12-21,51000,51060,49100,49140,42547.99219,15624300,43841.0013,43912.57813
2017-12-22,49400,49960,49240,49700,43032.87891,11199650,43408.07552,43677.06797
2017-12-26,49760,50100,48200,48200,41734.08984,16039850,42438.32031,43257.99453
2017-12-27,48960,49560,48460,49360,43123.1875,10743600,42630.05208,43016.30078
2017-12-28,49560,50960,49500,50960,44521.02344,8985450,43126.10026,42991.83438
2018-01-02,51380,51400,50780,51020,44573.44531,8474250,44072.55208,43396.925
2018-01-03,52540,52560,51420,51620,45097.63281,10013500,44730.70052,43809.87578
2018-01-04,52120,52180,50640,51080,44625.86328,11695450,44765.64713,44388.23047
2018-01-05,51300,52120,51200,52120,45534.45703,9481150,45085.98437,44870.48437
2018-01-08,52400,52520,51500,52020,45447.08984,8383650,45202.47005,45055.69765
2018-01-09,51460,51720,49980,50400,44031.78516,18013600,45004.44401,44947.36562
2018-01-10,50500,50520,48640,48840,42668.89844,18566800,44049.25781,44461.61875
2018-01-11,48200,49260,48020,48240,42144.70313,25123800,42948.46224,43965.38672
2018-01-12,48240,48480,46760,48200,42109.76172,27270450,42307.78776,43280.44766
2018-01-15,48800,48980,47920,48540,42406.80078,10096000,42220.42188,42672.38985
2018-01-16,48760,50140,48620,50000,43682.32422,20389650,42732.96224,42602.49766
2018-01-17,50020,50020,49060,49620,43350.33984,11053050,43146.48828,42738.78594
2018-01-18,50020,50640,49820,49900,43594.95703,14848850,43542.54036,43028.83672
2018-01-19,50380,50380,49040,49320,43088.24219,9219950,43344.51302,43224.53281
2018-01-22,48640,48680,47960,48240,42144.70313,12520900,42942.63412,43172.11328
2018-01-23,48660,49160,48300,49160,42948.45703,13532700,42727.13412,43025.33984
2018-01-24,48860,49700,48560,49340,43105.70703,9550500,42732.95573,42976.41328
2018-01-25,49220,50360,49160,50260,43909.47656,11160350,43321.21354,43039.31719
2018-01-26,50500,50780,49840,50780,44363.77734,10350100,43792.98698,43294.42422
2018-01-29,51200,51480,50900,51220,44748.17188,11838800,44340.47526,43815.11797
2018-01-30,50440,50640,49780,49800,43507.59766,12284550,44206.51563,43926.94609
2018-01-31,50020,54140,49600,49900,43594.95703,64681300,43950.24219,44024.79609
2018-02-01,50620,50960,49720,49820,43525.0625,27609450,43542.53906,43947.91328
2018-02-02,49380,49400,47700,47700,41672.94141,29260350,42930.98698,43409.7461
2018-02-05,46500,48320,46000,47920,41865.14453,28357900,42354.38281,42833.14063
2018-02-06,46600,47920,46580,47420,41428.3125,19406450,41655.46615,42417.28359
2018-02-07,48240,48260,45800,45800,40013.00781,23448050,41102.15495,41700.89375
2018-02-08,46120,46620,45980,46000,40187.74219,23251050,40543.02083,41033.42969
2018-02-09,44440,45180,44420,44700,39051.99609,17465000,39750.91536,40509.24062
2018-02-12,45100,46320,45040,45720,39943.11719,15754950,39727.61849,40124.83516
2018-02-13,46200,48060,46200,47540,41533.15625,18923250,40176.08984,40145.80391
2018-02-14,48080,49100,47940,49000,42808.67969,18905900,41428.31771,40704.93828
2018-02-19,49800,49800,47860,48380,42267.01953,15353450,42202.95182,41120.79375
2018-02-20,48040,48160,47220,47400,41410.83984,10122600,42162.17969,41592.5625
2018-02-21,47280,47580,46840,47280,41306.01172,12880200,41661.29036,41865.14141
2018-02-22,47260,47260,46760,46760,40851.71484,8869950,41189.52213,41728.85312
2018-02-23,46760,47800,46760,47220,41253.58594,12423300,41137.10417,41417.83437
2018-02-26,47280,47560,47080,47380,41393.36719,9560650,41166.22266,41243.10391
2018-02-27,48360,48380,47380,47380,41393.36719,9830550,41346.77344,41239.60938
2018-02-28,47380,48100,47000,47060,41113.79688,15162350,41300.17709,41201.16641
2018-03-02,46580,46800,46000,46020,40205.20313,13265500,40904.1224,41071.86407
2018-03-05,45820,46160,45080,45200,39488.82031,14100950,40269.27344,40718.91094
2018-03-06,45920,47100,45820,47020,41078.85547,15423350,40257.6263,40656.0086
2018-03-07,48200,48900,47220,48620,42476.69922,21427050,41014.79167,40872.675
2018-03-08,49200,49480,48080,49200,42983.40234,19463650,42179.65234,41246.59609
2018-03-09,49440,50540,49240,49740,43455.17188,14304400,42971.75781,41896.58984
2018-03-12,50560,50780,49580,49740,43455.17188,8688950,43297.91537,42689.86016
2018-03-13,50760,51660,50360,51660,45132.58203,20098700,44014.3086,43500.60547
2018-03-14,51020,52000,51000,51760,45219.94922,12713250,44602.56771,44049.25547
2018-03-15,52000,52020,51020,51540,45027.73828,8882450,45126.75651,44458.12266
2018-03-16,51220,51420,50240,51140,44678.27734,12184900,44975.32161,44702.74375
2018-03-19,50620,51340,50440,50740,44328.81641,8218850,44678.27734,44877.47266
2018-03-20,50700,51200,50100,51200,44730.70703,8193250,44579.26693,44797.09766
2018-03-21,51780,51780,51060,51060,44608.39063,8905200,44555.97136,44674.78594
2018-03-22,51060,51780,51040,51780,45237.41016,8454100,44858.83594,44716.72031
2018-03-23,50340,50720,49600,49720,43437.70313,14854950,44427.83464,44468.60547
2018-03-26,49420,50280,49040,50280,43926.9375,10057750,44200.6836,44388.22969
2018-03-27,50320,50460,49080,49980,43664.83984,11874000,43676.49349,44175.05625
2018-03-28,49100,49100,48340,48700,42546.58203,15159450,43379.45312,43762.69453
2018-03-29,48700,49560,48320,49040,43157.33203,10067000,43122.91797,43346.67891
2018-03-30,49080,49900,49080,49220,43315.74219,7777100,43006.55208,43322.28672
2018-04-02,49000,49220,48500,48540,42717.30859,7115650,43063.46094,43080.36094
2018-04-03,47880,48140,47280,48120,42347.69531,12768250,42793.58203,42816.93203
2018-04-04,48160,48260,46920,46920,41291.63672,12384200,42118.88021,42565.94297
2018-04-05,47400,49380,47340,48740,42893.32031,13245600,42177.55078,42513.14062
2018-04-06,48000,48580,47400,48400,42594.10547,12532700,42259.6875,42368.81328
2018-04-09,48260,49440,48200,49200,43298.13672,9950400,42928.52083,42484.97891
2018-04-10,48540,49220,48040,48880,43016.52344,10984350,42969.58854,42618.74453
2018-04-11,49900,49900,48600,48860,42998.92578,10051100,43104.52865,42960.20234
2018-04-12,49440,49440,48880,49000,43122.13672,12466250,43045.86198,43005.96563
2018-04-13,49600,50180,49400,49800,43826.16406,10278300,43315.74219,43252.37734
2018-04-16,50320,50600,49860,50340,44301.39453,7877450,43749.89844,43453.02891
2018-04-17,50240,50540,49820,49980,43984.56641,7772000,44037.375,43646.6375
2018-04-18,51000,51360,50580,51360,45199.02734,13462600,44494.99609,44086.65781
2018-04-19,52000,52980,51540,52780,46448.69531,17190550,45210.76302,44751.96953
2018-04-20,51800,52260,51420,51620,45427.83984,11761000,45691.85416,45072.30469
2018-04-23,51000,52080,51000,51900,45674.25391,11619000,45850.26302,45346.87656
2018-04-24,51840,51860,50080,50460,44406.99219,15770300,45169.69531,45431.36172
2018-04-25,49220,50500,49220,50400,44354.1875,16614600,44811.8112,45262.39375
2018-04-26,50420,52160,50400,52140,45885.46484,18046550,44882.21484,45149.74766
2018-04-27,53380,53640,52440,53000,46642.30469,30310800,45627.31901,45392.64063
2018-04-30,53000,53000,53000,53000,46642.30469,0,46390.02474,45586.25078
2018-05-02,53000,53000,53000,53000,46642.30469,0,46642.30469,46033.31328
2018-05-03,53000,53000,53000,53000,46642.30469,0,46642.30469,46490.93672
2018-05-04,53000,53900,51800,51900,45674.25391,39565391,46319.6211,46448.69453
2018-05-08,52600,53200,51900,52600,46290.28516,23104720,46202.28125,46378.29063
2018-05-09,52600,52800,50900,50900,44794.21484,16128305,45586.2513,46008.67266
2018-05-10,51700,51700,50600,51600,45410.23828,13905263,45498.24609,45762.25938
2018-05-11,52000,52200,51200,51300,45146.23438,10314997,45116.89583,45463.04531
2018-05-14,51000,51100,49900,50100,44090.18359,14909272,44882.21875,45146.23125
2018-05-15,50200,50400,49100,49200,43298.13672,18709146,44178.1849,44547.80156
2018-05-16,49200,50200,49150,49850,43870.17188,15918683,43752.83073,44362.99297
2018-05-17,50300,50500,49400,49400,43474.14453,10365440,43547.48438,43975.77422
2018-05-18,49900,49900,49350,49500,43562.14844,6706570,43635.48828,43658.95703
2018-05-21,49650,50200,49100,50000,44002.17188,9020998,43679.48828,43641.35469
2018-05-23,50600,52000,50400,51800,45586.25,17095490,44383.52344,44098.97735
2018-05-24,52000,52000,51100,51400,45234.24609,8289275,44940.88932,44371.79219
2018-05-25,51000,52800,50800,52700,46378.28906,15207266,45732.92838,44952.62109
2018-05-28,52500,53000,52000,52300,46026.26953,9787820,45879.60156,45445.44531
2018-05-29,52200,52500,51300,51300,45146.23438,8480437,45850.26432,45674.25781
2018-05-30,51300,51500,49100,49500,43562.14844,20498098,44911.55078,45269.4375
2018-05-31,50400,50800,49850,50700,44618.21094,63491109,44442.19792,45146.23047
2018-06-01,50500,51700,49950,51300,45146.23438,13038499,44442.19792,44899.81953
2018-06-04,50800,51200,50700,51100,44970.21875,9767171,44911.55469,44688.60938
2018-06-05,51100,51400,50400,51300,45146.23438,9144100,45087.5625,44688.60938
2018-06-07,51800,51800,50500,50600,44530.19922,13590016,44882.21745,44882.21953
2018-06-08,50200,50400,49600,49650,43694.15625,16951706,44456.86328,44697.4086
2018-06-11,49750,50300,49350,49900,43914.17188,10571312,44046.17578,44450.9961
2018-06-12,49700,49800,49250,49400,43474.14453,12110569,43694.15755,44151.78125
2018-06-14,49000,49000,48200,48200,42418.09766,20971729,43268.80469,43606.15391
2018-06-15,48500,48700,47650,47650,41934.07422,17080892,42608.77214,43086.92891
2018-06-18,47600,47650,46200,46600,41010.02734,16661870,41787.39974,42550.10313
2018-06-19,47200,47350,46500,47000,41362.03516,15217971,41435.37891,42039.67578
2018-06-20,47450,47600,46850,47000,41362.03516,12959316,41244.69922,41617.25391
2018-06-21,47900,47900,47050,47050,41406.04297,10015541,41376.70443,41414.84297
2018-06-22,47000,47250,46200,47250,41582.05859,10298006,41450.04557,41344.43984
2018-06-25,47050,47050,46150,46650,41054.02344,10587711,41347.375,41353.23906
2018-06-26,45900,47300,45900,47000,41362.03516,11223166,41332.70573,41353.23906
2018-06-27,47450,48500,47000,47950,42198.08203,15274752,41538.04688,41520.44844
2018-06-28,46850,47150,46600,46800,41492.35938,12784800,41684.15886,41537.71172
2018-06-29,46250,47150,46200,46650,41359.36719,14099635,41683.26953,41493.17344
2018-07-02,46500,47150,45500,45550,40384.125,13112253,41078.61719,41359.19375
2018-07-03,45750,46450,45750,46150,40916.08203,10959655,40886.52474,41270.00313
2018-07-04,46700,47050,46050,46250,41004.73438,8776763,40768.3138,41031.3336
2018-07-05,46100,46550,45600,45950,40738.76172,7039773,40886.52604,40880.61406
2018-07-06,45500,45850,44650,44900,39807.83594,17843706,40517.11068,40570.30781
2018-07-09,45500,46100,45200,45600,40428.45313,11602464,40325.01693,40579.17344
2018-07-10,46200,46550,46100,46300,41049.07031,10528665,40428.45313,40605.7711
2018-07-11,46400,46450,45400,46000,40783.09375,11224077,40753.53906,40561.44297
2018-07-12,45900,46250,45450,45500,40339.79688,11828104,40723.98698,40481.65
2018-07-13,45800,46500,45750,46500,41226.38281,11543389,40783.09115,40765.35938
2018-07-16,46800,46800,46000,46050,40827.42188,7678719,40797.86719,40845.15313
2018-07-17,46150,46200,45600,45850,40650.10547,8892953,40901.30339,40765.36016
2018-07-18,46700,47200,46450,46550,41270.71875,10952645,40916.08203,40862.88516
2018-07-19,47050,47200,46600,46900,41581.01172,9880128,41167.27865,41111.12813
2018-07-20,47000,47600,46700,47450,42068.63672,10474547,41640.1224,41279.57891
2018-07-23,47100,47200,46150,46500,41226.38281,10823782,41625.34375,41359.37109
2018-07-24,46350,46600,45950,46150,40916.08203,8261363,41403.70052,41412.56641
2018-07-25,46250,46550,45900,46150,40916.08203,7222471,41019.51562,41341.63906
2018-07-26,46100,47000,46000,46900,41581.01172,7374946,41137.72526,41341.63906
2018-07-27,46450,47000,46450,46900,41581.01172,4762460,41359.36849,41244.11406
2018-07-30,46550,46800,46350,46500,41226.38281,5723035,41462.80208,41244.11406
2018-07-31,46200,46450,46000,46250,41004.73438,8033607,41270.70964,41261.84453
2018-08-01,46050,46850,46050,46550,41270.71875,7484499,41167.27865,41332.77188
2018-08-02,46550,46800,45500,45550,40384.125,8560924,40886.52604,41093.39453
2018-08-03,45850,45900,45450,45750,40561.4375,8274944,40738.76042,40889.47969
2018-08-06,46150,46150,45750,45800,40605.76563,6771979,40517.10938,40765.35625
2018-08-07,46300,46750,45900,46700,41403.70313,9058174,40856.96875,40845.15
2018-08-08,47000,47000,46550,46800,41492.35938,6429338,41167.27605,40889.47813
2018-08-09,47000,47050,46450,46900,41581.01172,12010886,41492.35808,41128.85547
2018-08-10,46150,46400,44850,45400,40251.13281,16670643,41108.16797,41066.79453
2018-08-13,44950,45100,44650,45050,39940.82813,9803831,40590.99089,40933.80703
2018-08-14,44850,45400,44850,45150,40029.48828,6409259,40073.81641,40658.96406
2018-08-16,43800,44650,43700,44250,39231.55078,10088229,39733.95573,40206.80234
2018-08-17,44050,44400,44050,44100,39098.57031,6808747,39453.20312,39710.31406
2018-08-20,43500,44200,43500,43850,38876.92969,7289124,39069.01693,39435.47344
2018-08-21,43700,44900,43700,44800,39719.1875,9520270,39231.5625,39391.14531
2018-08-22,45150,46200,44900,46100,40871.74219,11641656,39822.61979,39559.59609
2018-08-23,46150,46200,45700,46200,40960.40625,6730918,40517.11198,39905.36719
2018-08-24,45900,46400,45550,46150,40916.08203,6582535,40916.07682,40268.86953
2018-08-27,46100,46550,46000,46300,41049.07031,5263782,40975.1862,40703.29766
2018-08-28,46800,46950,46300,46550,41270.71875,7365976,41078.6237,41013.60391
2018-08-29,46750,46800,46400,46800,41492.35938,5572374,41270.71615,41137.72734
2018-08-30,46950,47950,46700,47650,42245.96094,12193231,41669.67969,41394.83828
2018-08-31,47100,48450,47000,48450,42955.23438,13577454,42231.1849,41802.66875
2018-09-03,48200,48300,47300,47450,42068.63672,8595084,42423.27735,42006.58203
2018-09-04,47550,47800,47200,47650,42245.96094,6791255,42423.27735,42201.63047
2018-09-05,47300,47450,46400,46600,41315.04688,9139998,41876.54818,42166.16797
2018-09-06,46200,46400,45800,46100,40871.74219,9040553,41477.58334,41891.32422
2018-09-07,44500,45200,44400,44900,39807.83594,18285508,40664.875,41261.84453
2018-09-10,45450,45550,45000,45500,40339.79688,9979838,40339.79167,40916.07657
2018-09-11,45550,45900,45050,45050,39940.82813,9865790,40029.48698,40455.05
2018-09-12,44900,45100,44500,44550,39497.53125,12995269,39926.05209,40091.54688
2018-09-13,44550,44750,44000,44050,39054.23828,18277942,39497.53255,39728.0461
2018-09-14,45000,45850,44900,45850,40650.10547,12446344,39733.95833,39896.5
2018-09-17,45550,45800,44900,45150,40029.48828,8123384,39911.27734,39834.43828
2018-09-18,44950,45900,44700,45500,40339.79688,9987090,40339.79688,39914.23203
2018-09-19,46000,46200,45700,46150,40916.08203,9367454,40428.45573,40197.94219
2018-09-20,46850,47600,46400,47250,41891.32813,13536966,41049.06901,40765.36016
2018-09-21,46550,47550,46550,47400,42024.31641,14476906,41610.57552,41040.20235
2018-09-27,46950,47500,46450,47500,42429.85156,15804586,42115.16537,41520.275
2018-09-28,47250,47250,46300,46450,41491.92969,11270515,41982.03255,41750.70156
2018-10-01,46450,46800,45800,46350,41402.60156,6354983,41774.79427,41848.00547
2018-10-02,46450,46700,45700,45700,40821.98438,6607188,41238.83854,41634.13672
2018-10-04,45150,45600,44700,44700,39928.73047,11865327,40717.77214,41215.01953
2018-10-05,44800,45500,44550,44700,39928.73047,10544165,40226.48177,40714.79531
2018-10-08,44200,45200,44200,44950,40152.03906,6759464,40003.16667,40446.81719
2018-10-10,45250,45500,44500,45300,40464.68359,10341349,40181.81771,40259.23359
2018-10-11,44000,44650,43100,43100,38499.50781,19324537,39705.41015,39794.73828
2018-10-12,43200,44650,43200,44000,39303.44922,12640906,39422.54687,39669.68203
2018-10-15,44050,44050,43350,43800,39124.78906,7434522,38975.91536,39508.89375
2018-10-16,43700,44150,43350,43600,38946.14063,6825677,39124.79297,39267.71406
2018-10-17,44150,44500,44000,44150,39437.4375,8306193,39169.45573,39062.26484
2018-10-18,43950,44450,43700,44050,39348.10156,8347725,39243.89323,39231.98359
2018-10-19,43900,44150,43450,43900,39214.11719,7842520,39333.21875,39214.11719
2018-10-22,43450,43950,43200,43550,38901.47266,8357648,39154.5638,39169.45391
2018-10-23,43300,43450,42550,43050,38454.83984,9531231,38856.8099,39071.19375
2018-10-24,43050,43100,42250,42550,38008.21875,13522825,38454.84375,38785.35
2018-10-25,40600,41550,40550,41000,36623.66406,19338170,37695.57422,38240.4625
2018-10-26,41100,41300,40400,41000,36623.66406,14413864,37085.18229,37722.37187
2018-10-29,40850,41950,40550,41400,36980.96875,14460521,36742.76562,37338.27109
2018-10-30,41400,43000,41000,42350,37829.5625,14205190,37144.73177,37213.21562
2018-10-31,42900,43350,41700,42400,37874.21875,17621480,37561.58333,37186.41562
2018-11-01,42450,42950,42150,42150,37650.91797,13423132,37784.89974,37391.86641
2018-11-02,43050,44250,42800,44150,39437.4375,16517112,38320.85807,37954.62109
2018-11-05,43750,43800,42900,43800,39124.78906,9426777,38737.71484,38383.38516
2018-11-06,43750,43800,42950,43750,39080.125,7713625,39214.11719,38633.49766
2018-11-07,43600,44500,43400,44000,39303.44922,11553998,39169.45443,38919.34375
2018-11-08,44900,45050,44050,44050,39348.10156,12617397,39243.89193,39258.78047
2018-11-09,44450,44850,43900,44300,39571.42188,7318500,39407.65755,39285.57734
2018-11-12,43850,45250,43700,45200,40375.35547,8552566,39764.95964,39535.69063
2018-11-13,43900,44500,43400,44500,39750.0625,9311126,39898.94662,39669.67813
2018-11-14,44500,44500,43800,44100,39392.76953,6783344,39839.39583,39687.54219
2018-11-15,44050,44350,43500,44250,39526.75,5864067,39556.52734,39723.27188
2018-11-16,44600,44750,43700,44000,39303.44922,7777124,39407.65625,39669.67734
2018-11-19,44050,44250,43450,43650,38990.80469,7538720,39273.66797,39392.76719
2018-11-20,42450,43000,42100,42800,38231.52734,9420664,38841.92708,39089.06016
2018-11-21,41800,42300,41800,42100,37606.25,10769589,38276.19401,38731.75625
2018-11-22,42000,42650,42000,42450,37918.89063,5970796,37918.88932,38410.18438
2018-11-23,42450,42600,41900,42400,37874.21875,5192638,37799.78646,38124.33828
2018-11-26,42150,42800,42100,42600,38052.875,6613009,37948.66146,37936.75234
2018-11-27,42900,43100,42500,43050,38454.83984,8367091,38127.3112,37981.41484
2018-11-28,42800,43200,42750,43150,38544.17188,6943099,38350.62891,38168.99922
2018-11-29,43850,43850,42900,43150,38544.17188,8473511,38514.39453,38294.05547
2018-11-30,43450,44000,41750,41850,37382.92578,19775519,38157.08985,38195.79688
2018-12-03,42750,43400,42400,43250,38633.49609,12110702,38186.86458,38311.92109
2018-12-04,42650,42900,41900,42150,37650.91797,14347746,37889.11328,38151.13672
2018-12-05,40900,41750,40850,41450,37025.63281,12631983,37770.01562,37847.42891
2018-12-06,40600,41100,40450,40500,36177.02734,14251826,36951.19271,37374
2018-12-07,40900,41400,40850,40950,36578.99609,11433083,36593.88541,37213.21406
2018-12-10,40450,40650,40000,40200,35909.05078,14892263,36221.6914,36668.325
2018-12-11,40600,40700,40200,40250,35953.71484,10638766,36147.2539,36328.88437
2018-12-12,40250,40700,40150,40450,36132.36719,12024279,35998.3776,36150.23125
2018-12-13,40650,40750,40000,40000,35730.39844,26254646,35938.82682,36060.90547
2018-12-14,40200,40200,38700,38950,34792.47656,19671783,35551.7474,35703.60156
2018-12-17,38650,39600,38650,39150,34971.13672,11532968,35164.67057,35516.01875
2018-12-18,38300,39200,38300,38900,34747.81641,11042101,34837.14323,35274.83906
2018-12-19,38900,39350,38850,39100,34926.46875,9942037,34881.80729,35033.65938
2018-12-20,38600,39100,38500,38650,34524.5,11937617,34732.92839,34792.47969
2018-12-21,38200,38650,38100,38650,34524.5,14947080,34658.48958,34738.88438
2018-12-24,38500,39050,38300,38800,34658.48438,9729530,34569.16146,34676.35391
2018-12-26,38400,38750,38300,38350,34256.52344,12707675,34479.83594,34578.09531
2018-12-27,38700,38800,38100,38250,34485.52734,10510643,34466.84505,34489.90703
2018-12-28,38250,38900,38200,38700,34891.23828,9900267,34544.42969,34563.25469
2019-01-02,39400,39400,38550,38750,34936.32422,7847664,34771.02995,34645.61953
2019-01-03,38300,38550,37450,37600,33899.49609,12471493,34575.6862,34493.82187
2019-01-04,37450,37600,36850,37450,33764.26172,14108958,34200.02734,34395.36953
2019-01-07,38000,38900,37800,38750,34936.32422,12748997,34200.02734,34485.52891
2019-01-08,38000,39200,37950,38100,34350.28906,12756554,34350.29167,34377.33906
2019-01-09,38650,39600,38300,39600,35702.67188,17452708,34996.42839,34530.60859
2019-01-10,40000,40150,39600,39800,35882.98438,14731699,35311.98177,34927.30625
2019-01-11,40350,40550,39950,40500,36514.08594,11661063,36033.2474,35477.2711
2019-01-14,40450,40700,39850,40050,36108.36719,11984996,36168.47917,35711.67969
2019-01-15,40050,41100,39850,41100,37055.03906,11492756,36559.16406,36252.62969
2019-01-16,41150,41450,40700,41450,37370.59375,8491595,36844.66667,36586.21406
2019-01-17,41700,42100,41450,41950,37821.38281,11736903,37415.67187,36973.89375
2019-01-18,42000,42400,41950,42300,38136.94531,11029256,37776.30729,37298.46562
2019-01-21,42700,42750,41900,42750,38542.65234,11355701,38166.99349,37785.32265
2019-01-22,42750,42850,41850,42150,38001.69922,9964356,38227.09896,37974.65469
2019-01-23,41350,42250,41350,42000,37866.46094,11071079,38136.9375,38073.82812
2019-01-24,43050,43100,42350,43050,38813.11719,14747623,38227.09245,38272.175
2019-01-25,44300,44750,43750,44750,40345.80859,22789395,39008.46224,38713.94766
2019-01-28,45000,45500,44600,45050,40616.28516,17998914,39925.07031,39128.67422
2019-01-29,45050,45500,44350,45500,41022.00391,16215017,40661.36589,39732.73516
2019-01-30,44800,46400,44800,46400,41833.42188,17505980,41157.23698,40526.12735
2019-01-31,46650,47050,46150,46150,41608.03125,21621145,41487.81901,41085.11016
2019-02-01,46650,46950,46250,46350,41788.34375,13832454,41743.26563,41373.61719
2019-02-07,46800,47100,46200,46200,41653.10156,15872001,41683.15885,41580.98047
2019-02-08,45700,45700,44650,44800,40390.89844,12689196,41277.44792,41454.75938
2019-02-11,44500,45000,44250,45000,40571.21094,11125044,40871.73698,41202.31719
2019-02-12,44650,46250,44650,46050,41517.87109,13184367,40826.66016,41184.28516
2019-02-13,46400,46700,46000,46200,41653.10156,11299738,41247.39453,41157.23672
2019-02-14,46600,47500,46150,47500,42825.15625,17259341,41998.70963,41391.64766
2019-02-15,46750,46850,45650,46050,41517.87109,10554643,41998.70963,41617.04219
2019-02-18,46500,46850,45850,46200,41653.10156,8183728,41998.70963,41833.42031
2019-02-19,45850,46150,45450,45950,41427.71094,6741395,41532.89453,41815.38828
2019-02-20,46750,47100,46500,46900,42284.21484,11506720,41788.34245,41941.61094
2019-02-21,46500,47200,46200,46950,42329.29688,8694009,42013.74089,41842.43906
2019-02-22,46500,47150,46450,47150,42509.62109,6895772,42374.3776,42040.78906
2019-02-25,47400,47550,47050,47350,42689.91797,7484716,42509.61198,42248.15234
2019-02-26,47350,47450,46500,46750,42148.97266,7985547,42449.50391,42392.40469
2019-02-27,47000,47250,46750,46750,42148.97266,8045211,42329.28776,42365.35625
2019-02-28,46400,46500,45100,45100,40661.37109,23569321,41653.10547,42031.77109
2019-03-04,46000,46100,44800,44850,40435.97266,12926539,41082.10547,41617.04141
2019-03-05,44600,45100,44150,44250,39895.01563,10612405,40330.78646,41058.06094
2019-03-06,44000,44300,43700,44000,39669.62891,10202544,40000.20573,40562.19219
2019-03-07,43400,44950,43400,44450,40075.34375,11049749,39879.9961,40147.46641
2019-03-08,44450,44800,43800,43800,39489.30859,7729069,39744.76042,39913.05391
2019-03-11,44400,44450,43650,43650,39354.06641,10717408,39639.57292,39696.67266
2019-03-12,44300,44950,44150,44650,40255.65234,11431977,39699.67578,39768.8
2019-03-13,44250,44450,43700,43850,39534.39453,8108343,39714.70443,39741.75312
2019-03-14,43700,44300,43550,43850,39534.39453,18039161,39774.8138,39633.56328
2019-03-15,43800,44250,43700,44200,39849.94141,16814163,39639.57682,39705.68984
2019-03-18,43950,44150,43450,43700,39399.15234,8188876,39594.49609,39714.70703
2019-03-19,43750,43900,43550,43900,39579.46094,7609563,39609.51823,39579.46875
2019-03-20,43800,44200,43100,44050,39714.70313,9846242,39564.4388,39615.53047
2019-03-21,44600,46250,44050,45850,41337.55078,21138016,40210.57162,39976.16172
2019-03-22,46850,47000,46250,46550,41968.66406,12535911,41006.97266,40399.90625
2019-03-25,45300,45650,44800,45500,41022.00391,8699728,41442.73958,40724.47656
2019-03-26,45500,45700,44900,45250,40796.60156,9729811,41262.42318,40967.90469
2019-03-27,44750,45600,44250,45350,40886.76953,9568081,40901.79167,41202.31797
2019-03-28,44950,45200,44300,44850,40754.09375,6821306,40812.48828,41085.62656
2019-03-29,44500,44900,44200,44650,40572.35938,11491713,40737.74089,40806.36563
2019-04-01,45200,45450,44850,45050,40935.82422,7362129,40754.09245,40789.12969
2019-04-02,45550,46100,45350,45750,41571.89844,9480688,41026.69401,40944.18906
2019-04-03,46750,46750,45800,46600,42344.26953,12436570,41617.33073,41235.68906
2019-04-04,46150,47100,46150,46950,42662.31641,12650168,42192.82813,41617.3336
2019-04-05,46950,47550,46600,46850,42571.44531,8546339,42526.01042,42017.15078
2019-04-08,47250,47250,46150,46650,42389.71094,8507909,42541.15755,42307.92813
2019-04-09,46700,46950,46200,46650,42389.71094,6878761,42450.28906,42471.49063
2019-04-10,46400,46700,46050,46700,42435.13672,11883995,42404.85287,42489.66406
2019-04-11,46700,46800,46150,46250,42026.24219,13697399,42283.69662,42362.44922
2019-04-12,46050,46900,46000,46850,42571.44531,7668936,42344.27474,42362.44922
2019-04-15,47150,47500,47000,47050,42753.17969,8733019,42450.28906,42435.14297
2019-04-16,47400,47400,46800,47250,42934.91797,7730881,42753.18099,42544.18438
2019-04-17,47300,47600,47000,47050,42753.17969,5513658,42813.75912,42607.79297
2019-04-18,47200,47250,45500,45600,41435.59766,12808747,42374.56511,42489.66406
2019-04-19,45750,46000,45250,45300,41163,8479710,41783.92578,42207.975
2019-04-22,45400,45900,45100,45350,41208.4375,6006957,41269.01172,41899.02656
2019-04-23,45050,45500,45000,45200,41072.12891,6920566,41147.85547,41526.46875
2019-04-24,45400,45650,44150,44750,40663.22266,13299267,40981.26302,41108.47735
2019-04-25,44250,45000,44100,44650,40572.35938,10868965,40769.23698,40935.82969
2019-04-26,44200,45000,43800,44850,40754.09375,9739982,40663.22526,40854.04844
2019-04-29,45150,46150,45100,46150,41935.375,8777517,41087.27604,40999.43594
2019-04-30,46000,46300,45350,45850,41662.76563,11121273,41450.74479,41117.56328
2019-05-02,45500,46150,45400,45900,41708.20313,8625126,41768.78125,41326.55938
2019-05-03,45900,46050,45300,45300,41163,6562916,41511.32292,41444.6875
2019-05-07,45250,45300,44400,44850,40754.09375,12014907,41208.43229,41444.6875
2019-05-08,44300,44850,44200,44250,40208.88281,10398754,40708.65885,41099.38906
2019-05-09,43900,44250,42450,42450,38573.26953,23029718,39845.41536,40481.48984
2019-05-10,42600,43450,42450,42900,38982.17969,14579512,39254.77734,39936.28516
2019-05-13,42500,43200,42350,42650,38755.00781,7635079,38770.15234,39454.68672
2019-05-14,41300,43100,41300,42650,38755.00781,11563730,38830.73177,39054.86953
2019-05-15,42700,43050,42550,42550,38664.14063,7670185,38724.71875,38745.92109
2019-05-16,42350,42400,41350,41550,37755.46484,13687828,38391.53776,38582.36016
2019-05-17,41950,42050,40850,41200,37437.41797,13357951,37952.34115,38273.40781
2019-05-20,41650,42100,41550,42000,38164.37109,15752397,37785.7513,38155.28047
2019-05-21,42600,43950,42350,43150,39209.33594,18812133,38270.375,38246.14609
2019-05-22,43700,43800,42400,43500,39527.38281,11033339,38967.02995,38418.79453
2019-05-23,43900,44000,43250,43850,39845.42188,12259006,39527.38021,38836.78594
2019-05-24,43800,43800,42400,42700,38800.44531,13966305,39391.08333,39109.39141
2019-05-27,42500,43000,42350,42650,38755.00781,8066669,39133.625,39227.51875
2019-05-28,42550,42950,42150,42550,38664.14063,24506881,38739.86458,39118.47969
2019-05-29,41850,42100,41300,41800,37982.63281,14930618,38467.26042,38809.52969
2019-05-30,42200,42700,42150,42550,38664.14063,11766018,38436.97136,38573.27344
2019-05-31,42600,42800,42150,42500,38618.70703,11365999,38421.82682,38536.92578
2019-06-03,42950,43900,42500,43800,39799.98438,15466580,39027.61068,38745.9211
2019-06-04,43400,43700,43000,43450,39481.95313,9913497,39300.21485,38909.4836
2019-06-05,44050,44200,43700,43900,39890.84766,12464135,39724.26172,39291.12657
2019-06-07,43600,44350,43450,44200,40163.45703,11683682,39845.41927,39590.98985
2019-06-10,44300,44850,44050,44800,40708.66797,8792182,40254.32422,40008.98203
2019-06-11,44800,45000,44550,44850,40754.09375,6664872,40542.07292,40199.80391
2019-06-12,44800,45050,44300,44600,40526.92969,8607439,40663.23047,40408.79922
2019-06-13,44200,44400,43400,43750,39754.54297,16906541,40345.1888,40381.53828
2019-06-14,43750,44150,43300,44000,39981.72266,9322873,40087.73177,40345.19141
2019-06-17,43750,44050,43400,43900,39890.84766,11890424,39875.70443,40181.62735
2019-06-18,43750,44500,43650,44350,40299.75,7994928,40057.44011,40090.7586
2019-06-19,45450,45450,45000,45350,41208.4375,10417690,40466.34505,40227.06016
2019-06-20,44850,45500,44850,45500,41344.73828,7147785,40950.97526,40545.09922
2019-06-21,45750,45800,45200,45700,41526.46875,9454913,41359.88151,40854.04844
2019-06-24,45200,45800,45200,45500,41344.73828,6085066,41405.3151,41144.82656
2019-06-25,45200,45800,45200,45600,41435.59766,7076774,41435.60156,41371.99609
2019-06-26,45800,46000,45600,45700,41526.46875,9226097,41435.60156,41435.60234
2019-06-27,46000,46600,45750,46500,42583.26172,12603534,41848.44271,41683.30703
2019-06-28,47000,47000,46700,47000,43041.15234,12949231,42383.6276,41986.24375
2019-07-01,47350,47400,46250,46600,42674.84375,11383522,42766.41927,42252.26484
2019-07-02,46200,46900,45850,46250,42354.32422,8463073,42690.10677,42436.01016
2019-07-03,45750,46350,45200,45400,41575.91797,9669368,42201.69531,42445.9
2019-07-04,45250,46200,45250,46000,42125.37891,6365573,42018.54037,42354.32344
2019-07-05,45950,45950,45250,45650,41804.85938,7235395,41835.38542,42107.06485
2019-07-08,44750,44800,44350,44400,40660.14453,7823843,41530.12761,41704.125
2019-07-09,44850,45450,44700,45100,41301.19141,7646421,41255.39844,41493.49844
2019-07-10,45550,46150,45500,45550,41713.28516,9253930,41224.8737,41520.97188
2019-07-11,46350,46550,46150,46200,42308.53516,10989751,41774.33724,41557.60313
2019-07-12,46350,46400,45800,46300,42400.11328,5245804,42140.64453,41676.65391
2019-07-15,45950,46650,45750,46450,42537.47656,4717226,42415.375,42052.12031
2019-07-16,46450,46850,46300,46850,42903.78906,7407824,42613.79297,42372.63984
2019-07-17,46150,46350,45950,46050,42171.17188,5216602,42537.47917,42464.21719
2019-07-18,46450,46450,45650,46100,42216.94922,5143554,42430.63672,42445.9
2019-07-19,46650,46950,46600,46800,42857.99609,8819393,42415.3724,42537.47656
2019-07-22,46800,47300,46600,47200,43224.30078,9009109,42766.41536,42674.84141
2019-07-23,47350,47550,47050,47300,43315.87891,9061381,43132.72526,42757.25938
2019-07-24,47100,47150,46250,46400,42491.69141,8756522,43010.6237,42821.36328
2019-07-25,47150,47200,46600,47200,43224.30078,8408838,43010.6237,43022.83359
2019-07-26,46650,47150,46550,47150,43178.51953,7873886,42964.83724,43086.93828
2019-07-29,46800,47050,46000,46100,42216.94922,6856846,42873.25651,42885.46797
2019-07-30,46300,46850,46300,46550,42629.05078,5551014,42674.83984,42748.10234
2019-07-31,46200,46600,45000,45350,41530.13281,12872916,42125.3776,42555.79062
2019-08-01,44900,45500,44850,45200,41392.76172,7811181,41850.64844,42189.48281
2019-08-02,44550,45500,44300,44950,41163.82031,12151374,41362.23828,41786.54297
2019-08-05,44350,44600,43600,43950,40248.05078,14214086,40934.8776,41392.76328
2019-08-06,42500,43800,42500,43500,39835.95703,15083824,40415.94271,40834.14453
2019-08-07,43600,43900,43100,43200,39561.22656,10002533,39881.74479,40440.36328
2019-08-08,43250,43500,42650,42650,39057.55078,16926881,39484.91146,39973.32109
2019-08-09,43250,43350,43050,43150,39515.43359,9685147,39378.07031,39643.64375
2019-08-12,44000,44000,43550,43700,40019.10938,8466169,39530.69792,39597.85547
2019-08-13,43500,43500,42950,43000,39378.07813,7276979,39637.54037,39506.27969
2019-08-14,43900,44250,43500,43700,40019.10938,8750135,39805.4323,39597.85625
2019-08-16,43800,43900,43300,43900,40202.26953,9528115,39866.48568,39826.8
2019-08-19,44350,44350,43500,43600,39927.53906,6014218,40049.63932,39909.2211
2019-08-20,43950,44600,43550,44450,40705.94141,8434205,40278.58333,40046.5875
2019-08-21,44350,44800,44150,44500,40751.72656,6571717,40461.73568,40321.31719
2019-08-22,44500,44700,43850,44050,40339.62891,8061177,40599.09896,40385.42109
2019-08-23,43800,44200,43650,43950,40248.05078,5017381,40446.46875,40394.57734
2019-08-26,43050,43800,42950,43600,39927.53906,7954949,40171.73958,40394.57734
2019-08-27,43650,44200,43600,44050,40339.62891,16883932,40171.73958,40321.31484
2019-08-28,44100,44400,43750,44150,40431.20313,5758333,40232.79037,40257.21016
2019-08-29,44200,44200,43050,43400,39744.38281,10768862,40171.73828,40138.16094
2019-08-30,43750,44300,43750,44000,40293.83984,9899073,40156.47526,40147.31875
2019-09-02,44850,44850,43650,43800,40110.69141,7185537,40049.63802,40183.94922
2019-09-03,43550,43650,43100,43250,39607.01563,9774941,40003.84896,40037.42656
2019-09-04,43250,44100,43150,44100,40385.41406,12441837,40034.3737,40028.26875
2019-09-05,44800,46100,44450,45700,41850.65234,18297430,40614.36068,40449.52266
2019-09-06,46500,46500,45850,46300,42400.11328,9896562,41545.39323,40870.77734
2019-09-09,46450,47000,46300,46900,42949.57031,9434157,42400.11198,41438.55312
2019-09-10,47100,47200,46550,47000,43041.15234,9231792,42796.94531,42125.38047
2019-09-11,47300,47400,46800,47150,43178.51953,16141619,43056.41406,42684.00156
2019-09-16,47000,47100,46400,47100,43132.72656,15550926,43117.46614,42940.4164
2019-09-17,47000,47100,46800,46900,42949.57031,7006280,43086.9388,43050.30781
2019-09-18,46900,47700,46800,47700,43682.1875,10413027,43254.82812,43196.83125
2019-09-19,48050,49200,47850,49150,45010.05859,16461413,43880.60547,43590.6125
2019-09-20,49400,49600,49100,49200,45055.83984,15460210,44582.69531,43966.07656
2019-09-23,49250,49300,49000,49300,45147.41406,7568553,45071.10416,44369.01406
2019-09-24,49050,49650,48850,49500,45330.57422,7871955,45177.94271,44845.21484
2019-09-25,49200,49350,48800,48900,44781.11328,9187141,45086.36719,45065
2019-09-26,49000,49250,48900,49200,45055.83984,8494756,45055.84245,45074.15625
2019-09-27,48000,48700,48000,48400,44644.44531,8048041,44827.13281,44991.87734
2019-09-30,48050,49250,47900,49050,45244.01563,9497119,44981.43359,45011.19766
2019-10-01,48900,49100,48650,48850,45059.53125,6206035,44982.66406,44956.98906
2019-10-02,48350,48400,47600,47600,43906.51953,8382463,44736.6888,44782.07031
2019-10-04,47400,48650,47350,48000,44275.48438,9331695,44413.84505,44625.99922
2019-10-07,48350,48700,47650,47750,44044.89063,7047273,44075.63151,44506.08828
2019-10-08,47900,49000,47600,48900,45105.65234,14239367,44475.34245,44478.41563
2019-10-10,48200,49200,48000,48550,44782.80859,18639855,44644.45052,44423.07109
2019-10-11,49000,49450,48800,49150,45336.25781,7783275,45074.90625,44709.01875
2019-10-14,50000,50300,49850,50000,46120.28906,11130635,45413.11849,45077.97969
2019-10-15,49900,50200,49900,50100,46212.53906,6058105,45889.69531,45511.50937
2019-10-16,50700,50900,50400,50700,46765.98438,9136282,46366.27083,45843.57578
2019-10-17,50500,50600,50100,50500,46581.50391,6701380,46520.00912,46203.31484
2019-10-18,50300,50900,49650,49900,46028.0625,8483106,46458.51693,46341.67578
2019-10-21,49900,50400,49800,50300,46397.02344,4406531,46335.52995,46397.02266
2019-10-22,50800,51500,50700,51200,47227.18359,10898729,46550.75651,46599.95156
2019-10-23,51300,51500,50800,51200,47227.18359,8663880,46950.46354,46692.19141
2019-10-24,52500,52500,50500,50700,46765.98438,21185785,47073.45052,46729.0875
2019-10-25,50800,51200,50500,50900,46950.46094,7879897,46981.20964,46913.56719
2019-10-28,50700,51500,50700,51300,47319.42578,6431522,47011.95703,47098.04766
2019-10-29,51400,51700,50800,51100,47134.94141,7581629,47134.94271,47079.59922
2019-10-30,50700,50800,50200,50400,46489.25781,8959435,46981.20833,46932.01406
2019-10-31,51000,51400,50300,50400,46489.25781,10304777,46704.48568,46876.66875
2019-11-01,50600,51200,50400,51200,47227.18359,8467846,46735.23307,46932.01328
2019-11-04,51700,52300,51400,52300,48241.83203,13012411,47319.42448,47116.49453
2019-11-05,52400,52700,52100,52700,48610.79688,10581034,48026.60417,47411.66562
2019-11-06,52900,53500,52700,53300,49164.23438,14361133,48672.28776,47946.66094
2019-11-07,53400,53400,52400,52900,48795.28125,9257116,48856.77084,48407.86563
2019-11-08,53200,53300,52000,52100,48057.35156,11603290,48672.28906,48573.89922
2019-11-11,52200,52200,51400,51600,47596.14453,8185952,48149.59245,48444.76172
2019-11-12,51800,52600,51600,52600,48518.55078,6576148,48057.34896,48426.3125
2019-11-13,52500,52500,52000,52500,48426.3125,6225196,48180.33594,48278.72812
2019-11-14,51900,52800,51900,52800,48703.03516,12010018,48549.29948,48260.27891
2019-11-15,52900,53700,52600,53700,49533.20313,9703360,48887.51693,48555.44922
2019-11-18,53600,53800,53200,53500,49348.72266,7746554,49194.98698,48905.96485
2019-11-19,53200,53500,52700,53500,49348.72266,8907177,49410.21615,49071.99922
2019-11-20,53400,53400,52000,52000,47965.10938,12560070,48887.51823,48979.7586
2019-11-21,51600,52100,50600,51000,47042.70313,14298646,48118.84506,48647.69219
2019-11-22,51000,51600,50900,51600,47596.14453,8478310,47534.65235,48260.28047
2019-11-25,52200,52600,51700,51800,47780.63281,9050625,47473.16016,47946.6625
2019-11-26,51900,52900,51800,51800,47780.63281,27372226,47719.13672,47633.04453
2019-11-27,51800,52300,51600,52200,48149.59766,7546261,47903.62109,47669.94219
2019-11-28,51900,52100,51300,51300,47319.42578,6833885,47749.88542,47725.28672
2019-11-29,51200,51400,50200,50300,46397.02344,11179334,47288.68229,47485.4625
2019-12-02,50900,51300,50400,50400,46489.25781,18877252,46735.23568,47227.1875
2019-12-03,49800,50300,49500,49900,46028.0625,12059812,46304.78125,46876.67344
2019-12-04,49600,49850,49000,49450,45612.97266,13246549,46043.43099,46369.34844
2019-12-05,50200,50400,49500,49500,45659.09766,10449715,45766.71094,46037.28281
2019-12-06,50100,50900,49950,50400,46489.25781,11414563,45920.44271,46055.72969
2019-12-09,50900,51400,50700,51200,47227.18359,8470627,46458.51302,46203.31484
2019-12-10,51000,51600,50700,51500,47503.91016,6882771,47073.45052,46498.48438
2019-12-11,51500,52200,51400,51900,47872.86719,11379521,47534.65365,46950.46328
2019-12-12,53000,53300,52700,53300,49164.23438,29178697,48180.33724,47651.49063
2019-12-13,54500,54800,53900,54700,50455.60547,18120261,49164.23568,48444.76016
2019-12-16,54500,54900,54300,54700,50455.60547,11512405,50025.14844,49090.44453
2019-12-17,55800,56700,55400,56700,52300.41797,19358433,51070.54297,50049.7461
2019-12-18,56700,57200,56000,56300,51931.45703,15558208,51562.49349,50861.46406
2019-12-19,57000,57300,55500,56000,51654.73828,14180520,51962.20443,51359.56484
2019-12-20,56100,56500,55600,56000,51654.73828,12095519,51746.97786,51599.39141
2019-12-23,56100,56400,55100,55500,51193.53125,9839252,51501.0026,51746.97656
2019-12-24,55600,55700,54800,55000,50732.32422,11868463,51193.53125,51433.35781
2019-12-26,54700,55400,54400,55400,51101.29688,9645034,51009.05078,51267.32578
2019-12-27,55700,56900,55500,56500,52451.09766,12313056,51428.23959,51426.59766
2019-12-30,56200,56600,55700,55800,51801.25781,8356767,51784.55078,51455.90156
2020-01-02,55500,56000,55000,55200,51244.25,12993228,51832.20182,51466.04531
2020-01-03,56000,56600,54900,55500,51522.75781,15422255,51522.75521,51624.13203
2020-01-06,54900,55600,54600,55500,51522.75781,10278951,51429.92187,51708.42422
2020-01-07,55700,56400,55600,55800,51801.25781,10009778,51615.59114,51578.45625
2020-01-08,56200,57400,55900,56800,52729.59766,23501171,52017.87109,51764.12422
2020-01-09,58400,58600,57400,58600,54400.60547,24102579,52977.15365,52395.39531
2020-01-10,58800,59700,58300,59500,55236.10547,16000170,54122.10287,53138.06484
2020-01-13,59600,60000,59100,60000,55700.27344,11359139,55112.32813,53973.56797
2020-01-14,60400,61000,59900,60000,55700.27344,16906295,55545.55078,54753.3711
2020-01-15,59500,59600,58900,59000,54771.93359,14300928,55390.82682,55161.83828
2020-01-16,59100,60700,59000,60700,56350.11719,14381774,55607.44141,55551.74063
2020-01-17,61900,62000,61000,61300,56907.12109,16025661,56009.72396,55885.94375
2020-01-20,62000,62800,61700,62400,57928.28516,12528855,57061.84115,56331.54609
2020-01-21,62000,62400,61200,61400,56999.95313,11142693,57278.45313,56591.48203
2020-01-22,60500,62600,60400,62300,57835.44531,15339565,57587.89453,57204.18438
2020-01-23,61800,61800,60700,60800,56442.94922,14916555,57092.78255,57222.75078
2020-01-28,59400,59400,58300,58800,54586.27734,23664541,56288.22396,56758.58203
2020-01-29,59100,59700,58800,59100,54864.76953,16446102,55297.9987,56145.87891
2020-01-30,58800,58800,56800,57200,53100.92188,20821939,54183.98958,55366.07266
2020-01-31,57800,58400,56400,56400,52358.26172,19749457,53441.31771,54270.63594
2020-02-03,55500,57400,55200,57200,53100.92188,23995260,52853.36849,53602.23047
2020-02-04,57100,59000,56800,58900,54679.10938,21800192,53379.43099,53620.79688
2020-02-05,60000,60200,58900,59500,55236.10547,19278165,54338.71224,53695.06407
2020-02-06,60100,61100,59700,61100,56721.44922,14727159,55545.55469,54419.16953
2020-02-07,61100,61200,59700,60400,56071.61328,16402493,56009.72266,55161.83985
2020-02-10,59200,59800,59100,59700,55421.77734,13107121,56071.61328,55626.01094
2020-02-11,59800,60700,59700,59900,55607.44141,11071231,55700.27734,55811.67734
2020-02-12,60300,60700,59700,60500,56164.44922,12904207,55731.22266,55997.34609
2020-02-13,61200,61600,60500,60700,56350.11719,18449775,56040.66927,55923.07969
2020-02-14,60900,61900,60200,61800,57371.28125,13276067,56628.61589,56183.01328
2020-02-17,61600,62000,61200,61500,57092.78125,8740596,56938.0599,56517.21406
2020-02-18,60800,60900,59700,59800,55514.61328,16674266,56659.55859,56498.64844
2020-02-19,59800,60400,59400,60200,55885.94531,12951496,56164.44661,56442.94766
2020-02-20,60700,61300,59600,60000,55700.27344,14591924,55700.27734,56312.97891
2020-02-21,58800,59800,58500,59200,54957.60547,13777393,55514.60807,55830.24375
2020-02-24,57400,58100,56800,56800,52729.59766,25627537,54462.49219,54957.60703
2020-02-25,56200,58000,56200,57900,53750.76953,23885408,53812.65755,54604.83828
2020-02-26,56000,57000,56000,56500,52451.09766,25483102,52977.15495,53917.86875
2020-02-27,56300,56900,55500,55900,51894.08594,23209541,52698.65104,53156.63125
2020-02-28,55000,55500,54200,54200,50315.91797,30054227,51553.70052,52228.29375
2020-03-02,54300,55500,53600,55000,51058.58203,30403412,51089.52865,51894.09063
2020-03-03,56700,56900,55100,55400,51429.92578,30330295,50934.80859,51429.92188
2020-03-04,54800,57600,54600,57400,53286.60156,24765728,51925.03646,51597.02266
2020-03-05,57600,58000,56700,57800,53657.92969,21698990,52791.48568,51949.79141
2020-03-06,56500,57200,56200,56500,52451.09766,18716656,53131.8763,52376.82734
2020-03-09,56500,56500,56500,56500,52451.09766,0,52853.375,52655.33047
2020-03-10,53800,54900,53700,54600,50687.25,32106554,51863.14844,52506.79531
2020-03-11,54300,54400,52000,52100,48366.41016,45707281,50501.58594,51522.75703
2020-03-12,52100,52100,52100,52100,48366.41016,0,49140.02344,50464.45313
2020-03-13,47450,51600,46850,49950,46370.48047,59462933,47701.10026,49248.32969
2020-03-16,50100,50900,48800,48900,45395.73047,33339821,46710.8737,47837.25625
2020-03-17,46900,49650,46700,47300,43910.38281,51218151,45225.53125,46481.88281
2020-03-18,47750,48350,45600,45600,42332.21484,40152623,43879.44271,45275.04375
2020-03-19,46400,46650,42300,42950,39872.11328,56925513,42038.23698,43576.18437
2020-03-20,44150,45500,43550,45400,42146.54297,49730008,41450.29036,42731.39687
2020-03-23,42600,43550,42400,42500,39454.35547,41701626,40491.00391,41543.12187
2020-03-24,43850,46950,43050,46950,43585.46484,49801908,41728.78776,41478.13828
2020-03-25,48950,49600,47150,48650,45163.64063,52735922,42734.48698,42044.42344
2020-03-26,49000,49300,47700,47800,44374.55078,42185129,44374.55208,42944.91094
2020-03-27,49600,49700,46850,48300,44838.72656,39896178,44792.30599,43483.34766
2020-03-30,47050,48350,46550,47850,44748.94531,26797395,44654.07422,44542.26562
2020-03-31,48000,48500,47150,47750,44655.42969,30654261,44747.70052,44756.25859
2020-04-01,47450,47900,45800,45800,42831.79688,27259532,44078.72396,44289.88984
2020-04-02,46200,46850,45350,46800,43766.99219,21621076,43751.40625,44168.37813
2020-04-03,47400,47600,46550,47000,43954.03516,22784682,43517.60808,43991.43985
2020-04-06,47500,48800,47250,48700,45543.85547,23395726,44421.62761,44150.42188
2020-04-07,49650,50200,49000,49600,46385.53125,31524034,45294.47396,44496.44219
2020-04-08,49600,49750,48600,48600,45450.33594,25010314,45793.24089,45020.15
2020-04-09,49750,49800,48700,49100,45917.92969,22628058,45917.93229,45450.3375
2020-04-10,48950,49250,48650,49250,46058.21094,17839111,45808.82552,45871.17266
2020-04-13,48650,48900,48300,48300,45169.78516,14431800,45715.3086,45796.3586
2020-04-14,48800,49200,48300,49000,45824.41406,14206216,45684.13672,45684.13516
2020-04-16,49350,49350,48550,49000,45824.41406,23349760,45606.20443,45758.95078
2020-04-17,50800,52000,50300,51400,48068.87891,32041675,46572.56901,46189.14063
2020-04-20,51400,51400,50000,50100,46853.125,21866354,46915.47266,46348.12344
2020-04-21,49400,49700,48700,49250,46058.21094,27407543,46993.40495,46525.80859
2020-04-22,48700,50000,48350,49850,46619.32813,18613864,46510.22136,46684.79141
2020-04-23,50200,50300,49500,49850,46619.32813,18754442,46432.28907,46843.77422
2020-04-24,49650,49750,49000,49350,46151.73828,15618347,46463.46485,46460.3461
2020-04-27,49350,50000,49100,49850,46619.32813,14049471,46463.46485,46413.58672
2020-04-28,49850,50100,49300,50100,46853.125,16095399,46541.39714,46572.56953
2020-04-29,49900,50500,49600,50000,46759.60547,15604533,46744.01953,46600.625
2020-05-04,48900,49100,48500,48500,45356.81641,26083749,46323.18229,46348.12266
2020-05-06,49000,49200,48500,49200,46011.45313,18070225,46042.625,46320.06563
2020-05-07,49200,49300,48700,48800,45637.38281,13884411,45668.55078,46123.67656
2020-05-08,49100,49350,48800,48800,45637.38281,15319700,45762.07292,45880.52813
2020-05-11,48900,49250,48300,48400,45263.29688,16357743,45512.6875,45581.26641
2020-05-12,48400,48500,47550,47900,44795.70703,23433590,45232.12891,45469.04453
2020-05-13,47250,48550,47200,48550,45403.58203,20223277,45154.19531,45347.47031
2020-05-14,47750,48100,47650,48000,44889.22266,19305974,45029.50391,45197.83828
2020-05-15,48400,48450,47700,47850,44748.94531,18463118,45013.91667,45020.15078
2020-05-18,47950,49100,47600,48800,45637.38281,20481981,45091.85026,45094.96797
2020-05-19,50100,50500,49700,50300,47040.16797,25168295,45808.83203,45543.86016
2020-05-20,50000,50200,49800,50000,46759.60547,14896899,46479.05208,45815.06484
2020-05-21,50300,50400,49850,49950,46712.84375,14949266,46837.53906,46179.78906
2020-05-22,49600,49800,48600,48750,45590.61719,19706284,46354.35547,46348.12344
2020-05-25,48750,48900,48450,48850,45684.13672,14337913,45995.86589,46357.47422
2020-05-26,48700,49450,48600,49250,46058.21094,15127490,45777.65495,46161.08281
2020-05-27,48950,50000,48800,49900,46666.09375,19548479,46136.14714,46142.38047
2020-05-28,51100,51200,49900,50400,47133.68359,31309318,46619.32943,46226.54844
2020-05-29,50000,50700,49700,50700,47414.24219,27596961,47071.33984,46591.27344
2020-06-01,50800,51200,50600,51200,47881.83594,16949183,47476.58724,47030.81328
2020-06-02,51000,51500,50800,51400,48068.87891,14247933,47788.31901,47432.94688
2020-06-03,51800,55000,51700,54500,50967.97266,49257814,48972.89584,48293.32266
2020-06-04,55800,57000,54600,54600,51061.48828,40220334,50032.77995,49078.8836
2020-06-05,54400,55900,54000,55500,51903.16406,22743629,51310.875,49976.66797
2020-06-08,56400,56500,54700,54900,51342.05078,25634965,51435.56771,50668.71094
2020-06-09,55800,56500,54400,55500,51903.16406,23998831,51716.1263,51435.56797
2020-06-10,55100,55900,54900,55400,51809.64844,16742493,51684.95443,51603.90312
2020-06-11,54500,55100,53200,54300,50780.93359,33815123,51497.91536,51547.79219
2020-06-12,52100,52800,51500,52300,48910.54688,26976019,50500.3763,50949.26875
2020-06-15,51400,52000,49900,49900,46666.09375,28772921,48785.85807,50014.07734
2020-06-16,51200,52100,50600,52100,48723.51172,21808375,48100.05078,49378.14688
2020-06-17,52100,52900,51300,52200,48817.03516,26672595,48068.88021,48779.62422
2020-06-18,52200,52300,51600,52300,48910.54688,15982926,48817.03125,48405.54688
2020-06-19,52600,52900,51600,52900,49471.66406,18157985,49066.41537,48517.77031
2020-06-22,52000,52600,51800,52000,48629.99219,13801350,49004.06771,48910.55
2020-06-23,52500,52800,51100,51400,48068.87891,18086152,48723.51172,48779.62344
2020-06-24,51900,53900,51600,52900,49471.66406,24519552,48723.51172,48910.54922
2020-06-25,52100,53000,51900,51900,48536.47266,18541624,48692.33854,48835.73438
2020-06-26,52800,53900,52200,53300,49845.73438,21575360,49284.6237,48910.54844
2020-06-29,52500,53200,52000,52400,49331.71094,17776925,49237.97266,49050.89219
2020-06-30,53900,53900,52800,52800,49708.29297,21157172,49628.57943,49378.775
2020-07-01,53400,53600,52400,52600,49519.99609,16706143,49520,49388.44141
2020-07-02,52100,52900,52100,52900,49802.4375,14142583,49676.90885,49641.63438
2020-07-03,53000,53600,52700,53600,50461.44531,11887868,49927.95963,49764.77656
2020-07-06,54000,55000,53800,55000,51779.46484,19856623,50681.11588,50254.32734
2020-07-07,55800,55900,53400,53400,50273.15625,30760032,50838.02213,50367.3
2020-07-08,53600,53900,52900,53000,49896.57813,19664652,50649.73307,50442.61641
2020-07-09,53200,53600,52800,52800,49708.29297,17054850,49959.34245,50423.7875
2020-07-10,53100,53200,52300,52700,49614.14453,13714746,49739.67188,50254.32734
2020-07-13,53300,53800,53100,53400,50273.15625,12240188,49865.19792,49953.06563
2020-07-14,53700,53800,53200,53800,50649.73438,14269484,50179.01172,50028.38125
2020-07-15,54400,55000,54300,54700,51497.03906,24051450,50806.64323,50348.47344
2020-07-16,54800,54800,53800,53800,50649.73438,16779127,50932.16927,50536.76172
2020-07-17,54200,54700,54100,54400,51214.59766,10096174,51120.45703,50856.85235
2020-07-20,54800,54800,54000,54200,51026.3125,10507530,50963.54818,51007.4836
2020-07-21,55200,55400,54800,55300,52061.89844,18297260,51434.26953,51289.91641
2020-07-22,55300,55500,54700,54700,51497.03906,12885057,51528.41667,51289.91641
2020-07-23,54700,54700,53800,54100,50932.17188,16214932,51497.03646,51346.40391
2020-07-24,54000,54400,53700,54200,51026.3125,10994535,51151.84115,51308.74688
2020-07-27,54300,55700,54300,55600,52344.33594,21054421,51434.27344,51572.35156
2020-07-28,57000,58800,56400,58600,55168.67578,48431566,52846.44141,52193.70703
2020-07-29,60300,60400,58600,59000,55545.24609,36476611,54352.7526,53003.34844
2020-07-30,59700,60100,59000,59000,55545.24609,19285354,55419.72265,53925.96328
2020-07-31,59500,59600,57700,57900,54509.65625,21943345,55200.04948,54622.63203
2020-08-03,57800,57900,56700,56800,53474.07422,21158940,54509.65885,54848.57969
2020-08-04,57200,58100,57000,57300,53944.79688,19419694,53976.17578,54603.80391
2020-08-05,57300,57500,56300,56900,53568.21484,17739706,53662.36198,54208.39766
2020-08-06,57100,58400,57100,58000,54603.80469,21625874,54038.9388,54020.10938
2020-08-07,57900,58400,57100,57500,54133.08203,18751717,54101.70052,53944.79453
2020-08-10,57600,58300,57500,57800,54415.50781,17774291,54384.13151,54133.08125
2020-08-11,58000,59500,57800,58200,54792.08984,24907912,54446.89323,54302.53984
2020-08-12,58200,59000,57700,59000,55545.24609,18573934,54917.61458,54697.94609
2020-08-13,59400,59600,58000,58700,55262.8125,22089460,55200.04948,54829.74765
2020-08-14,58000,58400,57700,58000,54603.80469,15672548,55137.28776,54923.89219
2020-08-18,58900,59900,58000,58400,54980.375,25307825,54948.9974,55036.86562
2020-08-19,59000,59200,57800,57800,54415.50781,16930719,54666.5625,54961.54922
2020-08-20,57600,57600,55300,55400,52156.04688,30386029,53850.64323,54283.70938
2020-08-21,56200,56900,55800,55900,52626.76563,21142288,53066.10677,53756.5
2020-08-24,55800,56600,55400,56100,52815.05469,15055896,52532.6224,53398.75
2020-08-25,56400,56800,56100,56400,53097.48828,14021705,52846.4362,53022.17266
2020-08-26,56400,56500,55700,56400,53097.48828,17651593,53003.34375,52758.56875
2020-08-27,56300,56300,55600,55600,52344.33594,16196568,52846.4375,52796.22656
2020-08-28,56100,56300,55400,55400,52156.04688,14619888,52532.6237,52702.08281
2020-08-31,56000,56100,54000,54000,50838.01953,32671367,51779.46745,52306.67578
2020-09-01,54100,54800,54100,54200,51026.3125,19363117,51340.1263,51892.44063
2020-09-02,54600,55100,54100,54400,51214.59766,16905723,51026.3099,51515.8625
2020-09-03,55600,56700,55500,56400,53097.48828,28384920,51779.46615,51666.49297
2020-09-04,55200,55800,55100,55600,52344.33594,22139109,52218.80729,51704.15078
2020-09-07,56100,57300,55800,56500,53191.63281,18685880,52877.81901,52174.87344
2020-09-08,57400,58700,57200,58700,55262.8125,31517520,53599.59375,53022.17344
2020-09-09,58200,59300,57800,58400,54980.375,30597399,54478.27344,53775.32891
2020-09-10,59900,60000,59100,59200,55733.53516,29923293,55325.57422,54302.53828
2020-09-11,59300,59400,58200,59000,55545.24609,16017098,55419.71875,54942.72031
2020-09-14,60200,60800,59900,60400,56863.26953,20648281,56047.35026,55677.04766
2020-09-15,60900,61000,60500,61000,57428.13281,17877075,56612.21614,56110.11172
2020-09-16,61100,61300,60600,61000,57428.13281,17041444,57239.84505,56599.66328
2020-09-17,60700,60800,59300,59500,56015.97266,25108356,56957.41276,56656.15078
2020-09-18,59800,59900,59100,59300,55827.67969,18884571,56423.92839,56712.6375
2020-09-21,59100,60000,59000,59200,55733.53516,15140387,55859.0625,56486.69063
2020-09-22,59100,59700,57800,58200,54792.08984,20830381,55451.10156,55959.48203
2020-09-23,58400,58800,57400,58600,55168.67578,20111398,55231.43359,55507.59063
2020-09-24,57700,58600,57600,57800,54415.50781,17564020,54792.09114,55187.49766
2020-09-25,57700,58200,57700,57900,54509.65625,11444683,54697.94661,54923.89297
2020-09-28,58300,58800,57900,58200,55129.14844,12614080,54684.77083,54803.01562
2020-09-29,58300,59000,58200,58200,55129.14844,15503563,54922.65104,54870.42734
2020-10-05,57500,59200,57500,58700,55602.76953,20228289,55287.02214,54957.24609
2020-10-06,59400,59900,58700,59000,55886.94141,14463826,55539.61979,55251.53281
2020-10-07,58700,59900,58500,59900,56739.45703,14861838,56076.38932,55697.49297
2020-10-08,60500,60700,59500,59700,56550.00391,24589924,56392.13412,55981.66406
2020-10-12,60000,60400,59900,60400,57213.07031,16145837,56834.17708,56398.44844
2020-10-13,61000,61400,60400,60900,57686.6875,19247631,57149.92057,56815.23203
2020-10-14,61000,61100,60500,60900,57686.6875,16086716,57528.8151,57175.18125
2020-10-15,60700,60800,59700,60000,56834.17969,17756232,57402.51823,57194.12578
2020-10-16,60000,60400,59000,59500,56360.55859,16554190,56960.47526,57156.23672
2020-10-19,59600,60200,59500,60000,56834.17969,14474985,56676.30599,57080.45859
2020-10-20,60300,60900,60100,60900,57686.6875,19326115,56960.47526,57080.45859
2020-10-21,61200,61500,60600,60900,57686.6875,15703443,57402.51823,57080.45859
2020-10-22,60300,60500,59800,60100,56928.90234,14294095,57434.09245,57099.40312
2020-10-23,60400,60400,59800,60200,57023.625,9322232,57213.07161,57232.01641
2020-10-26,60400,61100,60100,60400,57213.07031,13268226,57055.19922,57307.79453
2020-10-27,60300,60300,59500,59800,56644.73047,17260416,56960.47526,57099.40312
2020-10-28,59400,59400,58800,59000,55886.94141,14428882,56581.58073,56739.45391
2020-10-29,58200,58500,57500,58100,55034.42969,22636966,55855.36719,56360.55938
2020-10-30,58000,58000,56600,56600,53613.57031,26907844,54844.98047,55678.54844
2020-11-02,56400,57500,56000,57400,54371.36328,20489076,54339.78776,55110.20703
2020-11-03,57900,58900,57600,58800,55697.49609,14950919,54560.80989,54920.76016
2020-11-04,58900,59000,57800,58500,55413.32031,21718561,55160.72656,54826.03594
2020-11-05,59000,60300,58800,60300,57118.34766,20639475,56076.38802,55242.81953
2020-11-06,60700,60800,59600,60100,56928.90234,16910230,56486.85677,55905.88594
2020-11-09,60700,60900,60100,60200,57023.625,15892961,57023.625,56436.33828
2020-11-10,60500,60500,59500,60200,57023.625,19073552,56992.05078,56701.56406
2020-11-11,60700,61400,60400,61300,58065.58984,25628510,57370.94661,57232.01797
2020-11-12,61000,61400,60700,61000,57781.41016,19800573,57623.54167,57364.63047
2020-11-13,61300,63200,61000,63200,59865.33594,31508829,58570.77865,57951.91719
2020-11-16,64000,66700,63900,66300,62801.76172,36354334,60149.50261,59107.54453
2020-11-17,67000,67000,65600,65700,62233.41797,30204089,61633.50521,60149.50313
2020-11-18,65700,66200,64700,64800,61380.91016,22963790,62138.69662,60812.56719
2020-11-19,64100,64800,63900,64600,61191.46875,16590290,61601.93229,61494.57891
2020-11-20,63900,65200,63900,64700,61286.19141,15068682,61286.19011,61778.75
2020-11-23,64800,67800,64700,67500,63938.44531,27134398,62138.70182,62006.08672
2020-11-24,67900,69500,67000,67700,64127.89453,32158235,63117.51042,62384.98203
2020-11-25,67900,68300,66500,66600,63085.9375,32447065,63717.42578,62725.9875
2020-11-26,66100,68000,66000,68000,64412.07422,19023323,63875.30208,63370.10859
2020-11-27,68000,68400,67600,68200,64601.51953,14063434,64033.17708,64033.17422
2020-11-30,68400,68600,66700,66700,63180.65234,43811016,64064.7487,63881.61562
2020-12-01,67100,68300,67100,67800,64222.625,22327173,64001.59896,63900.56172
2020-12-02,68400,69900,68300,69500,65832.92188,29703942,64412.06641,64449.95859
2020-12-03,70100,70500,69300,69700,66022.36719,23677989,65359.30469,64772.01719
2020-12-04,70400,72100,70100,71500,67727.39844,28130533,66527.5625,65397.19297
2020-12-07,72400,73500,71900,72900,69053.52344,28490496,67601.09636,66571.76719
2020-12-08,72200,72900,71600,71700,67916.84375,25000338,68232.58854,67310.61094
2020-12-09,72100,73900,72000,73900,70000.75781,24077996,68990.375,68144.17813
2020-12-10,72700,73800,72500,72900,69053.52344,39882928,68990.375,68750.40938
2020-12-11,73500,73800,73100,73400,69527.14063,18486672,69527.14063,69110.35781
2020-12-14,73600,74500,73200,73800,69906.02344,21510415,69495.5625,69280.85781
2020-12-15,73800,74100,73300,73800,69906.02344,20863671,69779.72917,69678.69375
2020-12-16,74100,74500,73400,73800,69906.02344,17512081,69906.02344,69659.74688
2020-12-17,73400,73700,72600,73300,69432.42188,24293214,69748.15625,69735.52657
2020-12-18,73300,73700,73000,73000,69148.25,17613029,69495.56511,69659.74844
2020-12-21,73100,73400,72000,73000,69148.25,20367355,69242.97396,69508.19375
2020-12-22,72500,73200,72100,72300,68485.1875,16304910,68927.22917,69224.02656
2020-12-23,72400,74000,72300,73900,70000.75781,19411326,69211.39844,69242.97344
2020-12-24,74100,78800,74000,77800,73694.97656,32502870,70726.97396,70095.48437
2020-12-28,79000,80100,78200,78700,74547.50781,40085044,72747.74739,71175.33594
2020-12-29,78800,78900,77300,78300,76035.1875,30339449,74759.22396,72552.72344
2020-12-30,77400,81300,77300,81000,78657.08594,29417421,76413.26042,74587.10312
2021-01-04,81000,84400,80200,83000,80599.23438,38655276,78430.50261,76706.79844
2021-01-05,81600,83900,81600,83900,81473.21094,35335669,80243.17709,78262.44531
2021-01-06,83300,84500,82100,82200,79822.38281,42089013,80631.60938,79317.42031
2021-01-07,82800,84200,82700,82900,80502.13281,32644642,80599.24219,80210.80938
2021-01-08,83300,90000,83000,88800,86231.47656,59013307,82185.33073,81725.6875
2021-01-11,90000,96800,89500,91000,88367.85156,90306177,85033.82031,83279.41094
2021-01-12,90300,91400,87800,90600,87979.40625,48682416,87526.24479,84580.65
2021-01-13,89800,91200,89100,89700,87105.4375,36068848,87817.5651,86037.26094
2021-01-14,88700,90000,88700,89700,87105.4375,26393970,87396.76042,87357.92187
2021-01-15,89800,91800,88000,88000,85454.60938,33431809,86555.16146,87202.54844
2021-01-18,86600,87300,84100,85000,82541.38281,43227951,85033.8099,86037.25469
2021-01-19,84500,88000,83600,87000,84483.53125,39895044,84159.84115,85338.07969
2021-01-20,89000,89000,86500,87200,84677.75781,25211127,83900.89062,84852.54375
2021-01-21,87500,88600,86500,88100,85551.71875,25318011,84904.33594,84541.8
2021-01-22,89000,89700,86800,86800,84289.3125,30861661,84839.59635,84308.74062
2021-01-25,87000,89900,86300,89400,86814.11719,27258534,85551.71615,85163.2875
2021-01-26,88800,89200,86500,86700,84192.21094,33178936,85098.54688,85105.02344
2021-01-27,86600,87700,85600,85600,83124.03125,26423070,84710.11979,84794.27813
2021-01-28,83200,85600,83200,83700,81278.98438,31859808,82865.07552,83939.73125
2021-01-29,84500,85000,82000,82000,79628.16406,39615978,81343.72656,83007.50156
2021-02-01,81700,83400,81000,83000,80599.23438,28046832,80502.12761,81764.525
2021-02-02,84100,86400,83700,84400,81958.74219,26302077,80728.71354,81317.83125
2021-02-03,84800,85400,83400,84600,82152.96094,22112205,81570.3125,81123.61719
2021-02-04,83500,83800,82100,82500,80113.70313,24171688,81408.46875,80890.56094
2021-02-05,83100,84000,82500,83500,81084.77344,18036835,81117.14584,81181.88282
2021-02-08,83800,84200,83000,83000,80599.23438,15338765,80599.23698,81181.88282
2021-02-09,84000,84800,82700,82700,80307.91406,20898332,80663.97396,80851.71719
2021-02-10,82600,82600,81600,81600,79239.72656,23025766,80048.95833,80269.07031
2021-02-15,83800,84500,83300,84200,81764.52344,23529706,80437.38802,80599.23438
2021-02-16,84500,86000,84200,84900,82444.27344,20483100,81149.50781,80871.13438
2021-02-17,83900,84200,83000,83200,80793.45313,18307735,81667.41667,80909.97813
2021-02-18,83200,83600,82100,82100,79725.27344,21327683,80987.66667,80793.45
2021-02-19,82300,82800,81000,82600,80210.8125,25880879,80243.17969,80987.66719
2021-02-22,83800,84200,82200,82200,79822.38281,25419886,79919.48958,80599.23906
2021-02-23,81200,82900,81100,82000,79628.16406,20587314,79887.11979,80036.01719
2021-02-24,81800,83600,81300,82000,79628.16406,26807651,79692.90364,79802.95937
2021-02-25,84000,85400,83000,85300,82832.71094,34155986,80696.34635,80424.44687
2021-02-26,82800,83400,82000,82500,80113.70313,38520800,80858.19271,80405.025
2021-03-02,85100,85300,83000,83600,81181.875,33498180,81376.09636,80676.92344
2021-03-03,83500,84000,82800,84000,81570.30469,19882132,80955.29427,81065.35156
2021-03-04,82600,83200,82200,82400,80016.59375,24348331,80922.92448,81143.0375
2021-03-05,81100,82600,81100,82100,79725.27344,20508971,80437.39063,80521.55
2021-03-08,82900,83000,81600,82000,79628.16406,17641256,79790.01042,80424.44219
2021-03-09,81400,81900,80600,81400,79045.51563,25420764,79466.31771,79997.17031
2021-03-10,82400,82500,80700,80900,78559.97656,20038422,79077.88542,79395.10469
2021-03-11,81000,82500,81000,82000,79628.16406,23818297,79077.88542,79317.41875
2021-03-12,83100,83500,82400,82800,80405.02344,13530573,79531.05469,79453.36875
2021-03-15,82800,82900,81800,81800,79433.94531,13735798,79822.3776,79414.525
2021-03-16,82200,83000,82100,82800,80405.02344,12293537,80081.33073,79686.42656
2021-03-17,82800,82900,82000,82300,79919.48438,11625146,79919.48438,79958.32813
2021-03-18,82800,83800,82600,82900,80502.13281,18585244,80275.54688,80133.12188
2021-03-19,82100,82500,81800,81900,79531.05469,15869700,79984.22396,79958.32813
2021-03-22,82000,82300,81700,82000,79628.16406,12670506,79887.11719,79997.17188
2021-03-23,82600,82900,81800,81800,79433.94531,13299907,79531.05469,79802.95625
2021-03-24,81000,81600,80700,81000,78657.08594,17926638,79239.73177,79550.47656
2021-03-25,81000,82100,80800,81200,78851.30469,14758826,78980.77865,79220.31094
2021-03-26,81400,81600,81000,81500,79142.625,12845778,78883.67188,79142.625
2021-03-29,81700,81700,81000,81600,79239.72656,14952134,79077.88542,79064.9375
2021-03-30,81600,82300,81300,82200,80177.08594,13121698,79519.8125,79213.56563
2021-03-31,82400,82700,81400,81400,79396.77344,17240518,79604.52865,79361.50313
2021-04-01,82500,83000,82000,82900,80859.85156,18676461,80144.57031,79763.2125
2021-04-02,84000,85200,83900,84800,82713.10938,22997538,80989.91146,80477.30938
2021-04-05,85800,86000,84800,85400,83298.32813,16255990,82290.42969,81289.02969
2021-04-06,86200,86200,85100,86000,83883.57031,19042023,83298.33594,82030.32656
2021-04-07,86100,86200,85400,85600,83493.39844,17885538,83558.43229,82849.65156
2021-04-08,85700,85700,84100,84700,82615.5625,19244259,83330.84375,83200.79375
2021-04-09,84700,84900,83400,83600,81542.63281,18193707,82550.53125,82966.69844
2021-04-12,84100,84100,83100,83200,81152.48438,12915282,81770.22656,82537.52969
2021-04-13,83000,84500,82800,84000,81932.78125,15238206,81542.63281,82147.37188
2021-04-14,84000,84300,83400,84000,81932.78125,13794652,81672.68229,81835.24844
2021-04-15,83700,84500,83400,84100,82030.32031,16377412,81965.29427,81718.2
2021-04-16,84700,84700,83600,83900,81835.25,15429522,81932.78385,81776.72344
2021-04-19,83800,84000,83300,83300,81250.01563,15287311,81705.19531,81796.22969
2021-04-20,83300,84000,83100,83900,81835.25,15521965,81640.17188,81776.72344
2021-04-21,83300,83500,82500,82600,80567.24219,21636079,81217.50261,81503.61563
2021-04-22,82900,83000,82400,82400,80372.15625,13934746,80924.88281,81171.98281
2021-04-23,81900,82900,81600,82800,80762.3125,17805080,80567.23698,80957.39531
2021-04-26,82900,83500,82600,83500,81445.08594,15489938,80859.85156,80996.40938
2021-04-27,83200,83300,82500,82900,80859.85156,12941533,81022.41667,80801.32969
2021-04-28,83200,83200,82100,82100,80079.54688,15596759,80794.82813,80703.79063
2021-04-29,82400,82500,81500,81700,79689.38281,20000973,80209.59375,80567.23594
2021-04-30,81900,82100,81500,81500,79494.3125,18673197,79754.41406,80313.63594
2021-05-03,81000,82400,81000,81700,79689.38281,15710336,79624.35937,79962.49531
2021-05-04,81900,82600,81800,82600,80567.24219,12532550,79916.97917,79903.97344
2021-05-06,81700,82300,81700,82300,80274.61719,17047511,80177.08073,79942.9875
2021-05-07,81800,82100,81500,81900,79884.47656,14154882,80242.11198,79982.00625
2021-05-10,82300,83500,81800,83200,81152.48438,19385027,80437.19271,80313.64063
2021-05-11,82500,82600,81100,81200,79201.6875,28996680,80079.54948,80216.10156
2021-05-12,80800,81200,79800,80000,78031.22656,35812268,79461.79948,79708.89844
2021-05-13,78900,79600,78400,78500,76568.14063,31490096,77933.6849,78967.60313
2021-05-14,79000,80300,78900,80100,78128.75781,16450920,77576.04167,78616.45938
2021-05-17,80800,80900,79200,79600,77641.07031,17740855,77445.98958,77914.17656
2021-05-18,79600,80000,79100,79600,77641.07031,17494407,77803.63281,77602.05312
2021-05-20,79400,79700,79100,79500,77543.52344,16541828,77608.55469,77504.5125
2021-05-21,80100,81500,79800,80100,78128.75781,20961714,77771.11719,77816.63594
2021-05-24,80100,80400,79500,79700,77738.60938,13398666,77803.63021,77738.60625
2021-05-25,80000,80400,79800,79900,77933.6875,13628942,77933.6849,77797.12969
2021-05-26,80400,80500,79700,79800,77836.14844,11984359,77836.14844,77836.14531
2021-05-27,80000,80000,79100,79600,77641.07031,23198510,77803.63542,77855.65469
2021-05-28,79800,80400,79400,80100,78128.75781,12360199,77868.65885,77855.65469
2021-05-31,80300,80600,79600,80500,78518.91406,13321324,78096.24739,78011.71562
2021-06-01,80500,81300,80100,80600,78616.46094,14058401,78421.3776,78148.27031
2021-06-02,80400,81400,80300,80800,78811.54688,16414644,78648.97396,78343.35
2021-06-03,81300,83000,81100,82800,80762.3125,29546007,79396.77344,78967.59844
2021-06-04,82700,82700,81500,82200,80177.08594,18112259,79916.98177,79377.26406
2021-06-07,82700,82800,81600,81900,79884.47656,16496197,80274.625,79650.37656
2021-06-08,82300,82600,81800,81900,79884.47656,12781226,79982.01302,79903.97969
2021-06-09,81500,82000,81100,81100,79104.15625,14908823,79624.36979,79962.50156
2021-06-10,81300,81400,80900,81000,79006.61719,17586995,79331.75,79611.3625
2021-06-11,81200,81700,80700,81000,79006.61719,14087962,79039.13021,79377.26875
2021-06-14,80800,80900,80500,80500,78518.91406,10550078,78844.04948,79104.15625
2021-06-15,80900,81200,80600,80900,78909.07031,10075685,78811.53385,78909.075
2021-06-16,81500,81900,81100,81800,79786.92188,14999855,79071.63542,79045.62813
2021-06-17,81100,81300,80700,80900,78909.07031,14007385,79201.6875,79026.11875
2021-06-18,81100,81100,80500,80500,78518.91406,14916721,79071.63542,78928.57812
2021-06-21,79700,80000,79600,79900,77933.6875,16063340,78453.89062,78811.53281
2021-06-22,80200,80300,79900,80000,78031.22656,11773365,78161.27604,78635.96406
2021-06-23,80500,80600,79900,80100,78128.75781,13856548,78031.22396,78304.33125
2021-06-24,80400,81400,80100,81200,79201.6875,18771080,78453.89062,78362.85469
2021-06-25,81500,81900,81200,81600,79591.84375,13481405,78974.09635,78577.44062
2021-06-28,81700,82000,81600,81900,79884.47656,11578529,79559.33594,78967.59844
2021-06-29,81900,82100,80800,81000,79356.40625,15744317,79610.90885,79232.63437
2021-06-30,81100,81400,80700,80700,79062.49219,13288643,79434.45833,79419.38125
2021-07-01,80500,80600,80000,80100,78474.66406,13382882,78964.52083,79273.97656
2021-07-02,80000,80400,79900,80000,78376.69531,8753097,78637.95052,79030.94687
2021-07-05,80100,80800,80000,80400,78768.57031,8330969,78539.97656,78807.76562
2021-07-06,80600,81200,80500,81200,79552.34375,12131651,78899.20312,78846.95312
2021-07-07,81200,81300,80300,80800,79160.46875,15992202,79160.46094,78866.54844
2021-07-08,81100,81200,79900,79900,78278.72656,16660998,78997.17969,78827.36094
2021-07-09,79600,79800,79000,79400,77788.875,22720577,78409.35677,78709.79687
2021-07-12,79900,80000,79500,79700,78082.78125,9768108,78050.1276,78572.63906
2021-07-13,80000,80200,79800,79800,78180.75781,9863450,78017.47135,78298.32187
2021-07-14,79400,79600,79100,79500,77886.83594,11575636,78050.125,78043.59531
2021-07-15,79800,80600,79500,80600,78964.52344,13766279,78344.03906,78180.75469
2021-07-16,80100,80100,79500,79800,78180.75781,10859399,78344.03906,78259.13125
2021-07-19,79100,79200,78800,79000,77396.97656,13155414,78180.7526,78121.97031
2021-07-20,78500,79000,78400,79000,77396.97656,12456646,77658.23698,77965.21406
2021-07-21,79000,79100,78500,78500,76907.13281,12355296,77233.69531,77769.27344
2021-07-22,79000,79800,78900,79700,78082.78125,12618790,77462.29687,77592.925
2021-07-23,79700,79900,79200,79300,77690.89844,9098910,77560.27083,77494.95312
2021-07-26,79400,79500,78800,78800,77201.03906,10040975,77658.23958,77455.76562
2021-07-27,79200,79400,78500,78500,76907.13281,11427693,77266.35677,77357.79687
2021-07-28,78300,79200,78100,79200,77592.92969,12743417,77233.70052,77494.95625
2021-07-29,78800,79400,78800,79000,77396.97656,14360453,77299.01302,77357.79531
2021-07-30,78900,78900,78500,78500,76907.13281,13823411,77299.01302,77201.04219
2021-08-02,79200,79500,78700,79300,77690.89844,11739124,77331.66927,77299.01406
2021-08-03,79400,81400,79300,81400,79748.28906,24339360,78115.4401,77867.24531
2021-08-04,82200,83100,81800,82900,81217.84375,25642368,79552.34375,78592.22812
2021-08-05,83300,83300,82000,82100,80434.08594,18485469,80466.73958,79199.65
2021-08-06,81900,82500,81300,81500,79846.25781,13342623,80499.39583,79787.475
2021-08-09,81500,82300,80900,81500,79846.25781,15522581,80042.20052,80218.54687
2021-08-10,82300,82400,80100,80200,78572.63281,20362639,79421.71614,79983.41562
2021-08-11,79600,79800,78500,78500,76907.13281,30241137,78442.00781,79121.27344
2021-08-12,77100,78200,76900,77000,75437.57031,42365223,76972.44531,78121.97031
2021-08-13,75800,76000,74100,74400,72890.32813,61270643,75078.34375,76730.78437
2021-08-17,74000,75100,74000,74200,72694.39063,30944847,73674.09636,75300.41094
2021-08-18,73900,74600,73100,73900,72400.46875,29192631,72661.72917,74065.97813
2021-08-19,73500,74400,73100,73100,71616.70313,22166298,72237.1875,73007.89219
2021-08-20,73500,73900,72500,72700,71224.82031,22364803,71747.33073,72165.34219
2021-08-23,73300,74000,73000,73300,71812.64844,19384648,71551.39063,71949.80625
2021-08-24,73900,75700,73900,75600,74065.97656,21016913,72367.8151,72224.12344
2021-08-25,76200,76600,74900,75700,74163.94531,22319664,73347.52344,72576.81875
2021-08-26,76100,76200,74600,74600,73086.26563,16671494,73772.0625,72870.73125
2021-08-27,74300,75000,73800,74300,72792.35156,15172748,73347.52083,73184.2375
2021-08-30,75400,75500,74200,74600,73086.26563,12686999,72988.29427,73438.96094
2021-08-31,74900,76700,74300,76700,75143.65625,24630370,73674.09115,73654.49688
2021-09-01,76700,77100,75900,76800,75241.625,16114775,74490.51563,73870.03281
2021-09-02,76800,76800,75700,76000,74457.85938,15347486,74947.71354,74144.35156
2021-09-03,76400,76700,76000,76600,75045.69531,12096419,74915.0599,74595.02031
2021-09-06,76800,77600,76600,77300,75731.48438,12861180,75078.34636,75124.06406
2021-09-07,77100,77100,75900,76100,74555.82813,13239401,75111.00261,75006.49844
2021-09-08,76000,76400,75600,76300,74751.77344,11798147,75013.02865,74908.52813
2021-09-09,76400,76600,75000,75300,73772.07031,17600770,74359.89063,74771.37031
2021-09-10,75300,75600,74800,75300,73772.07031,10103212,74098.63802,74516.64531
2021-09-13,75200,76300,75100,76300,74751.77344,11397775,74098.63802,74320.70313
2021-09-14,77100,77700,76600,76600,75045.69531,18167057,74523.17969,74418.67656
2021-09-15,77400,77400,76400,77000,75437.57031,12829128,75078.34635,74555.83594
2021-09-16,77300,77400,76100,76100,74555.82813,13067622,75013.03125,74712.5875
2021-09-17,76300,77200,75900,77200,75633.50781,16289502,75208.96875,75084.875
2021-09-23,77500,77600,76800,77400,75829.45313,17055590,75339.59636,75300.41094
2021-09-24,77600,77700,77100,77300,75731.48438,12247274,75731.48177,75437.56875
2021-09-27,77300,77700,77000,77700,76123.35938,11699798,75894.76563,75574.72657
2021-09-28,77700,77800,76200,76300,74751.77344,15406382,75535.53907,75613.91563
2021-09-29,74800,75300,73800,74100,72941.51563,23992458,74605.54948,75075.51719
2021-09-30,74300,74800,73700,74100,72941.51563,19919361,73544.9349,74497.92969
2021-10-01,73900,74000,72900,73200,72055.59375,15803395,72646.20834,73762.75157
2021-10-05,73000,73000,71400,72200,71071.22656,24013921,72022.77865,72752.325
2021-10-06,72600,72800,71200,71300,70185.30469,18956962,71104.04167,71839.03125
2021-10-07,71600,72100,71300,71600,70480.60156,13683532,70579.04427,71346.84844
2021-10-08,72300,72400,71500,71500,70382.17188,14043287,70349.35938,70834.97969
2021-10-12,70700,70900,68700,69000,67921.25781,31001484,69594.67708,70008.1125
2021-10-13,68700,69600,68300,68800,67724.375,24172015,68675.9349,69338.74219
2021-10-14,69000,69800,68800,69400,68315,19520641,67986.8776,68964.68125
2021-10-15,70200,71000,70000,70100,69004.05469,18051612,68347.8099,68669.37188
2021-10-18,70200,70300,69200,70200,69102.49219,13486391,68807.18229,68413.43594
2021-10-19,70800,71000,70400,70600,69496.24219,9507991,69200.92969,68728.43281
2021-10-20,70700,71000,70200,70300,69200.92969,10151638,69266.55469,69023.74375
2021-10-21,70300,70600,70000,70200,69102.49219,10891094,69266.55469,69181.24219
2021-10-22,70000,70700,70000,70400,69299.36719,8395448,69200.92969,69240.30469
2021-10-25,69900,70600,69500,70200,69102.49219,10029621,69168.11719,69240.30469
2021-10-26,70600,71500,70400,71100,69988.42188,10528252,69463.42709,69338.74063
2021-10-27,71000,71000,70000,70100,69004.05469,10295316,69364.98959,69299.36563
2021-10-28,69500,72200,69500,70700,69594.67969,20644902,69529.05209,69397.80313
2021-10-29,71200,71600,69700,69800,68708.74219,17016151,69102.49219,69279.67813
2021-11-01,70200,70600,69900,69900,68807.1875,11503729,69036.86979,69220.61719
2021-11-02,70800,72200,70700,71500,70382.17188,16812570,69299.36719,69299.36719
2021-11-03,71700,71700,70100,70400,69299.36719,12770428,69496.24219,69358.42969
2021-11-04,71200,71600,70500,70600,69496.24219,11818987,69725.92709,69338.74219
2021-11-05,71600,71600,70200,70200,69102.49219,12667743,69299.36719,69417.49219
2021-11-08,70400,70600,69800,70600,69496.24219,11121981,69364.99219,69555.30313
2021-11-09,70300,71000,70100,70500,69397.80469,11159589,69332.17969,69358.42969
2021-11-10,70300,70900,70200,70200,69102.49219,9422009,69332.17969,69319.05469
2021-11-11,69900,70000,69600,69900,68807.1875,11489122,69102.49479,69181.24375
2021-11-12,70200,70900,69900,70600,69496.24219,10087450,69135.30729,69259.99375
2021-11-15,71700,71900,70900,71400,70283.73438,12420710,69529.05469,69417.49219
2021-11-16,71500,72000,71300,71300,70185.30469,10919239,69988.42709,69574.99219
2021-11-17,71300,71600,70600,70700,69594.67969,11027606,70021.23959,69673.42969
2021-11-18,70700,71000,70200,70200,69102.49219,10144957,69627.49219,69732.49063
2021-11-19,70400,71400,70100,71200,70086.85938,11954728,69594.67709,69850.61407
2021-11-22,73300,75200,73000,74900,73729.01563,27506623,70972.78907,70539.67032
2021-11-23,76000,76000,74500,75300,74122.76563,22029195,72646.21355,71327.1625
2021-11-24,76000,76200,74100,74800,73630.57813,15652305,73827.45313,72134.34219
2021-11-25,75100,75100,73600,73700,72547.78125,12559258,73433.70834,72823.4
2021-11-26,73500,74100,72000,72300,71169.67188,13002242,72449.34375,73039.9625
2021-11-29,71700,73000,71400,72300,71169.67188,16682559,71629.04167,72528.09375
2021-11-30,73200,73900,70500,71300,70185.30469,30364841,70841.54948,71740.60157
2021-12-01,72000,74800,71600,74400,73236.82813,21954856,71530.60157,71661.85157
2021-12-02,73900,75800,73800,75800,74614.94531,23652940,72679.02604,72075.28438
2021-12-03,75600,76000,74100,75600,74418.07031,18330240,74089.94792,72724.96406
2021-12-06,75100,76700,74900,76300,75107.125,16391250,74713.38021,73512.45469
2021-12-07,76100,77700,75600,77400,76189.92969,19232453,75238.375,74713.37969
2021-12-08,78300,78600,77100,77400,76189.92969,21558340,75828.99479,75304
2021-12-09,77400,78200,77000,78200,76977.42188,21604528,76452.42709,75776.49531
2021-12-10,77400,77600,76800,76900,75697.75,9155219,76288.36719,76032.43125
2021-12-13,77200,78300,76500,76800,75599.3125,15038750,76091.49479,76130.86875
2021-12-14,76500,77200,76200,77000,75796.17969,10976660,75697.7474,76052.11875
2021-12-15,76400,77600,76300,77600,76386.80469,9584939,75927.43229,76091.49375
2021-12-16,78500,78500,77400,77800,76583.67188,11996128,76255.55209,76012.74375
2021-12-17,76800,78000,76800,78000,76780.55469,13108479,76583.67709,76229.30469
2021-12-20,77600,77800,76800,77100,75894.61719,11264375,76419.61459,76288.36563
2021-12-21,77900,78300,77500,78100,76878.98438,14245298,76518.05209,76504.92657
2021-12-22,78900,79400,78800,79400,78158.65625,17105892,76977.41927,76859.29688
2021-12-23,79800,80000,79300,79900,78650.85156,13577498,77896.16406,77272.73281
2021-12-24,80200,80800,80200,80500,79241.46875,12086380,78683.65885,77764.91563
2021-12-27,80600,80600,79800,80200,78946.14844,10783368,78946.15625,78375.22188
2021-12-28,80200,80400,79700,80300,79044.58594,18226325,79077.40104,78808.34219
2021-12-29,80200,80200,78500,78800,77918.32813,19794795,78636.35417,78760.27656
2021-12-30,78900,79500,78100,78300,77423.92969,14236700,78128.94792,78514.89219
2022-01-04,78800,79200,78300,78700,77819.45313,12427416,77720.57032,78230.48907
2022-01-05,78800,79000,76400,77400,76533.99219,25470640,77259.125,77748.05782
2022-01-06,76700,77600,76600,76900,76039.58594,12931954,76797.67709,77147.05782
2022-01-07,78100,78400,77400,78300,77423.92969,15163757,76665.83594,77048.17813
2022-01-10,78100,78100,77100,78000,77127.28906,9947422,76863.60156,76988.85
2022-01-11,78400,79000,78000,78900,78017.21094,13221123,77522.8099,77028.40156
2022-01-12,79500,79600,78600,78900,78017.21094,11000502,77720.57031,77325.04531
2022-01-13,79300,79300,77900,77900,77028.39844,13889401,77687.60677,77522.80781
2022-01-14,77700,78100,77100,77300,76435.11719,10096725,77160.24219,77325.04531
2022-01-17,77600,77800,76900,77500,76632.88281,8785122,76698.79948,77226.16406
2022-01-18,77600,77800,76600,77000,76138.46875,9592788,76402.15625,76850.41563
2022-01-19,76500,76900,76100,76300,75446.30469,10598290,76072.55208,76336.23438
2022-01-20,76200,76700,75900,76500,75644.0625,9708168,75742.94531,76059.36719
2022-01-21,75800,75800,74700,75600,74754.14063,15774888,75281.50261,75723.17188
2022-01-24,75400,75800,74700,75100,74259.73438,13691134,74885.97917,75248.54219
2022-01-25,74800,75000,73200,74000,73172.03906,17766704,74061.97136,74655.25625
2022-01-26,74000,74000,74000,74000,73172.03906,0,73534.60417,74200.40313
2022-01-27,73800,74000,71300,71300,70502.25,22274777,72282.10937,73172.04063
2022-01-28,71300,73700,71200,73300,72479.875,21367447,72051.38802,72717.1875
2022-02-03,74900,74900,73300,73300,72479.875,17744721,71820.66667,72361.21562
2022-02-04,74300,74600,73400,74000,73172.03906,12730034,72710.59635,72361.21562
2022-02-07,73500,73600,72400,73000,72183.22656,14240838,72611.71354,72163.45312
2022-02-08,73000,73000,73000,73000,72183.22656,0,72512.83073,72499.64844
2022-02-09,73000,73000,73000,73000,72183.22656,0,72183.22656,72440.31875
2022-02-10,75600,75800,74700,75400,74556.375,17746033,72974.27604,72855.61875
2022-02-11,75000,75500,74600,74900,74061.96875,12205407,73600.52344,73033.60469
2022-02-14,74400,74500,73100,73700,72875.39844,13993255,73831.2474,73172.03906
2022-02-15,74100,74200,73100,73700,72875.39844,9320365,73270.92188,73310.47344
2022-02-16,74600,74900,74200,74800,73963.08594,10767386,73237.96094,73666.44531
2022-02-17,75000,75600,74500,75000,74160.85156,13605382,73666.44531,73587.34063
2022-02-18,74600,74800,73700,74300,73468.67969,10122226,73864.20573,73468.68281
2022-02-21,74300,74300,74300,74300,73468.67969,0,73699.40365,73587.33906
2022-02-22,74300,74300,74300,74300,73468.67969,0,73468.67969,73705.99531
2022-02-23,74300,74300,74300,74300,73468.67969,0,73468.67969,73607.11406
2022-02-24,72300,72300,71300,71500,70700.00781,15759283,72545.78906,72914.94531
2022-02-25,72100,72600,71900,71900,71095.53906,13168484,71754.74219,72440.31719
2022-02-28,71900,71900,71900,71900,71095.53906,0,70963.69531,71965.68906
2022-03-02,72300,72400,71500,71700,70897.76563,12481430,71029.61458,71451.50625
2022-03-03,72300,73100,72200,72900,72084.34375,13232638,71359.21615,71174.63906
2022-03-04,72900,72900,72900,72900,72084.34375,0,71688.81771,71451.50625
2022-03-07,70000,70600,69900,70100,69315.67188,18617138,71161.45313,71095.53281
2022-03-08,68800,70000,68700,69500,68722.39063,15828269,70040.80209,70620.90313
2022-03-10,69500,69500,69500,69500,68722.39063,0,68920.15105,70185.82813
2022-03-11,70500,70700,69700,70000,69216.79688,15787655,68887.19271,69612.31875
2022-03-14,70000,70200,69600,70200,69414.55469,9040993,69117.91407,69078.36094
2022-03-15,70200,70200,70200,70200,69414.55469,0,69348.63542,69098.1375
2022-03-16,70200,70500,69700,70400,69612.32031,10175750,69480.47656,69276.12344
2022-03-17,70400,70400,70400,70400,69612.32031,0,69546.39844,69454.10938
2022-03-18,70600,70900,70200,70700,69908.96094,14410038,69711.20052,69592.54219
2022-03-21,70900,71000,69900,69900,69117.91406,11169002,69546.39844,69533.21406
2022-03-22,69900,70500,69900,70300,69513.4375,9402666,69513.4375,69552.99062
2022-03-23,70600,71200,70300,70500,69711.20313,12398025,69447.51823,69572.76719
2022-03-24,69600,70300,69600,69800,69019.03125,37943357,69414.55729,69454.10938
2022-03-25,70100,70200,69600,69800,69019.03125,12986010,69249.75521,69276.12344
2022-03-28,69500,69900,69200,69700,68920.14844,12619289,68986.07031,69236.57031
2022-03-29,70000,70300,69800,70200,69414.55469,13686208,69117.91146,69216.79375
2022-03-30,70300,70500,69800,69900,69475.1875,12670187,69269.96354,69169.59063
2022-03-31,69900,70200,69600,69600,69177.00781,12510366,69355.58333,69201.18594
2022-04-01,69500,69500,69000,69100,68680.04688,15916846,69110.7474,69133.38906
2022-04-04,68900,69300,68600,69300,68878.82813,11107905,68911.96094,69125.125
2022-04-05,69400,69600,69100,69200,68779.4375,8467248,68779.4375,68998.10156
2022-04-06,68600,68800,68500,68500,68083.69531,15517308,68580.65365,68719.80313
2022-04-07,68500,68500,68000,68000,67586.73438,20683327,68149.95573,68401.74844
2022-04-08,68100,68300,67700,67800,67387.94531,15453191,67686.125,68143.32813
2022-04-11,67800,68100,67400,67900,67487.34375,12263735,67487.34115,67865.03125
2022-04-12,67600,67700,67000,67000,66592.8125,13924389,67156.03385,67427.70625
2022-04-13,67300,69000,67200,68700,68282.47656,17378619,67454.21094,67467.4625
2022-04-14,68700,68700,67500,67500,67089.77344,16409494,67321.6875,67368.07031
2022-04-15,67200,67300,66500,66600,66195.24219,13176415,67189.16406,67129.52969
2022-04-18,66500,67100,66100,66700,66294.63281,10119203,66526.54948,66890.9875
2022-04-19,67100,68000,67000,67300,66890.98438,12959434,66460.28646,66950.62188
2022-04-20,67000,67400,66500,67400,66990.375,16693293,66725.33073,66692.20156
2022-04-21,67600,68300,67500,67700,67288.55469,12847448,67056.63802,66731.95781
2022-04-22,67200,67300,66700,67000,66592.8125,11791478,66957.2474,66811.47188
2022-04-25,66500,66700,66300,66300,65897.0625,11016474,66592.8099,66731.95781
2022-04-26,66400,66700,66100,66100,65698.28125,12946923,66062.71875,66493.41719
2022-04-27,65400,65500,64900,65000,64604.96484,18122084,65400.10286,66016.33516
2022-04-28,65400,65500,64500,64800,64406.17969,16895527,64903.14193,65439.86016
2022-04-29,65100,67600,65000,67400,66990.375,26190390,65333.83984,65519.37266
2022-05-02,66600,67600,66500,67300,66890.98438,14106184,66095.84636,65718.15703
2022-05-03,67400,68400,67300,67500,67089.77344,14168875,66990.37761,65996.45547
2022-05-04,68000,68400,67500,67900,67487.34375,11505248,67156.03386,66572.93125
2022-05-06,67000,67100,66500,66500,66095.85156,14356156,66890.98958,66910.86563
2022-05-10,65900,66300,65300,65700,65300.71094,17235605,66294.63542,66572.93281
2022-05-11,65500,66300,65200,65700,65300.71094,12330920,65565.75781,66254.87813
2022-05-12,65200,65500,64900,64900,64505.57422,16414188,65035.66537,65738.03828
2022-05-13,65300,66700,65200,66500,66095.85156,14551536,65300.71224,65459.73984
2022-05-16,67100,67400,66100,66300,65897.0625,11937555,65499.49609,65419.98203
2022-05-17,66600,67900,66600,67600,67189.16406,15680447,66394.02604,65797.67266
2022-05-18,68300,68700,67600,68100,67686.125,16486319,66924.11719,66274.75547
2022-05-19,66500,67600,66500,67500,67089.77344,17073727,67321.6875,66791.59531
2022-05-20,67800,68400,67700,68000,67586.73438,12109671,67454.21094,67089.77188
2022-05-23,68800,68800,67600,67900,67487.34375,13684088,67387.95052,67407.82813
2022-05-24,67500,67700,66500,66500,66095.85156,15482576,67056.64323,67189.16563
2022-05-25,66700,67100,65900,66400,65996.45313,15150490,66526.54948,66851.23125
2022-05-26,66300,67200,65500,65900,65499.49609,15970890,65863.93359,66533.17578
2022-05-27,66700,66900,66200,66500,66095.85156,11405555,65863.93359,66234.99922
2022-05-30,67500,67800,66900,67700,67288.55469,14255484,66294.63411,66195.24141
2022-05-31,67500,67500,66700,67400,66990.375,24365002,66791.59375,66374.14609
2022-06-02,66600,67000,66400,66700,66294.63281,14959443,66857.85417,66433.78203
2022-06-03,67200,67300,66800,66800,66394.02344,8222883,66559.67708,66612.6875
2022-06-07,66200,66400,65400,65500,65101.92578,19355755,65930.19401,66413.90234
2022-06-08,65400,65700,65300,65300,64903.14063,12483180,65466.36328,65936.81953
2022-06-09,65100,65200,64500,65200,64803.75,25790725,64936.27214,65499.49453
2022-06-10,64000,64400,63800,63800,63412.25781,22193552,64373.04948,64923.01953
2022-06-13,62400,62800,62100,62100,61722.58984,22157816,63312.86588,63988.73281
2022-06-14,61200,62200,61100,61900,61523.80469,24606419,62219.55078,63273.10859
2022-06-15,61300,61500,60200,60700,60331.09766,26811224,61192.4974,62358.7
2022-06-16,61300,61800,60500,60900,60529.88281,23394895,60794.92839,61503.92656
2022-06-17,59400,59900,59400,59800,59436.56641,29053450,60099.18229,60708.78828
2022-06-20,59800,59900,58100,58700,58343.25391,34111306,59436.56771,60032.9211
2022-06-21,58700,59200,58200,58500,58144.46875,25148109,58641.42969,59357.05391
2022-06-22,59000,59100,57600,57600,57249.9375,23334687,57912.55339,58740.82188
2022-06-23,57700,58000,56800,57400,57051.15234,28338608,57481.85286,58045.07578
2022-06-24,57900,59100,57700,58400,58045.07422,23256103,57448.72135,57766.77734
2022-06-27,59000,59900,58300,58800,58442.64453,18122236,57846.29036,57786.65547
2022-06-28,59200,59500,58700,59400,59039,13540538,58508.90625,57965.56172
2022-06-29,58500,58800,58000,58000,58000,14677138,58493.88151,58115.57422
2022-06-30,57200,57600,57000,57000,57000,18915142,58013,58105.34375
2022-07-01,56900,57500,55900,56200,56200,24982097,57066.66667,57736.32891
2022-07-04,56100,57400,55700,57100,57100,17807126,56766.66667,57467.8
2022-07-05,57600,58200,57200,57200,57200,14216539,56833.33333,57100
2022-07-06,57300,57300,56400,56400,56400,16820461,56900,56780
2022-07-07,56400,58700,56300,58200,58200,21322833,57266.66667,57020
2022-07-08,58600,59300,58200,58700,58700,15339271,57766.66667,57520
2022-07-11,59300,59600,58700,58800,58800,13042624,58566.66667,57860
2022-07-12,58600,58700,58100,58100,58100,9336061,58533.33333,58040
2022-07-13,58300,58600,58000,58000,58000,10841315,58300,58360
2022-07-14,57500,58200,57400,57500,57500,15067012,57866.66667,58220
2022-07-15,58400,60000,58100,60000,60000,18685583,58500,58480
2022-07-18,60600,62000,60500,61900,61900,20832517,59800,59100
2022-07-19,61400,61500,60200,60900,60900,15248261,60933.33333,59660
2022-07-20,61800,62100,60500,60500,60500,16782238,61100,60160
2022-07-21,61100,61900,60700,61800,61800,12291374,61066.66667,61020
2022-07-22,61800,62200,61200,61300,61300,10261310,61200,61280
2022-07-25,60900,61900,60800,61100,61100,9193681,61400,61120
2022-07-26,60800,61900,60800,61700,61700,6597211,61366.66667,61280
2022-07-27,61300,61900,61200,61800,61800,7320997,61533.33333,61540
2022-07-28,62300,62600,61600,61900,61900,10745302,61800,61560
2022-07-29,62400,62600,61300,61400,61400,15093120,61700,61580
2022-08-01,61000,61700,60300,61300,61300,13154816,61533.33333,61620
2022-08-02,61200,61900,61000,61700,61700,13614895,61466.66667,61620
2022-08-03,61600,61600,61000,61300,61300,10053861,61433.33333,61520
2022-08-04,61700,61800,61200,61500,61500,9125439,61500,61440
2022-08-05,61700,61900,61200,61500,61500,9567620,61433.33333,61460
2022-08-08,61400,61400,60600,60800,60800,11313150,61266.66667,61360
2022-08-09,60600,60700,59600,60000,60000,18251170,60766.66667,61020
2022-08-10,58900,59200,58600,59100,59100,18084349,59966.66667,60580
2022-08-11,59600,60000,59300,59900,59900,15141941,59666.66667,60260
2022-08-12,59500,60700,59400,60200,60200,10786658,59733.33333,60000
